PC1,PC2,PC3,PC4,PC5,PC6,PC7,PC8,PC9,PC10
-1.2984072605307282,2.3176560279711875,-0.26717165453776603,0.811373653894115,0.7481492554626971,-1.7303584830597873,1.183798318754129,0.6877626235357241,-0.24958819848953978,-0.083835798895822
-1.2051246791572119,0.31016160415739524,0.5225100658750512,0.7075903211208682,0.5752796004508015,-1.463366918025274,1.2041647190810332,0.001594746449883071,-0.5109668054775625,-0.1786054961147173
-0.699437859307545,2.1480169580159094,0.9447424626443401,3.646596653810654,-0.25384442091985576,-1.1534801168708846,0.32334101838485696,0.4424327608249619,0.14192392667508108,-0.31151188702406224
-2.2550040255673363,2.458440171848113,-0.28087231621905046,1.671337667188599,-1.2883500922998703,-2.144631597797762,1.113123964102345,0.41957026715680573,0.23608132061740442,-0.7185652976722243
-1.8513000698884075,1.9072618911788082,0.4366748191686911,2.314343894361493,-0.6397875490590775,-1.8923913090876376,0.9147550040362125,0.9529484059760235,0.2574074090803705,-0.8401016105257872
-2.369726388226286,1.0430510483622035,0.4972129927318094,1.5384478006233138,-1.0352856119769607,-1.8334585114474389,0.7501700691910058,0.6102765260107561,-0.17385059721562757,-0.31814248137342177
-2.4972998254682306,1.8974458370192315,0.23089876895012917,1.4400587980347126,-0.4113801049997651,-1.9393081612046938,0.7458848303917801,1.0210808859586267,-0.3020632950979999,-0.23187311344587827
-3.69083836302969,2.376819901088179,-0.15529549598497638,1.6548929803514962,-2.0561764352341267,-2.3370603280783055,0.5742211434742823,0.968050685597193,-0.38017853303802446,-0.13521954098815267
-0.8339515281738397,-1.6563769038805234,3.3941093606288932,6.422003774506363,-2.359394797237502,-1.6626371911059732,0.05695148396906397,1.1474613798402833,0.3422447831354352,-0.6973106108305904
-3.3049293764790963,-1.0013539236516484,0.6320075794138167,2.0576166236585123,-2.947868468194522,-2.1711509882504454,0.4409493576392419,1.287100291134664,1.2473852584312664,-1.1116228185694244
-4.87763436888695,-2.4931552451256778,0.509613100006236,2.4495493804293615,-5.560714115356777,-2.4546532185297982,0.25808962573029465,0.8855878636861377,1.4447693835215276,-1.2552564251247988
-3.581739681690409,-0.7035206848569392,0.419044982053457,2.435795375398127,-1.0590886913411743,-1.0863694469149434,-0.41292655439851594,2.3686230880060704,1.1587136634858461,-1.1701800227128945
-2.5860295992182403,-1.5345812749315817,0.7247975388835296,2.6202850413324317,-0.13471121789538554,-0.8902292173411155,-0.07349273085141834,2.3252551955805014,1.0030016276094555,-0.9691050813398611
-3.638235507045439,-4.038931822675827,0.7822803604664744,1.1014374759001757,-2.2537734740937934,-1.1691749674776721,0.1481035305655176,1.1353494617734017,0.7685901952384527,-0.629346769515454
-2.9564851547550077,-3.185329151569717,0.7780286728314104,2.106765765013254,-1.4320593161177235,-0.6897550449165685,-0.41504923644881503,1.3575857243110039,1.2700824355593896,-0.7215863936059094
-3.6553413782928508,-1.3893300555374704,-0.5975797962678863,1.0773282225477014,-0.3575463813086963,-0.17820935033140342,-0.30762902989081564,2.333291889700642,1.5241006080984048,-0.8763753519634901
-3.0192716490054554,-3.131548058244029,0.37094050721693717,1.6242044269190756,-0.6344570013976821,-0.3958884467470897,0.15762420678783845,1.7815947516804158,1.2079614670415324,-0.7880889184447919
-0.25129302630705286,-0.849556593734015,1.681684360690369,6.217735031164366,-0.4637018830365385,0.09420889330576825,-0.49149632118701364,1.8474826169652712,2.245888375745287,-0.9798212101700728
-1.1494953897219216,-1.4519582591349263,0.18450213113682326,1.7869373287405537,-0.01287870416388797,-1.4588638000324559,0.8232014652128903,1.1143586122720384,1.9079972838645105,-2.0332173121972335
-1.0292008743176633,-1.2221575795786883,-0.06901268601492015,1.1393557114941977,0.5112621307525477,-0.7465731899329164,0.572412079192212,0.7389952740417335,1.210073185454575,-1.1675878793096608
-1.9173615910621082,0.6423709801881523,-0.9665926070491392,1.53266477052077,-1.0886397144077489,-0.7644952098935158,0.5122109090953407,-0.04827893148709157,1.0470338589235433,-0.6697922944190962
-1.5714593047618417,-0.3144634169156512,-0.5652896734708603,1.2463313162021443,-0.23059235358618607,-1.0124319799865364,0.9631680925422785,0.04612985721968686,0.6164903184713074,-0.7780778670333208
0.43015483852861597,-0.11931206873925333,0.164087067956018,1.0392223377066296,2.9937680702249003,-0.34161896688480864,0.7732173639310775,0.22400158833621958,0.15826304266035923,-0.6625757318127176
-0.6650597335588007,-0.21136706399269356,-0.7320751477531656,0.16872362958837397,0.633924121133413,-0.9003785926448209,1.1907823090493508,-0.5454085208560842,0.6304071709719778,-0.9902171233935347
-1.5028933389673387,-0.5821338264883815,-0.8226974421679687,-0.049140499352915507,0.3570685360000262,-0.7080614015992285,0.8512063681305312,0.13426210974770747,0.4630571266693639,-0.3454410465337816
-0.8257238449900862,-1.4436758217672083,0.36352351383181525,2.8002824150515964,-0.8104932058367094,-0.15759349214383686,0.22454065427834094,0.016781788453882496,0.5249030341406253,0.19080845733807653
-1.1504718911544385,-0.1668212291176673,-0.7986433250708972,1.0453643982678238,0.38755489946705607,-0.34547852092729847,0.312512393954848,0.15307018778422377,0.714434807395742,-0.7104269164154157
-0.5293335474311432,-1.1354089270535956,0.06734476516751005,1.681569249765974,0.411698940451926,-0.4690296168845182,0.4456729915541232,-0.14403617135692465,0.42472598444451193,-0.4641051697988082
-1.644553930565204,-0.2442432069505314,-0.9357979640746124,0.30852234585835014,-1.0484849778015612,-0.43670927163404305,0.08659437370477324,-0.7998156056215863,0.37284492624757126,-1.0752622596544565
-2.6060610358816376,1.5936692643133403,-1.368797467379903,0.7137173525497786,0.38139068055385994,-0.45726082474211277,0.04009305411077256,0.5709333378772203,0.20708736156476273,-0.714959439289661
-3.821502213536649,-0.6756464702754904,-1.1640791821739311,0.056533804782701196,-1.761443209976658,-0.828546295727794,0.3398144234058495,-0.3254415643280745,-0.44122950609385203,-0.4076464979048129
-3.0452952994510287,-1.9258249822335871,-0.332628314804323,0.8347819733381835,-0.7576399296297353,-0.23317617517192377,-0.012778986633243297,-0.04476136882511849,-0.30666048836105714,-0.30682844014297017
-2.908979114623664,-0.9592136201430264,-0.7741476529920773,0.30929288145824185,1.0027652269544085,0.42461549914042546,-0.2924917595678456,0.6865454552453721,0.07455492374261327,-0.5480281925209294
-3.283507505480111,-1.527599881683897,-0.6910458049254025,0.45100542765188323,0.211014237608312,0.23553126499935037,-0.25971151735171266,0.5793728168937011,-0.016000878711471433,-0.23110328179788364
-2.779439753744864,-1.7093519271785862,-1.0118915000894952,-0.42976430736263893,1.2293016445655705,0.753911794205032,-0.4524092723289054,0.7823985119018871,0.052722918193244636,-0.7042459472430906
-2.54404389488824,-3.049637190619333,-0.020015145219778412,0.8142794906947379,0.13429267562883362,0.7853789759274614,-0.44103234412767867,0.1554965131143448,-0.20636832500925084,0.600796819522048
-2.629941515874884,-1.9172910785112414,-0.9519349216844353,-0.4546101379909266,1.4513616463115786,0.2663258224511052,-0.3113666829213685,0.857184034735402,0.6162367572835319,-0.6197524680578779
-1.5524556251010293,-2.3555875440593796,-0.38298967248361554,0.2840486269149888,1.36284638953617,0.36744825849405,0.03169011987859531,0.21607619907690442,0.31881566695497277,-0.23365147564451622
-1.7479464204299378,-0.6615798169445126,-1.394973080501756,0.018430768761390996,1.2080930390896392,0.47941436923897873,0.020777251738363218,-0.4017600712258218,-0.061778043964455485,0.16584830589851488
-2.3809329814269415,-0.593884445468526,-1.281730421882259,0.6083390815901251,-0.3783539103222058,0.4921204584915922,-0.3016726497544938,-0.7917944360195133,-0.5447011604056585,0.9368712783530508
-1.98574313267201,-1.1873732895547875,-1.404150043925893,-0.483384413647365,0.609970842743784,-0.08137586733527806,0.33819455061942627,-0.12532410171958405,-0.19094995520387098,0.13994146844946936
-1.9297533130973672,-1.7565165031769567,-1.0024140114292992,0.36906632129262446,0.12876348582174107,0.3348605234763949,-0.0970354011179196,-0.2638109372545606,-0.053521557166988025,0.26246920818562824
-2.6519552531327504,-1.572675565786157,-1.8238174580845035,-0.7874283050120193,0.24460162120557868,0.23724191339020329,0.2153537001200142,-0.07159869993856305,0.19131345759399798,0.008093215105218375
-2.1270461341775824,-0.41255573174878274,-1.5289126417001393,0.5196292704566601,0.6916469973892163,0.5219639223679161,-0.36108223047725174,0.20938182838018712,-0.20402580841307616,0.6921040902474154
-1.4808594465655496,0.33162971553470133,-1.0736813039294824,1.6213058418485995,1.2996166460442333,0.7661530501814685,-0.5955073815612765,0.47825360349006923,-0.38840841437412665,0.8709503290144104
-2.9497762859597754,-1.6091157877852658,-0.31723964139451727,3.5554786204987057,-3.9594100805202688,0.6989497938221161,-1.3537100914794076,-1.6780674785827459,-1.1880416802302816,1.9751710728977332
-3.56076485060054,-0.5006336617485192,-2.1890809908877267,-0.6829019739726254,0.04454987008851646,-0.47612794459007096,0.24285016609173307,0.5249287653094682,-0.06531186909702538,0.22345492707058615
-2.820585402266943,-0.933691136883093,-1.254625373354262,0.6121539315325173,1.049159480192767,0.47710822921601725,-0.2772211459022428,0.29246757282229435,-0.5522330817390092,0.48848548444753837
-3.7641613875003683,-1.1229103669226765,-1.9578959570266357,-0.37529420536933983,0.18669613788882644,0.1138949086925016,0.022775982752124214,0.11919057669363774,-0.2963838899227423,0.2797574841205785
-3.2661751075523946,0.005156476175886409,-1.7401133220746292,0.7606058428288515,0.9087687325136056,0.44582666277604,-0.3593320252187576,0.30194522747752606,-0.3345848701990851,0.265705142745025
-3.15973530024805,-1.1864729568803491,-1.3016948027420938,0.3771402972886616,1.0450333009721067,0.27950680992568533,-0.10877533871728846,0.3431542670627307,-0.4376012946845659,0.17308535977236753
-3.2013186234486817,-0.35132598824914857,-1.3880803216162325,0.7351710116692102,1.5094803108694173,0.49943156664159855,-0.43937226592475986,0.9245816063910199,-0.41989998481715474,0.5894903357441303
-2.639994425771728,-0.9132318098000904,-0.9420990167435062,1.0295760491727826,1.5566674485514627,0.47780868553964206,0.14859238917523077,0.3438428805335497,-0.670385891625246,0.5835692200491729
-2.335170963980193,-0.411843304446688,-1.158985494054524,0.7725386788962867,1.7776023966716903,-0.17784393345247262,0.29590627556944527,0.12102125281185803,-0.12259945891724394,-0.31662242940348667
-2.080635595132296,-0.6305955252361684,-0.9110707666851986,1.274414611129418,1.3625639772224494,9.862695312573006e-05,0.2190751551066822,-0.10018849835735671,-0.21464723832978744,0.034427564092618754
-1.613627700047348,-0.42962320314026514,-0.9545909127187671,1.0392686289275335,1.5878808954078751,-0.05639210088614081,0.35383221968840034,-0.739243922417582,-0.4104384755283397,-0.06557194939894621
-1.5472271404515794,-0.35981789234593603,-0.8138061950805111,1.492333461081718,1.2887669591109865,-0.1474858332914005,0.28477980284678656,-0.8229001590051318,-0.2771535609660845,-0.11166249656054843
-6.361863254196165,-2.557052946772133,-3.1749434490862622,-2.01250158601586,-4.696625401728832,-1.0797108528332477,0.6999297407390243,-2.9445938685652946,-0.9012830292442607,0.4769618416302823
-3.5053031020347865,-1.6683123506054116,-1.3693330724858273,0.48656128040804053,1.5150283876595685,0.5814502863526649,-0.4462674873132625,0.2087826307182549,-0.23616262420040401,-0.3402843493172755
-2.6200448968767525,-2.759146542650695,0.5891596734997419,4.778102562782422,-0.7391461166989204,1.8057823487531244,-1.4636089665201983,-0.3743278523518704,-0.6038186685898647,1.2134717886801156
-1.3827655441290585,-1.0555691398428726,1.0046063370486236,6.887539939151512,-0.8126231502742167,0.9373166429497656,-1.8305354953825987,0.06462292044629264,0.6446829651334822,-1.0572338586716894
-2.8537104168341423,-0.3605340432427205,-1.4579589574935774,1.2119976538795303,0.08855476716515404,-0.04342493485669795,-0.4983967989903161,0.02420590281835297,0.06443925781933994,-0.8076281739758895
-2.589582856554578,-0.9239338937175997,-1.2059760558471644,0.8109454019874089,1.108180602258876,0.2347992634541267,-0.29270698147444413,0.3945582503349913,-0.1266510275944936,-0.4297624458934291
-1.828707659549023,-0.7477851239370008,-0.6113874853388918,1.6344940853090737,0.9366733201723699,0.9085945777267558,-0.9557639125506996,0.18494992895315074,-0.4967666400353853,0.09241555811719052
-1.1189845900369513,1.0564300016964707,-1.3872763571615898,0.4323707937838402,1.4158068783866529,-0.47408261010465047,0.4593357110719858,-0.9023709145339577,-0.10930567683171032,-1.1206160027999554
-1.3544907225665115,2.0199656476209933,-0.7626761165502336,2.929150777073807,-0.7236282068916252,0.17544161340030218,-0.46487720822602874,-2.0253107387208837,-1.5282108582708152,0.7814696762734473
-2.9990123478146833,-0.5974147666687677,-1.7690012244617324,-1.1366725322917137,-0.9850317336111764,-1.0073800086635052,0.8378210172698572,-1.4058699154918741,-0.7334356148506127,-1.0667956597097898
-3.2652890121305953,-0.66935024611019,-1.3579633727502674,0.3502302211199594,0.4571845828884886,-0.2369022094085139,0.20039868570799496,0.1222867080066691,-0.33071043006763123,-0.024830053726833935
-2.736484595917083,-0.8677700290511267,-1.085719835961552,0.2513714800559332,1.566867419079103,-0.15656397473603048,0.1699621639155708,0.31527356705741627,-0.26035576020006773,-0.4428775111893362
-2.765030324648825,-0.36686628796865384,-1.0976408238604498,0.9213728936331097,1.1173952040459418,0.2556460943333312,-0.1950333794839347,0.10098133436423792,-0.46350558003869946,0.21910983884911442
-2.6261528431804018,-0.22643662239537662,-1.1123965362617552,1.2667997633035903,0.9228707010436406,0.3891404757057124,-0.37211080000492847,0.331715355226802,-0.4729342416341048,0.3215641039632468
-2.782747484294695,-0.9319537848244741,-1.375574843276669,-0.16403462163100122,1.3371790154162957,-0.08727331825901695,0.05610325772461193,0.3236926852829195,-0.44788054225135987,-0.19365514909079945
-1.7722690477864298,-1.3555587115195409,-0.5483701455136617,0.6954220119414882,1.9286139144623387,0.26373379865308694,-0.10447411813045805,0.6264645433049735,-0.455207444930566,0.48256996486820664
-1.581421509588862,-1.0660427656307332,-0.7689485844446975,0.8788079342942269,0.9880652542749686,-0.05360940796071551,0.24788378188174007,-0.3246227196809653,-0.08647977815800016,-0.006031628587646708
-2.1317800051449747,-0.7465249466743171,-1.0123243465292604,1.2137243756142249,-0.07346849465897887,-0.052488169549093584,0.08167274817730137,-0.8874053013890135,-0.20257623774069616,0.11584525620711157
-1.370138860541756,-0.21998932874027763,-1.2562511509640792,0.1184258345141029,1.671411536897862,-0.01535526848819929,0.20201442351886367,-0.41992539458105665,-0.24628222896060037,-0.5624788298030596
-1.3340382460107276,-0.8618775852516913,-0.855774977516717,0.6791819534701071,0.7970201079338585,-0.05141963945672368,0.22549379817278942,-0.49743500109968797,-0.2821541631449951,0.07221359239308837
-2.495535774556747,0.12027721491061034,-1.8031083331330158,-0.38506523372171825,0.2869809856411045,-0.3711022934520812,0.2678490144801687,-0.35664161039597553,-0.2583281679377168,-0.008416564735250974
-1.8985076219963422,-0.5214527985546621,-1.0340886238517488,0.5753900895123985,0.4966489773691947,-0.17213195629505412,0.17199889483625672,-0.2996449807833389,-0.48089682236550635,0.1171821858166845
-2.095457850443036,0.21998563715019895,-1.2988555648826299,0.5422159018548446,1.0531689854232607,-0.016408909155051193,0.022056892812498775,0.35108433993007676,-0.10823787779746856,-0.05079809498643477
-2.3082569007548694,0.773637555807794,-1.1647301531076835,1.2729613293228546,0.29758142668181914,0.06834340827766507,-0.18930620724495104,0.17235422897762517,-0.5568983700246273,0.5998760143610022
-2.7003728682571917,-0.9070589225348697,-1.2206883142011797,-0.38966025611697586,0.23031778566160735,-0.5222525106831453,0.4807056265735158,-0.03393045570025877,-0.48948098393713546,-0.07614293798012382
-3.506725141537381,4.427123323638473,-2.1993444519434853,0.9217393664925724,1.0151416704074456,-0.1055441472852808,-0.5625831513999258,0.8633442173868865,-0.7098280466865486,0.27287149692619794
-2.740688796453793,0.5279223688464448,-0.5854070602057285,0.3540898075324411,1.3913497796978866,-0.4302334853543433,0.8115855502025298,0.48977823386070635,-1.6977003264878534,0.15531616499738987
-2.852367488731748,2.5712803254076175,-1.0298781509574595,0.8878547538084391,1.2620226167147688,-0.48732762004426405,0.00018421411276546652,0.33333796367584073,-1.2200351438531258,0.3028581167282383
-3.0339301695705667,3.457641784858203,-1.1266504672823021,0.9200236442594968,1.468527289054596,-0.8085348332649783,0.27789503550572875,0.34243566586135826,-1.5325301827483462,0.21115734003871492
-2.1365055425237998,-1.332500113915275,0.5425748749936279,0.2226846258067361,1.4123274029003905,-0.9167995364228856,0.9489966995592654,-0.3544986567337527,-1.8049986964691302,0.1095839259378638
-1.405465790017453,-1.3918618186781293,0.6724125122543759,0.23220847860792085,0.5269941538215983,-0.4215291638682094,0.39707935170769804,-0.10959555551585766,-0.7958445844778833,0.8680061481649987
-2.3962003077692753,4.561518086303202,-1.3446374679412292,1.0850145259189217,0.2927881457005776,-0.5091396876954398,-0.32227749404511324,0.368037865354048,-0.19669828334479794,0.2248884425640397
-1.2777819191316557,0.0660771835120452,0.7619436059044392,0.5314482941697825,1.2945169086445742,-1.263159123463261,0.6554483806475022,-0.2251098759391728,-1.8977471371410408,0.5807143991647886
-1.7654121591083112,1.333148170397327,-0.3839597914981929,0.40128366410138433,0.8173924825050332,-0.5136777387904542,0.12098216661670474,-0.49018258080458926,-1.0119642809738247,-0.016099606136636014
-2.7291875135470844,4.089770416734347,-0.9058622258945908,0.6151678528499007,0.5950495959885447,-0.936719955266472,-0.19749698053775208,0.031712061148885855,-1.3436730225456017,0.17691640850920423
-2.3134387524759905,1.9465306182872613,0.24062887028526475,0.967192722050785,0.9629317677848307,-1.402461398376736,0.4647144494029434,-0.013267070784478256,-2.138399339038382,0.3818723504292016
-1.969396083362729,0.375954456442989,0.07958210548314279,0.5577651686365359,0.9358060873906204,-0.8039363810055297,0.6878854752625716,-0.39635512529047967,-1.3584938974215348,-0.06270041267028457
-2.6720759146915483,2.892329581503978,-0.7915584613653055,1.1158902213774482,0.2897909778488148,-0.3296558663661204,0.3421237913884165,0.024991625969525838,-0.7271771870059957,-0.11029433371490648
-2.6409260638053804,2.2528370583686916,-0.10806560296527282,0.4884038301096475,1.3722528005215548,-1.3939808521461539,0.4815467791516409,0.3782424469893952,-1.3827464112234444,-0.04073354848492007
-2.2867033526299765,2.685355905365655,-0.18047050547316892,1.369815128123483,0.6532783468477085,-0.9189501968720419,0.4092469780736847,0.22089077964065906,-1.526599079314533,0.6807739510040938
-2.506300200890534,2.2607699387440148,-0.2972745812185502,0.7603951727877634,0.2455295136288037,-1.264957062453396,0.5826695517546605,0.14178524284027885,-1.3943901818190623,0.3479242480003243
-3.7171035781288055,3.0871797710551165,-0.44787178216853335,1.0250198909703454,-1.051177540831826,-1.7925073907721192,0.2667553114942866,0.10258787401150896,-1.6526703038706585,0.6825695071000101
-2.9754361122441018,1.9435846980343183,0.382474402986923,1.431228566396927,0.07481270189276538,-1.3964643803229593,0.327337588787247,0.39858995181115126,-1.8099735958250804,0.31348163608854734
-4.046072945368421,6.228197179794158,-1.1749247884016012,1.336994274871701,0.4216111454954371,-1.213763296683505,-0.0732062915082095,1.0103068795142502,-1.5040590993811715,0.08838500435520089
-1.5988190203696302,-1.8313095382088556,2.2572354305900384,0.9735706458138785,1.3043210380438854,-1.678216934766208,1.2603362814239127,0.3790701504371227,-2.155666712018957,-0.0031132311705730376
-2.4548456751584156,0.5137071551408308,0.6785629305841753,0.7739951758973551,0.4621776413187627,-1.2005688232928495,0.24945232312026858,0.4019648807243142,-0.6054052422904912,-0.11615316871069108
-2.1807409669325026,1.3049240957669936,0.5866979784126322,1.254203296384035,0.8697033014288578,-0.9338956571171965,0.10089451121433372,0.5591139828742502,-0.9381144548087744,0.21636215406654935
-3.4508240228643525,5.7013967335313,-1.0014526987648418,0.8030744713377496,0.890714371791828,-1.4448725517343144,0.09964719436447103,1.0039712789377144,-1.1728053985550049,0.13676709836192188
-1.7620764202019903,0.24774265948641325,0.9171726139678373,0.08654476553832485,1.5387517935050188,-1.9449415803730958,1.4232200383068259,0.16329838629258916,-1.9163081118262968,-0.08314569852622526
-2.3142826089204624,0.4985948661257389,0.366407494378247,0.1037470862955196,0.18008037394589116,-1.3175455143883386,0.8571438509271405,-0.2695146481264457,-1.21981516097893,0.3265638385251274
-2.479584610281536,1.6898669334905732,0.3484412046646642,0.24794320338430942,0.9810110604870113,-1.8650504502199219,0.6942976517964425,0.6278582219870862,-0.8799218609000298,-0.02990366245193839
-1.3003092135459007,-0.8659916451331361,1.1487947411447827,0.34852762076230204,1.3033085843853536,-0.9406577886888748,1.0910968979877331,0.16897664724297948,-0.965263097463645,-0.21391882549711722
-1.5602359847074343,-1.278254497196454,0.701686961423654,0.5812529059788669,-0.14804923470742667,-0.5563374858461662,0.5115925886019753,-0.16806001414658808,0.06111849466776771,-0.16787231912006367
-1.5210168756321665,1.1490806444263582,0.2737574329682697,1.570573400440275,0.5329728156118416,-0.28252746127379436,-0.08396369254908197,0.49553778680008026,0.20077133334611158,-0.12258787197450753
-2.0268318503079796,-0.3416370363977761,0.46921139208528073,0.2738859380154498,0.08638524766494193,-1.6492909599596322,0.7202207209900497,0.32782482730161955,-0.441868783792021,-0.1334647616960596
-3.4725854758738683,-0.20149380572261247,-0.26679973438958593,0.7838213575547619,-2.2457225020300404,-1.0135785832307287,0.14370616448798748,-0.06289503213474475,0.1829780058348078,-0.5422201046041449
-6.354364179807809,9.903731111530842,-2.6121982150357503,1.7086691442502935,-1.775278498219743,-1.5449192502573244,-0.7213464439079146,1.482184547376947,-0.9635599432709706,0.20007502957126455
-1.9524729360350748,-4.036271820470652,5.497764735430598,4.3755379099831515,-1.076816345903151,-1.8412425400142989,0.942629691163004,0.21567020233008552,-2.9220981414621003,0.10781772593366556
-2.845294991314338,-1.1247291081230983,2.449739973433648,1.3983454257721941,-0.4040919211559973,-1.1762587726129061,0.003417757082046017,1.1317662474638335,0.9270566037353143,-1.8920153231616264
-2.6353159091542198,-0.07931079313300722,1.7987919476859062,0.8934962662413718,0.05545197150041531,-0.8548422989991521,0.20634889525708106,0.9082196777601691,0.3034760834057975,-0.8154334670074743
-2.763815999057009,-0.2575713565146136,1.5746141884802598,0.3865211239538084,0.2502577075258105,-0.8108407913168137,0.08392082091961492,0.8431036430200615,-0.16938031680896093,-0.0006031478944069235
-1.5755778487018992,-2.4744646869418294,1.7486642204385001,1.6148289009278018,-0.5936024645178384,0.16692752199654157,-0.4481112787994782,0.2729990698235016,0.8897350861650806,-0.954995659031566
-0.7800704075880288,-0.9766907692216273,1.183183477168115,2.0095549865095994,-0.30180789271662384,0.011019361825300274,-0.44114697054400187,-0.13765473150744836,0.9698065484230123,-1.1915391090424088
-0.42342294135437236,-2.985765506371404,1.8398315984678677,-0.5073501892244934,0.9510568039457072,-1.4728640093304057,0.4597346268325323,-0.3243256427110323,0.09502330677030077,-1.3832370821531335
-0.7880438383226451,-0.9078489697109342,0.13450330670127417,-0.2262750130881568,0.31774797425103657,0.4317951705025869,0.10631796749366533,-0.3094425148372326,1.0866908620975015,-1.8852179514023069
-0.9924081133694072,-0.39123676719679984,0.07674923641293478,0.24452812825499612,-0.29157351080424726,0.46024395575380583,-0.12085176575921398,-0.590844744509079,0.557487114883388,-1.3829233004279795
-1.663922385199801,-0.10480924688460093,-0.6428344256317058,-0.4781777492806642,0.0666957380336848,-0.07785063024436974,0.37572650562160664,-0.37233780737367417,0.37874930860367434,-1.1438843502532847
-1.6119936512878972,-0.84636707992561,0.012225637033681038,0.4026116620497132,-0.09552322635295257,0.20273444878966554,0.17609296228760382,-0.29373762439368173,0.31568338310623184,-0.699001746347446
-1.8971842188709762,-1.8548357011945522,-0.14963063696450807,-0.4148122400597343,-0.15735439183751337,0.06733231138456852,0.39136862291648744,-0.15959211167522724,0.6183694524378103,-1.3057904498637984
-1.5143920805866014,-1.5419505257300967,-0.1270560092386013,-0.5352708117773773,1.231450556049693,0.4751045878626383,0.10314690310544496,0.3514916661367409,0.6462290484976585,-1.1858146430185919
-2.509821619789227,-0.40121793258342875,-0.6715394064170627,0.2963851241856832,-0.3339143848374168,0.4430819671654241,-0.13822101213875773,-0.027755829747996605,0.41725429853183793,-0.36697464765773236
-1.9270585987307867,-2.4285277825195455,0.35149445339410335,-0.619281916437504,0.7299540050854502,0.14242364718262038,0.4547606459915539,0.39428561533446493,0.3665416571791674,-0.9413340220467175
-2.5567518140232317,-1.5496392284392362,0.03532230915346174,1.0502087407741367,-1.718955941827639,0.9890661896279089,-0.7404030952099697,-0.4701177673125955,0.03354919046409518,0.7077037043984178
-2.362786426981751,-2.905578123409619,0.6111160158229926,1.3909678457792407,-1.3827203915591002,0.19389118607327668,-0.4645953312656338,0.02941883788461688,1.0217687795442367,-1.3028861973202224
-2.993100639405416,-0.8613883810578346,-1.1477598799092863,-0.8256326229415907,-0.5076348912703865,0.3329186161880659,-0.39157134231117574,-0.023825495295465602,0.18684094322611156,-0.5938468805597265
-3.8098960576613523,-2.420301457680141,-0.9467645280285363,-1.0920550249768484,-1.1888958714507762,0.2937949810486609,-0.12195618061826603,-0.2231627110453178,0.0703094158810836,-0.30102150591571336
-3.4047722195439447,-1.739226955175802,-0.8839201093465321,-0.09008212043745124,0.12943982419447778,1.230971073193321,-0.8826603991719906,0.4667319613172146,0.32877185875160203,-0.4443474929458077
-3.2582577980122007,-2.420436431889016,-0.12215840111729889,0.931318147121408,-0.04879502470091375,1.079482276634811,-0.9650479831961263,0.7569411586250233,0.6330882598792205,-0.7012799758934681
-3.466327904028141,-2.1151478043371785,-0.670739657714272,0.7732238602476751,-0.36540966865806124,0.8949840921105757,-0.7249265568574337,0.4712767213806126,0.4598254042439328,-0.6680010656573282
-3.310129576205288,-2.2321139791413422,-0.4535310619250525,1.1090513706403544,-0.6020781116212334,1.0302066505257765,-0.7476846055193018,0.4232235487454189,0.3261601659318429,0.04547702360965369
-2.9051298928506375,-1.753072460716751,-0.7844959792789635,0.41356957022416196,0.7135815134983593,0.8332851163786729,-0.5469173224605373,0.9495202998173855,0.8382700923947793,-1.2468115238502477
-2.559707278551168,-2.1724472283029197,-0.07029922696655933,1.807218929302704,-0.42967529630346746,0.7562622117040854,-0.6518527767031371,-0.03437109447528989,0.1309366917436826,-0.23115816318298738
-0.3627314158025005,-0.26587604167154216,0.5837123081398691,3.872208959435125,0.1359344174250688,1.5260306442003835,-1.575500457061346,-0.6650742366163277,0.23081979861412452,-1.0637489181997528
-1.617706412684762,-1.79655714086188,-0.4937012345523604,-0.29535737541523926,0.10635183697988422,0.3850819972233949,-0.27124399329711546,-1.3212556061697032,0.0801381448270541,-1.896139307559863
-1.2172381382317667,-1.8100912017573694,0.29265131312855214,-0.1388549433705248,0.9100265091148898,0.5321468936296059,-0.35094064101414246,-0.8058705639415286,0.057625800497374334,-1.3632302492174782
-1.4692350655956226,-1.5683294130397782,0.019953020273021906,1.0385836064651708,-1.4869109470519868,1.1469850733062403,-1.0427123340011972,-1.7284220462939548,0.12088840067711609,-0.6344992494008179
-0.644005195772296,-3.103240017283479,0.475830422533076,0.9991979030982117,-0.2668932168432232,0.6685414005328002,-0.5364283919692072,-0.4317949874615509,1.654471370671602,-2.327222597397206
-0.664585694866329,-0.8242625758257867,-1.2739534487708577,-0.7669696410299106,0.903843930871755,0.775888929765239,-0.4449028609231226,-1.1639284758287558,-0.11739341410099037,-0.5966387839211945
3.334779914197051,0.029903134433747158,2.832703382448856,8.385911903696908,0.3617669228353432,3.118821764175892,-2.363138260641938,-1.2850239272633281,-0.7539885418794795,1.8314559620920263
1.5037386385008338,0.75138632322755,-0.5193026463485011,1.4429753538533494,1.513297607791134,0.09634103842906659,-0.0913147967089994,-0.5511552381508256,0.6080567626682019,-1.628428019863988
0.8565431463980953,1.0409084486120448,-0.866284052403272,1.2158538789823623,-0.06975807603587068,-0.27405046800901506,0.1259452918542684,-1.754749070510149,0.10393526873703297,-1.2081406170795708
1.356506169915186,0.9149893786611791,-0.955151088521128,0.11922095054819955,1.258718694120603,-0.07108682864873911,0.3862180884428083,-1.7982744582883448,-0.30643035662654294,-1.18433521271272
3.030072616242381,2.045703050510468,0.5991155259094603,3.3789296442336534,1.5480478346576185,0.6756848876607497,-0.31782231203209316,-2.0338530535372272,-0.7444401280618405,0.12230400390587665
-0.013425682352467466,1.0168488583946422,-1.7152313819474754,-1.2264234201274553,-1.3169550408715196,-1.4986604737053733,1.3117768179501084,-2.7747077603961317,-0.2446264468342938,-1.328912924411239
0.952522789703352,0.9365268762588965,-0.7953030631385817,0.24266031144807795,0.46007216112639193,-0.7856028923132667,0.8343031154742293,-2.082252390422313,-0.17967566368994808,-1.1909241862401831
-0.9164783594316172,1.08155856882936,-1.5972763018758587,-0.8094592304439305,0.09311839705107776,-0.2565045591542458,0.2828451682508495,-0.8861014056786258,-0.36865702337105355,-0.23853730423866953
-0.6195566218782386,-0.730290675497951,-0.85308471860374,-0.9331150507815129,0.9792779558440168,-0.17615537795437664,0.3593670578091507,-0.21743862571990596,-0.3855542497906673,-0.35979573828545625
-0.5524199639098751,-0.3681503147110198,-0.8172399958505009,-0.2940400444033517,0.5023976658689391,0.4483383762490241,-0.23724401750897892,-0.40721237367828156,-0.45955004388252774,0.3642744779796204
-0.641933924997906,-0.9566153764542058,-1.053720410426165,-1.089245387957855,0.5754126054477992,0.3122265395075879,-0.07887032854503005,-0.33287982354062096,-0.33948045356115264,-0.08227890973920199
-0.45618546221367173,-0.855779369687787,-0.7999156522807712,-0.7123119212227927,1.4925429675032145,0.9520270312322988,-0.707069370055619,0.6794873668630728,-0.22025434039974884,0.19091839644247685
-0.2501384755486629,0.2204817185009406,-1.0801701850605534,-0.3608997576117239,0.9969001911541051,0.6381522649777899,-0.4356612535324455,0.025798280409399396,-0.1620688846606016,0.14873015361501862
-0.0009681032628339064,0.22104493998625477,-0.9745176348350486,-0.2456935833357288,0.97228905288854,0.3343635409975437,-0.1554820615856753,-0.10044129322601231,-0.4664698209868403,0.22538542231772699
0.08171188103087533,0.2883038674018954,-0.9865736373475903,-0.7173298241144924,0.995344478129072,0.05003940950173608,0.044839098660916316,-0.34237113755819415,-0.48815623132497943,0.24526558561347492
-0.3033274790078269,0.6771058382720538,-1.1620884689894397,-0.36584507274660866,-0.11282348674351418,0.19485308482719374,-0.11021488865383487,-0.8535393209021429,-0.8017241597690685,0.704282896975977
-0.20834183478300108,0.1620047410520272,-0.8428266297598314,-0.2749437144580495,-0.07051547429755751,-0.018116485663741206,0.032959714198852144,-0.49952349992895645,-0.5512344477325283,0.5016371180730015
0.35155209354556194,0.5904319678512002,-1.1155017721543141,-0.8896311575155231,0.799608518381867,-0.1342654597714694,0.2631435095658653,-0.11775477108083028,-0.20351148551837028,0.012349325031050148
0.042951620906480956,1.4434476320518317,-1.2996222738952337,-0.8077553164706209,0.5618963788737847,0.06515221369388965,-0.09858787140801796,0.0690926597654496,-0.31204516782450087,0.2903011502921946
-0.12829620648440035,-0.07144615040754981,-0.6594071547933018,-0.60377871517405,-0.35075918076719953,0.16152986472196346,-0.15728077883209451,-0.39089201589696504,-0.9537376070937793,1.0492345006315265
0.20327734017053808,0.3559592816823209,-0.48074021858447513,0.22158540324129877,-0.2674868921195474,0.4823422337973306,-0.6055075684476082,-0.15654471090455005,-0.7543601788478551,1.0282652896929154
-1.2200710512834714,-0.3245035208448484,-1.4351608165135696,-1.7468395385044,-1.3519780230277323,-0.1498512585099089,-0.16099145333689058,-0.40471587157675554,-0.6488583349616498,0.623540071677874
-0.4660700571685249,0.1257639115731057,-0.9374377533753026,-0.8644866010611041,0.4023448259051277,0.22495456562767727,-0.33637553361779743,0.4838895639903833,-0.4083471285075513,0.5522884925642327
-1.0118687530668864,0.1549871680072149,-1.450254079169462,-1.4984353276790554,-0.18104495140782473,0.18317396122240165,-0.1882069772381867,0.1652522320708466,-0.6469973118474657,0.8693677240196811
-0.5627453556404217,0.6596210654043339,-0.9863126806314674,-0.380284232139566,0.98606269411569,0.5794522079838239,-0.5482389029271468,0.525511754302736,-0.6263206403681639,0.6627593846087313
-0.34195775714576787,-0.10116443608680514,-0.6771867931621237,-0.5145722333605524,0.593724755950632,0.3301734729318177,-0.421580284012429,0.26610565634905087,-0.8326753152527258,0.7709355622265699
-0.5583734050444289,0.47062231523478015,-1.2524075205060072,-0.7839551113276184,0.5568829775611889,0.1580456467467624,-0.21201697678474096,0.32348065109544855,-0.628584811266824,0.7984088347741262
-0.7393999419634081,0.05273619866919806,-1.0881699246376335,-0.7065316490345672,0.30550709875129,0.2639534233694235,-0.004424488077344993,0.4128174405929457,-0.7419572367377576,1.24913400435806
-0.2010331170666179,-0.5887630640394029,-0.7559840267219876,-0.5455268455932537,0.11201777394025154,0.16632076274254637,-0.004483951569900693,-0.26897066752069765,-0.7196403570008397,1.0079638052727642
0.9758096988077152,1.1224238249619354,-0.6620569828072383,0.13365513310596827,1.9002367726353377,0.2986565708199076,-0.3258578003633688,0.6388270985403652,-0.22586781344277979,0.17099079408586704
-0.2400718007863471,1.6186322561042419,-1.0281297704245609,0.21239078571756556,0.16435194987719307,0.11524796816292682,-0.3102543616328911,-0.8902802554831497,-1.206590414350496,0.6845308074541779
-0.20724970970749682,0.6116844161009629,-0.8400517025417348,-0.6773525326196428,1.2245834965115845,-0.3068898142616631,0.1742744774531337,-0.4401544891175774,-0.9950412014872736,-0.3127560179079019
0.22079576321988598,1.1881019213360011,-0.4072162042185282,0.6568904382337877,0.9552339364888434,0.3461449754691996,-0.3983515857645728,-0.6552451788943001,-1.1899297854004955,0.3387717058905544
1.0821071810067613,0.26981788044164445,0.6945008611839447,2.2704017591419396,0.3055946712544344,0.3697462371752036,-0.6309215186787626,-1.3692745857667907,-1.4448186392393345,0.4588502062203008
0.8372684877829735,0.9671514509077958,0.008195986429096282,1.1635937932865354,0.580533726311224,0.09455321163643583,-0.5108293035646502,-1.6193768408793667,-1.0241989761658745,-0.6551161450529166
0.5229119596759555,0.7219511668790464,-0.7907493734129697,-0.6228986007029312,0.5368795514148048,-0.5702070533065943,0.4482133067982573,-1.2961206320233774,-0.5687597128765054,-0.9319913482095978
0.0649042805565436,-0.4039417640438,-0.746463348524107,-1.0393186019717566,0.48212310410067577,-0.5023157172957761,0.4199021491412161,-0.9134113930748874,-0.5312884745413015,-0.5432758820039699
0.8171073365412072,-0.6110094432145856,-0.13482683186971844,-0.029347499867232646,0.9693267545910725,-0.05282429599586672,0.1342177391904436,-0.6119415140516297,-0.4315556123637225,0.036642088571303084
0.28715007718393354,2.709431821223897,-1.057695188952074,0.4492016941169007,0.6444296801434394,-0.23358736081776396,-0.27462628390286614,-0.4509110135220762,-0.5083174565592566,-0.11912777534196459
0.11554229973752703,1.5522613393232993,-0.6501950393719476,-0.14515946505981264,0.7078351626845375,-0.6037363634990905,0.28936302495007277,-0.44966584106824936,-1.1875009471816778,0.15580549259605075
0.1433696673108638,-0.3573101088266303,-0.3623479883646998,-0.7032716599932547,0.5291314555922904,-0.4387079055674066,0.5092997245299555,-0.3514679491982127,-0.9722332860720679,0.3365908056113702
-0.24448978719082703,0.48250266811342113,-0.8020098622567062,-0.7758129284997958,0.7190281709155468,-0.25641512247535525,0.11277708658811085,0.09971445516060226,-0.42949775834070797,0.12525208091717413
-1.480806821121028,0.09297129037725546,-1.0646961300985105,-0.7801110386081292,-1.1094020823777115,-0.3525408209433445,0.04829563622194302,-0.5898421774776966,-0.7306088725932628,0.5013314538374836
-0.14866182421756877,-0.8825375192968239,-0.31656830936640756,-0.09337273465311245,0.5068474666698125,0.06742893322869664,-0.06211700206957062,-0.25841812616543397,-0.5091265828282565,-0.23684532711757747
-0.3181396433033539,0.3325135834513858,-1.023323775446623,-0.3536442039246691,0.7253240945394595,0.36524151773644126,-0.3705812097121618,0.09428923675672674,-0.11409456179579293,-0.3476548494046789
-0.338598214612424,-0.676591226189795,-0.4688699280664578,-0.43664251071197435,0.6223189135424406,0.045517611442700445,-0.24567358150656304,0.06829437159100413,-0.6311564796487695,0.18576770156657454
-0.2478961929366584,-0.9289408822991625,-0.6181213926344334,-0.8801181047153973,0.9159491950246146,0.033365805817907344,-0.07321896006541061,0.1732571231096212,-0.44514851781276993,0.04840416650346941
-0.3924748512042195,0.08993383671926146,-0.9701419394369848,-0.12444802987401661,0.29959970357637933,0.43223841815663716,-0.33379312643065007,0.04075348978885137,-0.3127001701779743,0.31554429215438046
-0.04777522946521622,-0.9865510423312059,-0.17641421431109983,0.5658388393486763,-0.2537121810313812,0.4224632013689363,-0.4568169860736531,-0.1872475907375289,-0.4094387944660332,0.143674265313563
0.3614972911325278,-0.8259317509663806,-0.5469754860893548,-0.3893467443319049,0.6736127377618256,-0.0660646829484082,0.10812402873168626,-0.20994174534245996,-0.053684258963656264,-0.30013793431186864
0.636220812751771,-0.9878482789878066,-0.4857907749649463,-0.22016833297494673,0.4719366045290287,0.44489010272315194,-0.13883140800478092,-0.5688830942634069,-0.1941191822053709,-0.11079844371884909
0.7300441608022389,-0.8416615423223516,-0.562175949577328,-0.42940411325902456,0.40857481447142485,0.158508551108974,-0.11035124006016288,-0.3283372378167384,0.03686527621926604,-0.2106597684937144
1.0087382587711462,-1.0425732758423225,-0.4937766130509933,-0.29752785065738413,0.5235553022575576,0.2577764116695756,-0.080682168775725,-0.3152253020385451,0.12331934070017747,-0.23269338722769087
0.8261974569631656,-0.16844763179728106,-0.996794079774672,-0.6270395273995286,0.4540413385633561,0.1408144414051261,-0.033292747084495575,-0.19816307718151074,0.2877185006821832,-0.3575913685747701
0.9630430855431442,-0.8458526662521415,-0.28855503440221536,0.48290023186295783,-0.18928257308552102,0.30150899770593,-0.1893764884304867,-0.5260820806175279,-0.16000769058445008,0.4145436417397771
1.1251720189286596,-0.3437522255164487,-0.5446298916678606,0.13587595055133714,0.3100058216233896,0.164526923938388,-0.04996381334306617,-0.2369336350790607,0.13977967469193053,-0.09621790141642086
0.7614476836213999,0.5738870911502434,-0.8956141741669076,0.05513702530379305,0.07424921416854306,-0.06425612897741453,-0.018628332646704063,-0.15766586386441947,0.2228878929583252,-0.2913128804354661
0.978407292619285,-0.10736979153881446,-0.5142381368159782,0.17509930584204683,-0.05226829678676873,0.014098198418203393,0.06816274142914808,-0.35063834228708096,-0.11806485189555617,0.020665341125971418
1.0014777889127393,-0.2444351746565479,-0.7709890704544561,-0.5709772810491911,0.31411816828029215,-0.11551232021420799,0.251837364088472,-0.30213520460010007,0.018407960077028756,-0.14179817628105293
0.7475101850943575,0.5011306700499302,-0.9765073540924559,-0.4437522038656993,0.415179197584231,0.09188999732171396,-0.04931853351120023,-0.1824243183636266,0.11511722543693062,-0.3414539236876154
0.7851721742903919,0.14766384933366442,-0.6461100469844878,-0.25161531361612294,0.3544406306555477,-0.008523229633604924,-0.018522914420036868,-0.3133890289016243,-0.1842266378014808,-0.14291661611568454
1.3045314058046542,-0.6086839236626046,-0.23147955396032133,0.15510970823302053,0.5674354324565439,0.03840398090759306,0.16040518677421114,-0.19127521271644188,-0.06214354055298919,0.04395169524175752
1.0065967665800262,0.15192890924757932,-0.3073480284037056,1.0075843111420721,-0.48131462800766556,0.36549510581727207,-0.42549477645854933,-0.5634475888374236,-0.18113686505910404,0.5036928161892561
0.6175000330083407,0.6522629904997415,-0.8714532875977692,-0.3749639361701742,0.16645786951728614,-0.12206044471061443,-0.12048980554068524,-0.5564625347552932,-0.457149690792968,-0.1473302500876126
0.1316732362451668,1.2362466078651482,-1.1821334195950788,-0.5498663939094517,0.45707750072505715,-0.2274231255573824,0.07172709986311825,-0.2757028529270402,-0.4604686476147562,-0.074872913459405
0.7121369682182364,0.985017198197616,-0.6956682567503267,-0.05171849747113805,0.9494064784998113,-0.1844775126711432,0.15225044667279233,-0.13237528782027158,-0.5253672519185194,-0.08512920354420142
0.22488321218784413,0.5195612693275315,-0.7537666283399235,-0.25560465035192353,-0.24046625200616792,-0.4646258885115056,0.17152756809921577,-0.46725089114137075,-0.5673643444038856,0.17809992940762615
0.352940061205661,0.5986392506923304,-0.7022504971471615,-0.23182956130169233,0.4682324177339993,-0.34859010737417145,0.14695046933638894,-0.18705455197911688,-0.48205040761451795,0.10564914492160027
0.6036364290813223,-0.9853912529563793,0.6254395313651395,2.2924147288395713,-1.5532627536943306,0.561104705515554,-0.6510453218964006,-0.892790162953538,-0.7044197982412094,1.0122868106009548
-0.08847798820904036,0.9323522807639688,-0.9578720870641367,0.13854690282926121,0.16728049637115885,-0.41313066771197815,-0.03316448813634515,0.39663791706426293,0.3271911747717212,-0.41106721548127284
0.03990706145074441,-0.319139328296553,-0.5872306182250805,0.13829625316594274,0.1683436741604459,-0.6810552560456488,0.4732466884969085,0.10207866123092166,-0.2362413099547226,0.2776136795055329
0.17163136375257132,0.22268072682589168,-0.5808041929813889,0.508953866573101,0.3271223037852923,-0.5938327571634436,0.18755849809206102,0.2735617842605028,0.09288797175877125,0.1256172619719461
-0.02179796605730347,0.5852158397266074,-0.6122622959805952,0.7712071339671223,-0.13824298947689714,-0.5314679227675461,0.07761445088327319,0.2072016002603009,-0.076595712216093,0.5550527192576518
0.1028487948895303,0.155924987762715,-0.6369951439450244,0.26349286448304415,0.2737265173806353,-0.8424700430425341,0.557078376545082,0.18354578184202444,-0.10686445701001894,0.4409379683655385
0.08996077745884828,-0.3641059060556899,-0.41028777627048213,0.8426644347997189,-0.3910575171839346,-0.6082532141530786,0.29176065151937863,0.014186379883258628,0.14969277018228916,0.42796505137756996
0.15032916219392117,0.5472966788460186,-0.8662343321878118,0.18707161913356404,0.2973763008715979,-0.4382194638668977,0.3147843709693434,0.508288177862021,0.22074232332471128,0.275952728621828
0.3965361677443746,-0.6608230155589733,-0.33684308810156693,0.24388942060955027,0.15676346446057027,-0.734027055237729,0.4789083855377246,0.3955023660995132,0.121318053385368,0.2470395478955211
0.585938279656946,-0.5107037957136361,-0.39133544001559994,0.6634465487940775,-0.2529676903143281,-0.2806286015949416,0.13312711586625375,0.1255785906976607,0.31450353115185514,0.2283956024408491
0.6275272939044695,-0.8270976646731917,-0.33777974669932215,0.6792395438565121,-0.18448590298353343,-0.3235932529122184,0.16969597359838468,0.006668952863838421,0.2071216125369933,0.38187087997296004
0.23667949066133775,0.6355638579434811,-0.8823193681848511,0.6000200872650371,-0.014216978641333098,-0.5687063523428589,0.1336400020352554,0.38955742580288727,0.39789204362608993,0.24511770234416366
0.000636453432451849,0.08374623935798431,-0.7535584215628532,0.9167124562207012,-0.4353837231456429,-0.72593751017648,0.4139486653739121,0.08956550510051309,0.07666298420910983,0.5843592396585181
0.1886255506895575,-1.04419924272933,-0.5351358945139717,0.4685751724210603,-0.032772220115844485,-0.8189262750322164,0.7497711764851442,0.23292040567837496,0.4033993563270171,0.267315039579713
0.3648878120415868,-0.18123541081911712,-0.3916000956824362,1.523163783686735,-0.3595383514256209,-0.4173496714472186,0.10484256426843451,0.2687394259059093,0.49860809165894066,0.45771212544748935
-0.04173637455760035,-0.6165679389189174,-0.7631862898699929,0.49202452504502564,-0.19343710672908423,-0.9079729765019948,0.6851321794460041,0.48360162016897473,0.8411237145225419,-0.211728845285329
-0.03390274864347387,-0.5038358732611534,-0.969518026278163,0.18804112781671448,0.14329782383177364,-0.46772714842420504,0.5243201093141947,0.36300022503848417,0.5123027712335094,0.36489463824443014
-0.3346701010749727,0.4548670442566041,-1.1837309263593165,0.6661416791921475,-0.09187328135430742,-0.2734713321361223,0.2484010228459882,0.3962440321857214,0.36078377923735677,0.6643079905819682
-0.6454339205053709,0.4993339600614562,-1.1485130430564958,0.11008293461634139,0.33106878081198454,-0.7052320944408766,0.5719798045551534,0.723970460190468,0.22911052615966374,0.27328117161867466
-0.3731659811629998,-0.19388826793315445,-0.8369768140551802,0.11077838447198998,0.6659859875138708,-0.6814619969791109,0.7087386763646998,0.5704601167171526,-0.019587720440876467,0.5957145764626735
-0.4811774264786547,0.5864894228911784,-1.0387010998837425,0.5807394490660901,0.1138276008848919,-0.4292619598572782,0.41988754500196346,0.4346115311901599,0.11423355490520722,0.6310982132270149
-0.2218397030969772,-0.9903997536866209,-0.4556235585948114,0.3065095201798707,0.4480219069359465,-0.664682396607838,0.7154078091481035,0.6457007493621897,0.3120783300004627,0.2625901604975681
0.12648752726504048,-1.1803167058017487,-0.1417039241140114,1.2910996019474743,-0.10795245768080389,-0.3923081886204754,0.36203607448367087,0.40868908461242853,0.6507294130263132,0.24451866593335272
-0.061762661869470645,-0.7030527457592414,-0.7317986833604727,0.7461501484672337,0.027023597095869663,-0.48213505901393744,0.435303997423478,0.25226403884675147,0.7402664321988667,0.07302993207952503
-0.30409558475856185,0.3107597292498463,-1.1818658116098986,0.00040325257304050805,0.77963873514126,-0.504391809470929,0.45355037240931756,0.4013980485974045,0.4245954687055756,0.18364178584759905
-0.1585562810740435,-0.2594265433540382,-0.6318891026634464,0.783053392899219,0.16763016576683185,-0.4890212632893728,0.3728697647521753,0.04336372341280785,0.00157011371539039,0.5580275379262686
0.05748852975936533,-1.2474154139844875,-0.4900823156973677,0.33168340955272957,0.6474963752155476,-0.7165424847810113,0.7847364289044515,0.2772040557489484,0.49893432708980606,-0.057959595575397274
-0.2550699275158055,0.15102584889197293,-0.9489505421517528,0.4929748399587103,0.5680410052125731,-0.6278597977156843,0.5058318576633262,0.39968756651429144,0.5801848620663157,0.16549297423527162
-0.1280570518297633,-0.16403475605256745,-0.6603672787581892,0.9952110203550438,0.1775588001729948,-0.557118561696525,0.5907380020876827,0.19155958698968256,0.2767974501032203,0.47007699252552654
0.0864766419288345,-0.5368940776055994,-0.5580069163926749,1.0748926608942477,0.28842744580285795,-0.548348488281547,0.666067468716423,0.3979846440816734,0.6284612298929918,0.19662578524524418
-0.028965974278276393,0.46502157273334865,-1.2577997506944762,-0.01061990427591648,0.9352453597972693,-0.47066790957263455,0.6324557817508635,0.24806742184653496,0.3346189275769508,0.27733330601358896
0.327623266507767,-1.3250297495502121,-0.36703285509163414,0.22229528604326187,0.7886977027056119,-0.6089276407186592,0.8017782000311262,0.08207350043390961,0.24820655446161968,0.26592102309925497
-0.1315586602634832,0.250085878211617,-1.19323350038787,0.036238472539862544,0.4853549476531741,-0.5442694190466077,0.5497891783342126,0.1319197299119871,0.4007211348379054,0.47079109281407927
0.08692948978998596,-0.5250316099878467,-0.9800953563183366,-0.11381624206299008,0.9990671881001596,-0.6033273789395581,0.9017201294215266,0.22396283573853873,0.39518568656368636,0.17527741256640272
0.10241122354918356,-0.38558665506710055,-0.7538594804995895,0.4233522511459403,0.518599359106307,-0.3465346013056537,0.4771824761977933,0.02864883432428076,0.20573713099280397,0.6592569013806306
0.29216516827051886,-0.7555492786497192,-0.6492663175531413,0.5137750136603926,0.5245873363274455,-0.404237999040031,0.6039568475361118,0.040994749798436404,0.24233594066393066,0.6180328011593815
0.16382116744665756,-0.445569038862385,-0.7531188584438341,0.7710675683062311,0.19143771145259172,-0.29080178221861674,0.4539283998872209,-0.012372396083924188,0.34442721858983305,0.765759377787746
-0.08306485226253277,0.39722189900047716,-0.8107923800893332,1.3436931772512435,-0.24939307703154534,-0.44428721741647154,0.12981094300222903,0.03362623103843088,0.3365955883995167,0.5005299822286947
-0.9421578936981618,-1.437802497311842,-1.2315510161815972,-0.46418334417277757,-0.862600460785668,-0.8724868771596573,0.858823389250647,-0.3142410898731768,0.2070457316657211,0.23791288632128885
-0.37270397371239233,-1.3035241934550381,-0.8361470780509792,0.21094482909142911,0.22411452800575593,-0.26654293531771844,0.30269850704771045,0.12959987246887492,0.35910844913657025,0.46744407363659474
-0.23512174257825552,-0.7788313327115788,-1.0467883938422289,0.09177827568174293,0.7691223343948689,-0.0971585830802589,0.21551817700234507,0.26393448787666823,0.37874080791677284,0.30240232500531333
-0.3661855123994622,-1.0659755482856736,-0.9794023193628908,-0.014817446851168313,0.7031182313091083,-0.09961862030820325,0.28106766781823195,0.3300724789171133,0.37646909428263603,0.43220191820869525
-0.39520810096728254,-1.3958877348525744,-1.0994197831145316,0.22010054426736103,0.3216168938340819,0.14638432624851352,0.24344693213314128,0.17840123697166796,0.33190675217011933,0.8655450698185636
-0.18557824724842056,-1.5050085004212805,-0.3839137227242249,2.2223293038358265,-1.0221361108969003,0.6837357635629661,-0.3499494023925737,-0.260924422684016,-0.1045229913172741,1.9495122017173547
0.14658891642282687,-1.1673726386392347,-0.9442153552909205,-0.11855185888842464,0.8791637611535178,0.15479297984018808,-0.06367180778731672,0.3915965492288112,0.4023508831022539,0.024795140392660647
0.38535975600407496,-0.6541035816452105,-1.2742542555269099,-0.421416070017187,0.8325984695864715,0.038438734562235025,0.25909740439421913,-0.022606742847735305,0.47646887005140653,-0.21494689987910992
0.7439838523258586,-1.1248694353421969,-0.3935053857257261,-0.13437740618371966,0.8634399895981698,0.1043997623944997,0.2606045180978702,-0.1556017515884767,0.2751730353736701,0.1724377698275213
0.7697368704788877,-0.4097299341033823,-0.981586203862746,-0.6668112592774554,0.8950268969266479,0.3348642972246495,-0.03143679251055358,-0.2417026036445692,0.5942600775827309,-0.24340234751050605
0.31292280012041945,-1.2053985750550806,-0.8936124916893317,-0.7151601137913173,-0.1743471849405267,0.20885282926331902,0.08329524264877525,-0.6604382621562774,0.2605066527934138,0.1450808420125567
0.6952553182647305,-0.9597304230702394,-0.5343670856007935,0.47946577367884036,0.0815916366682231,0.4610934043641756,-0.09787138639890282,-0.46394846989896926,0.2869617632602383,0.5789772242933489
0.8130513468773103,-0.23443354913732461,-1.0453037201797832,-0.7554600603952911,1.1211532488593285,0.2471120404094796,0.15642134186207451,-0.020357537981049133,0.5331692634587495,-0.15340913063060307
0.2815482076723966,0.755069676845103,-1.4448938457959999,-0.2017425476591601,0.8041892161810875,-0.021791177528312007,0.2862419206453147,0.026936600361128722,0.15786688776709804,0.4680674224305685
0.45218326510905865,-0.7725129268828845,-0.8372666888315686,-0.04503384504119306,0.42218119328651327,-0.03837682751504872,0.4540544227198167,-0.45625290635827215,-0.26199633378194137,0.7429695453723266
0.5828115882233884,-0.8615745734737671,-0.5687414815888431,-0.3381359868656684,0.7591217136181,0.06294212841148193,0.29190143895976134,-0.1918927507676603,0.17835312325306443,0.3240256716516826
0.3569593865555522,-1.2351398901069344,-0.20520351730922518,-0.6787513553694645,0.6820791200586296,-0.17319429421194743,0.2983931263948665,-0.02110027959988838,0.5078577614428853,0.05953001263473871
0.6211772442597883,-0.5666552911020567,-0.6107573833713383,-0.23116239820642642,0.6166048964430159,0.23940524089561005,0.13430985027329867,-0.286649885720876,0.660662408556006,0.3576942975271497
1.0376426823456957,-0.9017744613321531,0.027634846405564663,1.4081180488107443,-0.3712884107448981,0.6813932216659342,-0.2878903009943499,-0.7528398882145851,0.09742577364879088,1.3871908085810674
1.1338601407076503,-1.1890819301074533,0.1093067442758325,0.942338157956988,-0.570852830286502,0.2493883762998985,-0.41858835628075,-0.7187347526807856,0.5982323634238133,-0.2024448102776037
2.650065268035931,0.45562673688735084,0.22540021328865711,1.0595850685396546,2.218515344860214,0.4357607049804384,-0.43623528058778505,0.12108764574415885,0.6882651526281143,-0.5727988925241908
1.559037158376335,0.2878647349676382,-0.9789708905965804,-0.5371497045280721,0.675810322882418,-0.23706509314783966,0.4922985281741626,-0.7780176278087696,0.26292208844322507,-0.2240585389002578
1.3961476350453537,0.6880503565810029,-0.6897250075136394,0.7433621455191362,-0.21207937497334317,0.036201198703743116,0.17788113779160492,-0.9552196466297869,0.12608592504556043,0.3130803979546522
1.4585782894259953,0.8846275470704332,-0.9605464350536351,-0.0570145071543161,0.356128903397104,-0.301793268936751,0.45140115425829225,-0.9016543897714852,0.12104337549738965,-0.28123536675393945
1.2317330629834218,0.3579527706324522,-0.7284180434638313,0.10584646639544643,-0.2533830243002176,-0.2951112639716783,0.34799471181078984,-1.0339148694971299,0.01160065776702121,0.01006556181446244
0.5530810751150655,-1.0699037458894893,-0.7510062789498798,-1.0012250691587063,-0.7918778111013873,-0.5328023001953213,0.7214506686359932,-0.9432154879719221,0.09632650628746112,0.09372108972149079
1.146656657075468,-0.9130607184739149,0.09026232452330557,-0.5260407878292886,0.462054406929683,-0.05632247609208242,0.27624320072008074,-0.31660432610408906,0.3471154469997944,0.07910734847838434
0.7679447184411917,0.2258186927501818,-0.6232251803538293,-0.13837296921948386,0.4112809131845175,0.5853102151350438,-0.4350935493587702,0.14071621133690984,0.5326461154412303,0.3854428531747352
0.7740320768623052,-0.12425687152747954,-0.3714868857649897,0.10498870132845244,-0.08185365318766195,0.46461240468925896,-0.4713145578460669,-0.3878361765443252,0.008752585566643838,0.5375246818241834
0.8132441134311561,-0.8254262981984738,-0.4009798028833389,-0.6605854960981307,0.5235101068269962,0.22005147416567225,-0.07357867959515503,-0.0363814845341757,0.264930077820555,0.23795678597708328
0.38237837426371896,0.5873174572023782,-1.0843755898800913,-0.6845023869912404,0.7389077482565222,-0.2352896062375762,0.2257837600921796,0.4812538934795682,0.5614859275119001,0.5536361754765464
0.917024859468136,-0.7582169618926026,-0.6746705577940718,-0.5294299078636181,0.7032218565694196,-0.1424458421516206,0.488742984468031,0.1289806122480984,0.017215341686528135,0.8301909631284752
1.2382055237895637,-0.6719027756518474,-0.45042436946967956,0.4668699833233781,-0.03034529318503188,0.07305862582577966,0.3689595151718848,-0.3392685844358883,0.333678870454814,0.9511681862417509
0.7701969207749396,0.875446972782909,-1.28146549316806,0.07928423731832121,0.26973366109280067,-0.21620972305713906,0.46246786614313146,0.12206953432201416,0.8159505652276986,0.35375188916656003
0.8319017570065371,-0.04572773771813256,-0.71134622711144,0.2470003201684373,0.3425373344663826,-0.4623370121926459,0.677109566053314,0.13509633252970124,0.31263677837068643,0.9072945792459208
0.9408279189988145,-0.5477305203629352,-0.7407321695719331,-0.14001047489105192,0.6803369408815265,-0.4001695371518603,0.8280958143256777,0.08970271420647534,0.34260981777969546,1.0596146726691986
0.9448239979636301,-0.6487415941441795,-0.8910717222977447,-0.6140194284875826,0.9475168244251928,-0.4937236551749551,0.9456041766001666,0.24625902836653077,0.7003678093445305,0.5612606125748972
0.7207229811075629,0.2910766364400722,-1.0763984003253637,-0.24480522423798484,0.6702014083495884,-0.5247249565763035,0.6511481864155928,0.28408982199744565,0.673454037550177,0.6925948947817699
1.0191587011963077,-0.36528487699572665,-0.6642789474512565,0.5067800833023116,0.17220078065981614,-0.1598370280441345,0.5505724885477278,-0.18971271889782187,0.15384855909071052,1.2720669085646743
0.8961876726106168,-0.21086487366202544,-0.7565346502358009,0.691767442601494,-0.03822367372403638,-0.22549766294366305,0.5207154210507108,0.08438025989790536,0.7001324389308773,0.8579157740162094
1.0090411440437526,-0.7823339520969368,-0.6178016731796038,0.24188843308674382,0.34992950662348,-0.6745363854263641,0.8393724228996191,0.2712737074160732,0.8010206902661215,0.6345416917542878
0.7873380808479166,0.420898410052574,-1.0573563654616145,0.11738015224646059,0.3535316834617497,-0.42047863023771553,0.5637101559151634,0.2403990403717586,0.614336303568137,0.8365119590946841
0.9679718314426529,-0.39179601490694027,-0.5604574167654552,0.726848493753191,-0.060917239501771116,-0.36345436779554563,0.6066593617461253,0.0882442812373924,0.5098549723519094,0.8682852485366895
1.3678466254974144,-1.3934972448011163,0.9066857725788129,4.307069009886867,-2.7982026144626313,0.008817153928516366,-0.48216709895148546,-0.8393331756778353,0.68367592639328,1.0000852433874046
1.0533539157682699,-0.7447895093109841,-0.7105794244727685,0.23311870443545604,0.29017908930861974,-0.8690922787420696,0.7643957259567254,0.1924505586032422,1.1550738732394774,-0.15338871690369382
1.0204212592355824,-0.4161899380696837,-0.745755346400102,0.6710671847350508,-0.0015199280940912708,-0.4593029172738541,0.6131293707994864,0.08889437332763149,0.8198266298411129,0.7815342685772182
1.116124861899819,-0.9324958931949817,-0.31181329339465125,0.6556580284025715,-0.03956080037365917,-0.6815203536495449,0.7523004172396934,0.2891391045271302,0.903016069241342,0.785882404733973
1.1040494827472411,-0.6430933428827725,-0.7913138861368526,0.25593572125286174,0.14216180999988118,-0.46009240929016626,0.6494774201563248,0.29677134338844785,1.296292225910492,0.41823224086845767
1.1454942679126265,-1.0403463031165943,-0.24869234128006326,0.7708710142783103,-0.06492172143518801,-0.29585775587348434,0.5314245741636608,-0.09074393019737359,0.601373831607263,1.260450272690559
1.0724736634803822,-0.912555769849647,-0.28968920177418067,0.5868850546632812,0.05276197844649487,-0.4129631260247891,0.5710312300930301,0.015572876410193231,0.7653022539648846,1.1124428494234806
0.7979894973422514,-0.9529280307049068,-0.5047908183676447,-0.33667518099423993,0.7219929628443249,-0.4932233445948287,0.8296184391653026,0.3865533147030649,1.1453465911169634,0.3895683726012228
0.33280027576909255,1.165264004477361,-1.1182383997769931,0.6632079954767033,-0.005869999882823348,-0.3883343831501331,0.2681833880133562,0.29951662034301074,1.1813288972248983,0.3890447092961553
0.8527443638329149,-1.0993724713357815,-0.2586779200219357,-0.02563056956771042,0.6193967246451728,-0.5570741271961847,0.8858905125225192,0.06976655839544905,0.5455912687797806,0.40729039971222625
0.7992137197577499,-0.652284554737677,-0.5699789059303879,0.15490766803944167,0.3372568554569126,-0.2931702184520169,0.6325166412156602,0.14076140669348344,1.0485588280141729,0.3754019658895996
0.9279067311242377,-0.844863299636786,-0.011370844712318303,1.7713666687683858,-0.7994076254940744,-0.10996912002251234,0.17631224094718032,-0.2578798699748939,0.7945473918969392,0.9831860245133871
0.9965019382767983,-0.39131465394943105,-0.5399252062871445,1.2338503609311415,-0.49109302548278716,-0.47203617161521405,0.5056477578878151,0.12787884462218266,1.015458779318235,0.5009529150009032
0.983415576019063,0.29894196844042015,-0.7052925603222655,2.03735793553202,-1.135883288615997,-0.30439446139865933,0.16974041469636558,0.05508542071780543,0.9830988514063962,0.6427957276110985
1.0963762768666854,-0.9443856534253765,-0.5817749005978692,0.9031570184331361,-0.20113189608412949,-0.6585558468172306,0.700169602608454,0.14877649946459817,1.1597274729941347,-0.16829145845103421
0.9367417534597243,-0.5795277054093688,-0.7229308368939662,0.5303683332207372,0.13925439712667873,-0.6961210295619954,0.594155688766028,0.2213534233451849,1.0066663808302045,0.29159027254031505
1.0930659360064203,-0.9375612584324691,-0.44803396762106773,1.0009557573862695,-0.22409515583999098,-0.4841339925954557,0.563974778956261,-0.03214023577925763,0.8715770828563252,0.4403310679432388
0.7719309736882806,0.02369143330844337,-0.6658814225205908,1.6889870171751726,-0.8139287476206193,-0.6533131817041502,0.3407075578018052,0.35351705911571635,1.4852830547652125,-0.002545954873570178
0.6578546647693855,0.3853849741317649,-0.6656432333230643,1.832013041634736,-0.8383862947108571,-0.8230315283443261,0.5351051704286355,0.5735676523088649,1.2118748141312068,0.32122616166549817
0.7615473970869893,-0.09084026441402526,-0.5700816323062715,1.31696516985676,-0.3761099079628263,-0.8301916461245424,0.7222303335507364,0.4163205449343566,0.871305322247646,0.4974664295175757
0.9170322412833032,-1.1247620031903178,-0.35780537717796046,0.6160847392576936,0.046692915592480844,-0.9975327294379904,0.9807771549245273,0.6764223989676581,1.2764398248328084,0.031804737225772456
0.6025527729735689,0.4029194583232684,-1.1172129865387574,0.3715521521292239,0.2143281973303583,-0.7308752393869065,0.7296474354693355,0.6155495097914093,1.181922521405914,0.19810092111992186
0.6574509533493622,0.3829732928213192,-0.8935609012694191,0.621548402857568,0.10997417752845112,-0.709204041069765,0.6953186728982222,0.3980361226535129,0.6325076016390335,0.5977162710065687
0.39256375768347895,1.2194348229957745,-1.1780665757990645,0.7699973101401775,0.02001687713762052,-0.8390355337616962,0.7326914107227387,0.6322634184516539,0.7882956425392509,0.44708542459687856
0.474481932419003,0.2627112670816687,-0.3452744331956691,1.7356583658639726,-0.643835213525558,-1.1095831326913854,0.7577855589111179,0.726546009453922,0.8867104713772359,0.42404192389630885
0.7123984221244106,-1.2973160665809331,0.16758243680179952,0.04694704289376716,0.6439157011637978,-1.4142958320283752,1.3517433463982305,0.7421119042817851,0.7294502238387849,0.3898819235425506
-0.9524616697220438,-5.067451156581775,15.02285680328773,-1.350999107634899,-0.5401178338147491,-3.838859742870347,1.4541951638172381,1.324228732127596,-1.3284529846804192,2.413042580469297
-3.1096806164364286,10.772068468862372,2.569601240169838,-1.5723159918788947,-1.5658816185414444,0.5752208836341616,-2.6768902482867736,1.399236907524939,5.867208969688153,0.6606118439874389
-1.4791372477273237,3.2734868573217595,6.458275517187744,-2.2011380218586827,0.08539071846385336,-1.2029293723170291,0.38095639381510427,0.4959756409197568,1.2754937755537898,1.005223788589522
-1.5012527654217889,3.6044084363326356,5.735422858900145,-3.557061054868237,0.8463200557591164,-0.9482271876272085,0.14802470999416018,0.601555818320818,1.9782723051629083,0.8424081941973488
-1.1764852235782686,2.7330403290352008,6.567545893208665,-2.3016651678135416,-0.026911996771059106,-0.17057106080922718,-0.3823424264976986,-0.14801692114549,1.1418358865356601,2.565768661411431
-0.09692238801901325,0.4691650097339099,1.9102542958643949,-0.9672221869564945,0.41640356506640397,-0.15766748604935893,1.111162610071915,-0.07895630879565443,0.46379561849479606,0.2607195485826272
-0.11109502021184897,2.8119832426254723,3.0500092696019516,3.2142467349419603,-5.245354299699224,13.808845936717978,15.599513955895858,3.6074180461878247,-2.2250365409338198,-0.8769257868336416
-0.8419436578306836,6.52240340953881,-0.9080899657817003,0.2816847794414562,-1.8366903142388569,5.649351937447165,5.110487237587109,1.070975952149812,0.6179180608308779,-1.6828892448524946
0.21352553475182776,-2.6177167798170893,6.323262512191761,-1.5187384016797758,0.48129674687635987,-1.7915654792655198,1.3498892199879045,0.15762987160546946,-0.5727713084292287,0.35079382269882153
-1.4222308141753808,7.045510305538801,0.8769232244699645,-1.2166597564249988,-0.5340082904708492,0.5320328734054849,-1.1299759281045196,0.18171917569009718,1.7718695181729796,0.10968848568323021
-2.1785725109504654,8.770372094721145,1.6595972079002084,0.15536151434811302,-0.7602527597770954,-0.48869976145675387,-0.5617003271133632,-0.15107149879667645,-0.8805214154578185,0.7090217717418176
-0.2897531654302819,-1.3728452044304724,7.080033706929233,-1.8411363090705288,0.7272291128604883,-1.823784959244947,1.606618576290718,-0.3588625878600055,-1.9995479557139682,0.606085729746667
-0.692052189478329,0.11410847647049689,6.752558449961477,-1.125240486001402,-0.7768053409056486,-0.4898156716239909,-0.07309181826008455,-0.16999562062828136,0.9177074685702978,0.27859180751846946
-2.9044207855321407,10.819262870769604,1.1436708320698972,-0.7723298677750414,-0.9855065815979692,0.10929480618416566,-1.4196499229113182,0.7369656308038695,1.4990826925635437,0.3200843716250692
-1.7965148841675955,5.274827558992341,4.056060912465031,-0.7927876072801653,-0.10161603969882563,-1.2556694831393964,0.6023710213947244,0.17977106659415357,-1.2820737419050467,0.6845984147048991
-0.9072751322312038,3.500807796871982,3.469158677603395,-1.9872371054781874,0.20585927578733784,0.12125884165105479,0.5245412812141815,-0.4428400549510535,-0.11029848705403222,-0.28207786872555624
-0.33512480807970296,-0.1357231069770187,5.518583225470813,-0.9012552994853682,-0.26359364688612913,-0.566182572268561,0.4285120839302433,-0.6477067812493082,-0.5180611727330154,0.7387380858762871
-0.30425052887910664,0.6921551920678674,3.352855911430463,-2.713238099220796,0.9714057105011744,-0.7154095894043253,0.4854699773659634,-0.14182177205811228,0.13582509479562596,-0.7106150657031265
-0.09837024990114542,2.0941691365264288,1.8151005721081035,-1.5646074050350645,-0.007827453527107581,1.2088228881038579,0.19488555787355366,-0.8976226645295994,0.3525175970899416,-0.3826172341684442
-1.3387400794624154,6.605541976224361,0.30620625307636823,-0.5797211170606004,-0.5772032352199041,1.2158923455498443,-0.4195580784362912,-0.37524650069663645,0.39751128724923135,-0.030629104068790824
0.25767097973311776,-1.1260540595247481,4.170577768516608,-0.9285466155225345,0.2820485718209503,-0.5388762287445888,0.9085752633980064,-0.8033580670331614,-1.2544169601226358,0.6927886928079838
0.0074592273148644805,-1.091793460738806,4.891125117989528,-1.9149093582337182,0.39160044585416676,-0.5878282432034201,0.6598764967733951,-0.31071966720486205,-0.05739957448162305,-0.26960344114541046
-0.21283843033813113,-0.26238369207835965,4.965512940627903,-2.3091185758143284,0.2609492718770655,-0.17403837701156008,0.22311567920394781,-0.32422842278128583,0.6816449423194179,-0.5208051756001129
-0.3777970269728626,0.07566658220441559,5.824103690379548,-2.269644105313432,-0.05878118945073849,0.16488397407813993,0.06835978870352107,-0.3755658793591875,0.6099251153329339,0.03744333262800913
-0.0328209902417691,2.5015406739083894,4.076125015279199,0.8268311539008681,-2.5882742685500313,1.7693304448169873,-1.8409376104383868,-1.8411250979407572,1.5644755099821699,-0.01937496543821407
0.05505434487794489,0.5023731030029519,4.626946815996175,-2.1669988407288066,-0.17882553224986814,0.3193131156429567,-0.06459637563352037,-0.7938354939797263,1.0486836832233664,-1.1986388719691767
-3.123859553948979,11.888846933827102,1.7996822548417855,0.7605267774211095,-2.068712855091233,0.2553491316105915,-2.1630001696491017,0.11387121959329853,0.31295610979170874,0.6715010621260674
-0.47908163994156056,-1.5404110377451845,7.4275891446127895,-3.157852077396766,1.4074279028234045,-1.9577215405060533,2.1346226795727326,-0.1672795123092122,-2.0886333636362564,-0.9025175352268872
-0.9807901568477551,3.241353737335764,3.252441756855203,-1.7830965998797006,-0.39908341442945966,0.932319257813906,-0.3037389325590732,-0.48720671497572565,1.2999232825502147,-0.6155196171083842
-0.7114862468359683,0.853915971262628,5.996202015634305,-1.824779822878368,-0.16982739385945234,-0.29896154414215154,0.513336818150062,-0.5038378479611292,-0.30101968377731914,-0.23603191598053613
-0.37049210001721095,4.247421534274781,2.7329876172179977,-1.519321702730645,-0.1201227011818431,0.20510035720839082,-0.20523283045495755,-0.8336957776522141,-0.8612462200089297,1.874258575174054
-0.7495767406565546,3.1957804109684775,1.9147370007637552,-1.949044840068867,-0.04497482092223643,0.5525373548194569,-0.5336079322312952,0.2763350360293623,1.9374887336707864,-1.105186225122834
-0.4223679396075071,2.4996417144770984,1.8209546316121865,-1.6839389970112417,0.3384402054219768,0.1588556614194048,0.25832882480310837,-0.12533543094264946,0.4807690995752539,-0.6005432424587357
0.2908354842184176,-2.7181831895064943,5.924361336554346,-0.769991880383279,-0.15988922055391497,-1.592477662557954,0.7091587252569735,0.33484444634967087,-0.23194840599066668,0.48410567341223154
-13.544618699022216,-3.5462224938515474,-4.72695890041785,-10.98483817369988,-15.966676808569227,-1.7962239058032439,0.8262634750562698,-4.934399020382526,0.17124784284269207,0.7668233478313904
-5.445489442914505,-2.9239044668597356,3.232630553530728,-1.3009427057290885,-0.2529858066702196,2.513024324899621,-2.494055761842573,2.4309569749506816,-0.5708308962887979,0.6863674323440037
-5.509232887003312,-1.489008029853542,1.7950858483012047,-2.4173139399250108,0.7235081736179303,3.370195178976416,-2.7809933407059897,2.6393627309627306,0.548816184593089,-0.0386902471074079
-5.551704081377711,-3.4189548285523057,5.212375730645876,-2.387728470555616,0.614702626057433,2.658831514950992,-2.6868950870645736,2.8398657581954634,-0.3517991458516099,0.6025596963470656
-5.799940741990194,0.9166586220675286,1.2905786040388407,-2.194845623780711,0.18398150389551096,3.5257744685318677,-3.74195891167638,2.4940558131069883,0.7947727710404797,1.2554047657701881
-5.479553549767838,-2.907183607213208,3.4164788635382846,-2.3098685358340934,0.76697052651238,2.721749128658825,-2.761526237276181,2.7740150463290747,0.44336036947501384,-0.10920249361280371
-6.016975225635541,-0.613524279499352,1.832817157424505,-1.401414252146193,-0.34409349095182606,3.898172899906277,-3.4522741713333955,2.7318601456392493,1.2083183556138302,-0.10300427168533816
-3.0390922083842207,6.09130056460154,0.5878631546247527,-0.6653647847473895,0.6464259888733376,0.9167044998990436,-1.020393948055606,-1.0975445763874623,-0.4671888862194099,-0.33982962896045793
-1.601223815438983,-0.08965792515865749,1.854761207774345,-1.2975898153818786,2.0017309562057046,0.2408157515505542,0.99620104691295,-1.425618069192467,-1.7070311745278866,-0.8038792944139956
-2.9829455042375623,4.419391019937861,0.4597732081063937,0.6389973269842024,0.14794009041974307,1.46492930199236,-1.2218514480341995,-0.9358658179305812,0.5340419160156448,-1.543607925244764
-2.161530475278201,1.1991164364605034,1.1802157266658952,-0.8056423772903568,1.514192117716907,0.6928372102619906,0.5456564549581615,-1.1308633673517783,-0.5873706706447891,-2.0569374526402413
-2.426524967131357,2.3554506579195604,0.8606720302649709,-0.9070670285619987,1.4264181271573873,0.3658756222009631,0.048124948339330835,-0.9962122109235813,-0.5834978963716225,-1.1823045353604518
-1.8348125613318604,0.8947361630796479,1.0728269504591377,-0.891585646298798,1.3048521207332606,0.8419584747543473,0.14941306961638448,-1.6313411226472365,-1.09397186366861,-0.65282629358792
-1.5416799281963698,-0.4843744296390975,1.5173919339853335,-0.8915828282679149,1.6794034930017652,0.45301560790456596,0.3375656658933326,-1.2291925551419107,-0.5967650997186565,-1.1590903540512965
-1.3265094115222023,-2.9136168585246587,6.5056585040291885,-0.4460669941641824,1.2607117660903007,-0.40404428345784216,-0.0260113861037642,-1.1904411925767437,-1.4495635486414704,0.33000306084773
-1.822182703729415,-0.9885510378410702,5.08659183694605,-2.3922960410300753,1.4800043759662216,0.37677138280534966,-0.4880080143490366,-0.8908834512542043,1.2006609824558447,-2.1009045271445497
-1.4766794682703892,1.4970287043236314,3.0175353893013654,-1.7382452139478444,1.3666021633145091,1.2666966265312345,-1.3066379633802352,-1.4119579325095264,1.041333092484948,-0.4567976788113731
-1.4262936088094134,0.3631422523489853,3.7170293591417143,-1.792248714933516,1.27311794583133,0.6628942171764042,-0.422770986411829,-1.8723638728052152,-0.3275193963228977,-0.2304676872720694
-1.4119366478390274,1.0303618781584225,3.0271051244275995,-1.7294233557205638,0.9790242864362735,0.9439894216545001,-0.8838229664466098,-2.0208959068687062,0.18154741712421635,-0.3844035081076444
-1.3901021855334765,1.5102306678986177,1.4884521535985655,-1.5468468361831729,1.2605301322214995,1.0728575592354639,-0.4808036289772061,-1.9812845109242807,-0.07271800202882538,-0.5178722088592136
-0.9556016517278487,-0.5155336931607851,1.2838805657167938,-0.4401107768528356,0.7889930686907733,1.6398642845366564,-0.41950487904351996,-2.3712896911216084,-0.4812616698724397,-0.8776655934808394
-1.1932005105468728,0.4042520783094034,0.7906552488004361,-1.0426869223403328,0.9795509784635464,1.863403027453933,-0.3402232754852989,-2.03295865335329,-0.12715286936638343,-1.2518731273908503
-0.841903972651479,-1.452776760330225,1.4699055961327772,0.33563706667684357,0.1881454143385126,2.514730838535994,-1.0783058145389504,-2.169102386840807,1.1147832117011383,-2.457925855185111
-0.41035800093043223,-0.055969594544789295,1.073650918467749,-0.3501637070221358,1.2255430894558497,1.4067283154098604,-0.6705573284314182,-1.9648676541608663,-0.41102315428842406,-1.0253048539538752
-0.7197350758367664,-0.4376863508067152,1.098653631488601,-0.18161310671752945,0.42253824484482333,1.6939605717667496,-0.7767575919888349,-2.203066034103289,0.05732911720583881,-1.2969664015821682
-0.6134668344235576,0.24277097356114963,0.5062155561299838,-0.8717681115436573,0.9422519790133569,1.511189498514863,-0.6781201405880489,-2.2170196800368194,-0.31188221237009023,-1.0743670795375595
-0.341843797008685,0.05302189726388692,0.443487029141824,-0.9670577018490358,1.9035675247861181,1.3212285417895793,-0.3221438678559345,-1.8075243093996607,-0.11561501012461556,-1.2741782273206796
-0.6756132589467786,-0.685039716703556,1.1076370755456773,0.8550831208419238,-0.3962701840356557,2.1042512032203606,-1.0156955285626479,-2.669289631846954,-0.3066698313799245,-0.2911087800761278
-0.7071236124231405,-0.2557036146540459,0.2623053269246552,-0.7554803036538214,1.0734250833376309,1.3446540318030789,-0.2511190224725544,-1.8452743153614641,0.4084224185335689,-1.9979684821447001
-1.1553583250607065,1.2056835778251969,-0.503798503925353,-0.9870250504356506,1.1083081927631044,1.3307802310320842,-0.32704410312643317,-1.8830862773591228,-0.398918606446238,-0.8194074024393881
0.5120950967843622,-0.5824226670045969,1.4294013336452613,-1.5045896218206904,0.14954577933214264,0.5600639348539428,0.21586545619953412,-0.7331451254582205,-0.21481516465877243,0.2756105823005602
0.47697676272899187,0.9344354804940223,-0.01903098145357468,-1.9508137082631136,0.46616252146955167,0.9672127681493964,-0.10209672826920173,-0.5532223828341856,0.6014322409528372,0.17477247806621285
0.5258413689687742,0.09286152116529044,0.7817583466255438,-1.735345351837329,0.4627563291728466,0.6806205087195195,0.08729680015643329,-0.5230721213765425,0.181545438949391,0.2950507108131494
0.27684313676721384,1.1415914211683524,-0.20392357137908054,-1.2004277005189083,-0.2530808359684741,1.055609317974444,-0.4821694177732887,-0.8609991640652905,-0.05399950492090174,1.0121707038960384
0.37156058514339463,-0.7267390056484703,0.8743629003614819,-0.7002605087862008,-0.5230858054522659,1.1400837999140025,-0.4115995839387441,-0.7146494631730157,0.10922352736426683,0.8554659309962611
0.4896383265163457,-0.33504149189600635,0.2936323935813656,-1.1061898426982697,0.2400715282273876,0.7124822777726516,-0.16639554526176814,-0.31276877246190643,0.5195441967392634,-0.1367257947744226
0.3463155211616456,-0.9900591976467616,0.6467920061064005,-1.3511526629406438,0.08417474571295533,0.618615729282934,-0.1457688299352582,-0.4049443620556406,0.5339864691375752,-0.19012567069758907
0.5501738976378854,-1.1302497223891532,0.6055573511899768,-0.9310246462363966,0.07173808860051306,1.0618730899456734,-0.23859253031733457,-0.2951909692558857,1.0315719379138704,-0.6292444464517715
1.6234789135558563,0.17584252081438664,1.248138434550572,2.2091210050897607,-0.9783445101716756,1.5474237414688843,-1.2199277054748885,-1.0195879439958562,0.2110312774628715,0.7434850204740173
1.2047505953225468,-1.240524338163694,1.1252546057143953,0.7112987867080268,-1.3517391721001242,0.867014933210638,-0.7333951086365899,-1.2132336807032966,1.0105403164735096,-1.1875848941293576
1.0273433838771115,0.22068620833752758,-0.12038939318703455,-1.3867747774903092,0.4108932681281952,0.48410998177097636,-0.03559554876176209,-0.4594304234728814,0.9798446208133859,-1.0165576174637434
0.6035829038647131,-0.38902259971328285,0.33662013821600933,0.06218329468403471,-1.5551224540129513,0.8003027149975726,-0.27540724489220064,-0.9816268618719378,0.5107348157900564,0.19086119636456209
1.1618700792581118,0.048409864012244674,-0.08594033211754702,-0.9760349297771254,0.49273393905273355,0.5699427855378421,0.06802020180345278,-0.38962665480967484,0.6512162783897835,-0.7228747972205954
0.6415322924566565,0.42815955886302864,-0.05758572040140187,0.3056754707184429,-1.1890330696044402,0.6710803432282363,-0.24535621822525533,-0.9557282230092635,0.3706222558596666,0.2726357448388143
1.876770265757985,1.0753309870775094,-0.34905273643920526,0.3712365988857814,0.84965064793438,0.7199059363819875,-0.19446938605125874,-0.7007269293608626,-0.28565647616729223,0.5834961793582237
1.4734279753201232,0.5230219201015427,-1.104459343221469,-0.4833019512890731,0.8160460667296564,0.08568034126572271,0.2734983995052357,-0.06571920969955347,0.20830501347470212,0.4358692440849969
1.1526905154999836,-0.6322492474012515,-0.9919944266313666,-1.2187373650518185,0.5915882319832108,0.09966981435693575,0.4430198346674968,-0.21528467702477652,0.5696273872230366,-0.12459673054917625
1.23623289655533,-0.45813078610791264,-0.9414211677080339,-1.208322488507249,0.8847241203899994,0.04254099894873544,0.3682973545407165,-0.2485356672593631,0.31886445750456344,0.22861994507380687
1.6892188598845796,-0.27336599935335143,-0.8046433130436389,-0.7746235032787612,0.8149568244388712,0.43669632756013516,0.15666437342021666,-0.47949993386508977,0.256643564334274,0.5352677039007815
1.4103636148310335,-0.5146949537436961,-0.7676791514336586,-0.4570186933810249,0.14120528475584102,0.3118484650634741,0.16784086963435285,-0.5911271135626395,0.33728859056662175,0.4924186323443167
1.5042129697602287,-0.6261696252195343,-0.8772409800350678,-1.3053323427093408,0.8765449912073013,-0.013843058812278085,0.5483245108896064,-0.4493614573417088,0.336351340912373,0.2627353688383327
1.5597354958090794,0.0007530640740554668,-1.113032995260115,-1.0515819362800984,0.972350163077902,0.4812905470915879,0.10916774339405289,-0.2687645934305566,0.23136420635297106,0.6117980202337225
1.2864782065567477,-0.3176867100746855,-0.9139048878379412,-0.580011639081215,0.15915623299827988,0.6904018187145425,-0.10535850743234325,-0.6291812757453988,-0.1549695099722711,1.1070966654779177
0.9030947769093723,-0.9363547554509373,-0.5946313347778787,-0.8821679422501004,0.04774905813304782,0.11029143543861858,0.22855137580477164,-0.5921681355419444,-0.007412483065868363,0.7307760289230348
0.8020972259711777,0.4283993621258632,-1.4043486856530927,-1.0172836903020686,0.7034309121721305,0.28237442558117143,0.029079647633789025,-0.17533619995421976,0.5951133842107377,0.27616827717623854
0.5521018291269909,-1.1230979987764456,-0.4868314850000335,0.2592710228933136,-0.8896281111232973,0.6005591759748073,-0.20522555192640224,-0.914422307999145,-0.3460134560723529,1.7364548183099728
0.03566839768414212,-1.2182646539252777,-0.6850480829615252,-0.2961834168150262,-0.7204537224003634,0.08183754925606872,0.007244976584950644,-0.33876710896499984,0.39841992095488876,0.6913152730921863
0.03688741628010156,-0.9235133007586699,-1.056950522397174,-0.7908448681020132,0.23335107984832648,0.30987651894434226,-0.028533522331410748,-0.05460494788593361,0.6064313604283224,0.42592824198768164
0.15795932811682975,-1.63368149454618,0.32017108397889366,0.47483786180015647,-0.46834513119600113,0.4997595547056991,-0.5181510666822026,-0.26318861836168256,-0.03348720400247595,1.1628401262658548
0.12827783480993604,-0.8814706981025169,-0.6241048777196866,-0.0632449502640161,0.018858824174264786,0.6138043324388665,-0.4805906934984324,0.22100666961726753,0.9544118916650527,0.4825400846395073
0.3980381522551393,-0.46743860329476605,-1.0837998086740148,-1.0312866849346387,0.9219343266774644,0.42022189178630165,-0.0060028489242902605,0.25544263601142614,0.5368528033464327,0.4426623935122615
0.41297695458347067,-1.1249510165197,-0.41513212492423174,-1.154313165856597,1.006801099958991,0.1419714360860084,0.04817731493025559,0.33379233669076575,0.43575858461133116,0.42953802220572557
0.666711293085766,-0.6218717608692618,-0.5291090513037313,-0.3775363581713419,0.5551144084333204,0.6659181805210571,-0.1661271711318617,-0.027918421672350112,0.3372772216397523,1.2864808771248273
0.3695851325330933,-0.7594104407530078,-1.0100846826124865,-0.40016943753893086,-0.35432241729468694,0.5409108852652137,-0.020847875181752417,-0.4935817951110685,0.38627744779933143,1.0909276381047002
1.0066616976150846,-0.9117402626281076,-0.06460229418509134,-0.5755910708732883,1.1816162987332153,0.07495976517061004,0.2678880873554651,-0.013444194306245211,0.29273413586320174,0.5718252539946236
1.1381216667981167,-0.5272313627943106,0.13130055480694058,-0.22488638182277831,0.8746139468175712,0.30958262457445307,0.13564843962840456,-0.13815001298967547,0.48881490987936643,0.9113176324077222
1.318968527400425,-0.32380986312412974,-0.2277039169385993,-0.9386198985042685,0.8070135607761723,0.23541456348045392,0.05959380041285341,-0.29846908181165827,0.5946972113401865,0.4266715466680543
1.2291182346061542,-0.21257842184633863,-0.5358818006301139,-1.3134980424604288,0.7059751624327593,0.22387856928060032,0.08783671813688836,-0.48125813219532404,0.5632449724904278,0.19362234945848658
1.3340901558663194,-0.549142626236733,0.20193977859269469,-0.38081375888117036,0.3462774150180409,0.5577941195597717,-0.2528940964028839,-0.9530958972491042,0.04092813102199195,0.6232043277876326
1.4470164512668449,-0.6071028094724314,0.46797439757710746,0.0809551017717402,0.006816595137065682,0.724529901125611,-0.4814320123602789,-1.1282600562876866,-0.1446622798188228,1.0283640015603104
1.7043302318082174,-0.015709487854335666,-0.3622809374908556,-0.5219040050546405,0.6643530003918193,0.4251371576142916,-0.10030427931649698,-0.6906294499839067,0.7634912150425297,-0.10535865099068487
1.6333287799899951,-0.4966728031829045,-0.05474761179799497,-0.7662177259143338,0.5862527933170122,0.274269166481965,0.1481828947043016,-0.7897622966209435,0.32084698584135024,0.1589388890800883
2.3568140063828205,0.18013030073871983,0.4497767333687258,1.65481791598993,-0.11695622628838259,1.1663230215020604,-0.7429220622549149,-1.014678576044733,0.32535612959520827,0.9925934140077378
2.598213702301799,-0.08965469575998157,0.041657775353340275,-0.6383635433708196,1.7367028073446975,0.03716729884665959,0.4166527942308342,-0.3304398579254214,0.7544950589723668,-0.43971216763476295
2.070317946744247,0.2529043616453931,-0.8301928579381714,-1.1281246253657238,0.8397299362350072,0.02605158463773946,0.47756206773563536,-0.9262355170555634,0.7072219484645474,-0.18554080705085108
2.134911638256643,-0.44232600372364356,0.07188242094687101,-0.25007671970890905,0.1557494061755552,0.28188465200715757,0.28581844771062015,-1.321334409096615,0.001723711237898302,0.7675690697929801
1.9010013200598543,0.37145843667775763,-0.8211786046189815,-0.6932881246172709,0.11304353077380534,0.31338987262682017,0.2581741962138382,-1.0466459691669283,0.5936090143852641,0.2560705943493359
1.6537073496972443,-0.2963850174342451,-0.5451379219175405,-0.24483896614745737,0.285243851851107,-0.2853127013586903,0.7246723970080879,-0.5862143133622674,0.806457398463939,0.3335589982130396
1.90623053283991,-0.44358792127516905,-0.08678392873301306,0.2911653746906323,0.38472888541657696,-0.11163041528408822,0.5717476385950605,-0.5823187585248049,0.7403514229292424,0.40010816138705685
1.5360599836783482,-0.38153231595873494,-0.7089519013396823,-1.205621508856586,0.7719560457202245,-0.1243023077000378,0.6309421309849765,-0.24554024287888762,0.878366037347432,0.17845606046438975
1.3095580408185241,-0.8864611535600967,-0.031759846866178214,0.8698530401961329,-1.3161565841895235,0.5610246117492064,-0.26996030221195083,-0.8211318793583956,0.290487532872523,1.255270938163509
1.4538415158097988,-0.35492094829778675,-0.8469437628557206,-1.0931707632194334,0.6278554983961999,0.20735770424401292,0.07654059319887882,-0.1488520367815026,0.8955535521859317,-0.3548279698993393
1.4223342797762952,-0.7595838298420654,-0.21385859641481456,-0.8548587779391408,0.28971345500758394,0.4681765001316185,0.017365838785163377,-0.40386528854583126,0.2304741722708198,0.634481838625571
0.8619915598692486,-0.6896714066991193,-0.7288105874528704,-0.9025788076106654,-0.8276381040449818,0.4851132015022448,-0.1520422313940098,-0.7548349765250134,0.24139859087729784,1.067355477688305
1.7431712119730796,-0.27601395176320914,-0.09881655640103078,0.5857288913415232,0.03899341877925384,0.6724828210604672,-0.4606443315803098,-0.07102975627740268,0.7679413651558579,0.33158178254705434
1.2853725125115638,-0.25187780250779823,-0.8118190066996889,-0.904508932898442,0.06929093447952345,0.4152652846478996,-0.027715785677278625,-0.24357438068129791,0.495497810307803,0.4044347250825272
1.4771577241500213,-0.21759164102028125,-0.711686914556171,-0.7195924043891818,0.23170737268828448,0.3985611575404823,-0.03889673349480925,-0.18433277866085726,0.4812304324878152,0.5591510218588495
1.4905599490511163,-0.6703442933804975,-0.47159488251134446,-1.3105592218347804,0.33507561611736536,0.1609174497644097,0.27735789847896736,-0.034405443692914435,0.4234677230637725,0.5437651842556113
1.51467802536553,-0.16677170826389934,-0.9700673567519433,-1.6078410038602717,0.6122891681017133,0.26499827590321134,0.11825339259296648,-0.04955318431404399,0.5671346512633717,0.45086391544623594
1.6977526190371386,-0.5840150347057338,-0.21052932084325268,-0.7990199040016146,0.21170752322327815,0.6464328061443076,-0.12595324809337233,-0.2863303381156188,0.15294948370706157,1.1137871493554765
1.6148188699298096,0.5671215566203663,-0.767527038019465,-0.5705833575382248,0.00021071759149055946,0.46242313656626033,-0.1060530297498075,-0.2897017001045041,0.5771429730662683,0.8663464868271901
1.728052297089908,-0.6543367803538628,-0.08773166351826257,-0.8253323135993692,0.26059946384449617,-0.0032195866011876136,0.2668104784082758,0.05127430310031587,0.39904687377178594,0.6402354018429264
1.7381962720137627,-0.5175432949299557,-0.14193476854131523,-0.06582645829999519,-0.42682688309766276,0.390988069399729,-0.12415837033525189,-0.3176375790294617,0.510898155279041,1.0045927920739972
1.7622482849426775,-0.4894574877934391,-0.5195305330521195,-1.5542706658635397,0.21448848988999017,-0.07621667241648096,0.11233613975683564,0.36040365608556674,0.32163202993868506,-0.015722021907812227
1.8691697326381256,-0.22918253208945605,-0.5299023292244304,-0.40960320227537145,-0.5995659904259801,0.4916651511374839,-0.34708597083448334,-0.1290752860444506,-0.007225610542339847,0.7347562702934252
1.7090875585267022,-0.33408499084724036,-0.7278497057464626,-1.220539817319708,0.009489247572667885,0.04035715151064684,-0.06973525804304881,0.0276894576183572,0.1019559097924131,0.07204156147126979
1.428353868789432,-0.5803511871589092,-0.4972156207791023,-1.4212101404939061,0.018293446346635177,0.08838262272554646,-0.013971257860617632,0.18874568011415127,0.032344613194117175,0.39004140973142765
1.6081830618889665,-0.9424197119616095,0.4815789910411417,-0.5364886583755357,-0.26952882072215556,0.21876502517022758,-0.35266808862347426,0.2448037854936916,-0.11065513350521274,0.9459774664351575
1.725934862861182,-0.4923271599555038,0.49649044807215864,-0.3069871793402006,-0.34447234339459615,0.39810180702223497,-0.5605167451199456,0.16627403605272742,0.05906488144330148,0.7075058346306482
1.6848895897615241,0.10572285169007963,-0.4079407525471883,-1.1830204729287717,0.40156007087152573,0.34391740932875553,-0.2803516786545777,0.38520914312789223,0.4696951616847754,0.3751494203684457
2.1722437396033243,-0.35679724038512073,0.6159351970579825,0.42733686906732216,0.009311588554256532,0.4000986800493818,-0.4585044487304869,0.048712207973489456,0.14043766697936158,0.6581699049571867
1.9282742560587889,-0.3477891658047184,0.3981872879550881,-0.2987429318775538,0.06594070744325164,-0.20527782260495325,0.05162164597747779,0.19501809401918002,0.3831847348976681,0.38970572786922164
1.7832897893965562,0.1300615529422212,-0.7030969331758128,-1.3948707871043171,0.8558495951203108,-0.17282121067989437,0.3424537255982873,0.20632347709037013,0.8260764856218463,-0.26639269002216126
1.8468350673232827,-0.13736180452706748,-0.4598740217134669,-0.10978229071204539,-0.21833598567702373,0.26407788213393796,0.04424877073888828,-0.5823934898250902,0.07324384029266014,0.627969419862662
1.8525742763144324,-0.8074431722001241,0.7567784920142225,1.3848224758491994,-1.0304791692592905,0.029193673454275405,-0.03367947209104186,-0.44030311982837655,0.15254351898459143,0.8586389046567491
1.8471913386743033,0.11034222303458886,-0.440998210464877,-0.2790081830636916,0.2871467465488554,-0.10961929509547504,0.2590778546007616,0.028484647537527913,0.7952677351176478,-0.0682437582943566
1.5960513886440257,-0.48588592584912166,-0.41336049872774394,-0.7311925609389878,0.09219135102510428,-0.31641749206083053,0.42456095921570236,-0.07014427041684057,0.521988925561159,-0.013929220047755967
1.645479361434022,-0.3874771125744749,-0.320052613257697,-0.12859464290787745,-0.1285332988833867,0.19658805800202744,0.05533127774186797,0.014383995162828204,0.40207242833191276,0.5491622200925302
1.478282650120631,0.18852591701447333,-0.7507849595898244,-0.38711883710738293,0.03536996448688758,0.19243836024711666,0.03771603038042179,0.09736071833384746,0.45163323040215514,0.3195838031487761
2.013124269285687,-0.8142038803816518,0.7365979299821662,0.4272303757146129,0.18483391238471122,-0.28017051897119943,0.006281566329956525,0.08214097397777533,0.15619765543389966,-0.02995807124900222
1.7909781310075754,-0.18481816799081544,-0.1553555299023712,-0.7643921583954011,0.2627670968862161,-0.06672310092773277,0.07264602160674834,-0.004979915942988496,0.45714303030744147,0.18436266812890537
1.6349884583932375,-0.1329770812618026,-0.37976716724282794,-0.3199947780580492,-0.22209243629861958,0.0650554000028488,0.17418618117706433,0.15323462919263225,0.7503392824332212,0.33238120715786446
1.6718436087303699,-0.5134099056271713,0.281433960820838,-0.719202463170154,0.33701005101803505,-0.3859191472028001,0.38969799012714523,0.3695671509323546,0.36889881197252145,0.29926538341895365
2.165447665437474,-0.2911264946273668,0.7582689218780254,0.9831645393332387,-0.8764649874276632,0.3437826230374284,-0.42086089730894954,-0.3111631013801771,0.2621953334756132,1.0457418993852121
2.097007096019817,-0.13266745045015124,-0.15788826300401235,-1.006152390641837,0.32774551337236524,-0.07297315415303339,0.13878739776323715,0.05560077048212584,0.6035523336255552,-0.23157334011712644
1.702883978953874,-0.6278489015657627,0.09969956641798204,-0.9391845961182227,-0.46144579546194053,-0.22609546807637032,0.17932917714801297,-0.17916297031764575,0.26416274265859624,0.30945446219783207
1.698602542112013,0.5869952909006168,-0.7851395582748617,-1.3435171193965871,0.2988731133605315,0.2387613053412738,-0.053299678341424184,0.2646290397127668,0.7320527320713335,-0.20491120143074681
1.8288066227195487,-0.38520336589511356,-0.14353083501073136,-1.1445280259640878,0.24113703697503983,0.010151283762838003,0.18950544331759292,0.14479507971076944,0.06288847766303286,0.30817815456003667
2.9444025839117236,-0.9292305867408077,2.341089627487077,3.1045281207707847,-1.5306313445018624,0.6573404982568664,-0.9160229431706387,-0.0873127594127602,-0.023398404795612185,1.5752043028314162
2.387886441494796,0.7472571531448938,-0.13163985571333137,-0.05086871121481197,-0.6358335884280782,0.0939751191513682,-0.36206238377495725,-0.03973536899538003,1.1120120964327802,-0.5968526490039129
2.2344798583614938,0.09973058602484382,-0.1481570947591589,-0.8818210885062323,-0.07896062541672694,-0.03841683799388912,0.15142023034981247,0.15373646655556938,0.7112681416517292,-0.25368040696680666
2.2536956215320934,0.17285302187486218,-0.16907080196606258,-0.7229760354464064,-0.1770982254094769,-0.010182996093690307,0.07695134380515302,0.0029903801188702877,0.5135735092057492,0.05135330421281289
2.3963623547041415,0.2729138593284638,-0.5083578419768104,-1.6240661446777893,0.4272869905681613,0.0025544375382269345,0.29433867968313776,-0.07227474187117505,0.453519363907473,-0.17816257007695424
2.4315745474168753,-0.2085816296208429,-0.5451777725057859,-1.4407742098765732,0.4195779042569349,-0.22359533397901551,0.46437706069263174,-0.02316289740998312,0.2640182066121514,-0.07108859558709006
2.5858590844129594,-0.22036861621764284,-0.0725867405102112,-0.023184452470618466,-0.6574171286235304,0.5238864980670903,-0.15419399601014483,-0.6499467177063145,-0.16892340592348767,0.9902358942791352
2.4425562350621535,-0.048966254712893106,-0.3790261174539892,-0.3145298862655813,-0.3715472743730101,0.43966297405182103,-0.03022970927572882,0.18705473908174153,0.4513447237831037,0.4535810824139428
2.2838449354873935,-0.13489489693388929,-0.646937851307758,-1.1826920524632403,0.0730599298866704,-0.13656857581249732,0.2897285245135635,0.4726193544580651,0.6349983951542219,-0.0341323446223609
2.1342714919154657,-0.49015666293249704,-0.1490694733547707,-0.32390861900668605,-0.971076053420855,0.1910048288849926,-0.09600436873359451,-0.061298724666210926,-0.0014982503555078935,1.0009493786739776
2.304364251983763,-0.28113616310810824,-0.22067970359452335,-0.5098872494182145,-0.29975537708605476,0.12790233952479307,-0.11715193988283752,0.1809494049990593,0.2278545810700707,0.47234745239264975
2.2010137258300784,-0.34862674714736647,-0.2923439056185661,-0.4241132157007541,-0.6105831592776138,0.07828890997039757,-0.21399091926814576,0.04272392771076521,0.45161017328602343,0.022359950855672595
2.0478743855410433,-0.5218167023591905,0.3111725516227067,-1.1665793923715058,-0.061253701762300446,-0.1790171381457011,-0.07954028126123423,0.04590517045657563,0.056780527398694505,-0.004542728018603373
1.9495619639145028,-0.07417631915150323,-0.08641094695588299,-1.2366735833763292,-0.07809826060896831,0.2595049638998203,-0.23474759520048258,0.09777926361958039,0.22086667395589818,0.5588785565089129
2.1622351851645236,-0.2582613501184441,0.29740280380095374,0.2304265675606248,-0.8286078441866472,0.4524367775059523,-0.48155465363518135,0.252050736147532,0.5661788593997934,0.5869492241288737
2.096779509771518,-0.15375759755424565,-0.0672874090569224,-0.5087546235068988,-0.3639990361946114,0.11005872522075823,-0.20487590525082316,0.2238003321581149,0.6159003196642832,0.0011561351216152398
2.2817457539474564,0.09820797435911821,-0.28167706315995167,-1.3184731668300163,0.339894256480076,0.18980666367735644,-0.01451989666627576,0.1512791833973202,0.21303314584929658,0.2948741482842453
2.2308815314265766,-0.18407691659948244,-0.4376262286183802,-1.2692900151907465,0.26694939919667593,0.178573339762719,0.09957481487269233,0.17984963954990332,0.24816374812473826,0.24481406401583553
2.603322163366731,-0.11124340693289057,-0.3557150238601376,-0.5769915366913169,0.13824238029991612,0.3646482969262254,-0.056535143738668636,0.10008056246142305,0.24004339909592268,0.40046924122033156
2.679346928591015,-0.09291770568615468,-0.1428298888883176,-0.3524539907088214,-0.26128007898325617,0.3690338454401191,-0.1650086314407915,-0.2777425763343261,0.11093065592176628,0.2435153765945324
2.4790937015753376,0.5683995702465869,-0.7757962558353126,-1.0406731068154909,0.13759675536279117,0.15427701465773155,0.02400971598806984,-0.02233265267406606,0.510525818644907,-0.15987274997711007
2.740157263619,-0.33496389525569403,0.36991531189504817,-0.3862725462835739,0.13983756844413528,0.028168157488697027,0.14791525220780297,-0.0814172660105735,-0.2557044848036352,0.842649829735562
2.707713297045849,0.27243721259595804,-0.44553817652317756,-0.8790150660992497,0.29739301961736647,0.0018623466933331734,0.13955182471796398,0.08860886153778469,0.6267895942739787,0.036688070145636485
2.968329620516627,0.3246824239754807,-0.12259582399298902,-0.23353804971462247,-0.043682025347071156,0.24624617974800295,-0.09202977385230557,-0.21219624104087972,0.23841724347390628,0.3520939045380328
3.3814878383686726,0.01540378244089224,0.03860492514768771,-0.024252609094253443,-0.9839405416266817,-0.06570639412295713,-0.4224972827572894,0.25540148888001246,-0.6215775917849302,-0.28843548200999974
3.1008074154365715,0.21053939523005435,-0.5161922496309049,-0.8473916200512037,-0.8641391837198454,0.05679145585340071,-0.4728660087153519,0.21237106067479813,-0.5284199482853896,-0.41334458700156484
3.679302482669949,0.03593180943501851,-0.12737798283006782,-0.8799397001343705,0.3942658918434643,-0.10313464843158233,-0.17082818694792987,0.8349378645537342,-0.45439970448413486,-0.796753108685296
5.672733246572801,0.5294385462250918,1.3418015411199238,1.6418495414419227,0.95740681423005,0.48217642120060744,-0.8847714028661068,0.6327895432002553,-0.6621204987948544,-0.22000569297228786
6.095903944774822,0.0009697136243712943,3.3455311506869454,3.1229732372901533,-0.9971160451665366,-0.4145366436226532,-0.7429564802322549,0.3579949992975104,-0.11606134301239247,-0.8046876434459505
5.7298302954007685,1.4243113261535263,1.1714934844666975,1.1115175490673954,-1.2508431708549244,-0.9321088220617915,-0.30299965386298416,0.02571300551563147,1.0562884606391973,-1.8831806849887485
9.34358446097023,3.510688175671958,3.9068303427733873,7.202954935751788,0.05315088591092309,0.6138476650251894,-1.9055737897403258,-0.8563437783890706,-0.6189370076215405,-0.1541881577418168
7.602741226135673,2.280078437477499,3.078650704023659,5.994950686811629,-4.8049132782735455,-2.0253918636225428,-0.39447545138802886,-2.1864592379316394,0.6952328892208769,-2.563556874645779
6.8509480703239305,1.4535697576735043,1.1928914362742766,-0.6664895490349503,-1.4481476078014832,-2.806649148722372,1.6674449470562702,-1.4031327632397834,0.46965247648889347,-2.3679362520455056
6.498535795214175,3.4390932943152928,0.0812153179234594,0.4798482747744457,-1.9206844776095862,-2.0147819247624397,0.9187097591228125,-1.3951820683312153,0.2193744375997578,-1.684261054356553
5.5111710493084685,1.7870090854526628,0.17346218626473722,-0.28084071660955556,-2.4217310086436994,-2.2016667400144065,1.2701367432264807,-0.6355262065235108,0.022067653074309333,-1.34988398458982
5.425639027781601,1.06776128229846,0.1830168509267624,-1.039244692497936,-1.1380794194703863,-1.774254242212339,1.2834970832896346,0.571279124229407,0.4683165019239471,-1.4205808021569817
4.350137793631704,1.4603206258102353,-0.6092449322357965,-1.7587821749317085,-2.0884301867347816,-1.2546121906579273,0.6302221585157867,0.18046747144562333,-0.02253320327693822,-0.3816880730132081
3.741576377844519,-0.5010742457792587,0.7564796481756637,-2.1978270595984712,-0.6786376571447436,-0.8377178448604581,0.16737017527126405,1.9624451423418092,-0.6233032371013377,0.4263623011752465
2.679224505877431,1.3098058433224689,-0.724895552545869,-1.9458026917359608,-1.8035829757960538,-0.2920799890194526,-0.531977926004172,2.238703195344532,0.18277307995512201,0.5697494603433187
3.67339044949256,-0.21671141894566545,0.6532274160265502,-0.26315084414596807,-2.0116889641116176,0.25175436678919627,-0.7066620052866752,1.7275125817938726,-0.672451955434215,1.252401429104938
3.0776537911167003,0.8513284367369038,-0.515655307789297,-2.3400261223084944,-0.8761886387043555,-0.5125943395803504,-0.36488634979584744,2.3328027423436972,-0.01371193254709604,0.06939296318959567
2.9707729452257654,1.1215679895648683,-0.620394541151292,-2.401526056952408,-0.9584561550705666,-0.4802578173816824,-0.22352730119940742,2.1229379179098697,-0.34422671579994074,0.3162721283163333
3.283207738864726,-0.166633305063049,-0.11998418265184078,-1.2735045267770588,-1.8597700575391205,-0.1078170066589949,-0.38022525180922256,1.6843571390572285,-0.8485583678606748,0.8291097017223789
3.246335209361622,0.8766128050202294,-0.594343798661616,-1.1721935154013206,-1.7276565410481182,-0.2382170684149244,-0.5292075477288826,1.8328555296538753,-0.2557740545697665,0.366478419755145
3.5067972499097557,-0.03220403799095563,-0.1467044476339091,-1.7863394249024138,-1.01926385479521,-0.200247241228958,-0.2349485357467954,1.7837258329217656,-0.5327089366776601,0.12054126333292484
3.480815722266738,-0.5408026073382293,0.5562549232852915,-0.2474407300218746,-2.6305385396715493,0.008197371912729052,-0.8190517192531003,1.199891915771749,-0.6537009879531693,1.081063428085613
3.20177085998568,-0.2637090229737576,-0.04494564391834627,-1.6018974290463468,-1.6184636931984488,-0.3978586271148674,-0.30641726925100554,2.0104847055131936,0.0782172141707581,-0.07186046343006422
2.9695017516311597,0.7930759137293696,-0.9622775127771264,-2.6195293918428466,-0.7120948373666077,-0.38666615390753895,-0.29431445141077534,2.1576163865406834,0.12706408312479409,-0.27648522583727614
2.987744952079057,0.6415661244519946,-0.7359823131422387,-2.408109167902628,-0.6624149978339975,-0.2724250453689402,-0.2860204797931353,1.9284325487811687,-0.45862596926124827,0.21973283442446204
3.1566695911428395,-0.14367934124761397,0.21256235734503076,-0.10420428264346063,-2.7304988902892466,0.9973253733402621,-1.1274075062540816,0.6992682645683655,-1.6714913069063557,2.5167925821665174
2.630689994998652,-0.09084551603536467,-0.6889988801192031,-2.1824134846013568,-1.3403444518288408,-0.33088177471420127,-0.2952487024560927,1.8099293410870216,-0.22898989387582627,-0.045263713607969505
2.6787632413276787,0.29530730767227026,-0.8987278722389915,-1.480467909309697,-1.3735888417327133,0.215393038697469,-0.5720594559858923,1.6243324322493897,-0.7144886099204241,0.5265673649419261
2.7661088198386,-0.19093647410336265,-0.8400187127623471,-1.9275235094110799,-0.9560971325045585,0.12112896430710902,-0.3827320576293203,1.8150559548215652,-0.4938562119016894,0.11383298073282946
2.816638747223222,-0.28936074820836566,-0.7533001144783102,-1.9520961260454348,-0.8932821451633931,0.30224711740393384,-0.5068135527738827,1.6880255189106887,-0.5071726611486985,0.10125822981569735
2.813041796510641,0.09655932066930634,-0.708433524897101,-1.318151073257554,-1.1484628483733017,0.27363361758758464,-0.8365999622910506,1.403781282961481,-0.641563945406138,0.16763328467399433
3.0051083682319093,-0.41152918460431953,-0.3450358396611348,-0.9862256021638616,-1.4413984778047857,0.2776887399870547,-0.973497113631881,1.0666949075488261,-0.8321860757376822,0.015161870910309776
2.75899579407995,-0.3406798119223039,-0.7281658282080071,-1.8011484060815328,-0.9223098186892391,0.17654959106791784,-0.509059469986449,1.4347839569305527,-0.6407723930617674,0.1292863471274083
2.7290587086707006,-0.5944609073827809,-0.0731919634282961,0.20322494499738566,-2.177932459875993,0.8760496074876111,-1.303708296899076,0.3089033957752737,-1.3294683606644786,1.0071088844631424
1.9870771521458261,-0.1511764459636991,-1.4970302023603048,-2.083659783496884,-0.6964739565289152,0.06972073444260636,-0.5187677132624942,0.8648776416322979,-0.8659647188787714,-0.36417260189507533
2.1122625824278947,-0.20021575234999373,-1.3185242291504773,-1.926703678710003,-0.088755047175615,0.42149523029760977,-0.6786179211943354,1.0559825899378523,-0.8141547841640363,-0.6234469390679448
1.3983701492778895,-1.4653325217195043,-0.12251107477709672,-0.6845233904705283,-1.2216216726813804,1.07659236682328,-1.2836850797479709,-0.10524020349708342,-1.8805305088371607,0.44387810751622797
1.7834293916529387,-0.8837850852810342,-0.29532455577554695,-0.43655434290068984,-0.2277736304147331,1.174559046116036,-1.5448267439902852,0.21059962233985083,-1.2850082034502703,-0.48049699163892146
1.794918396393555,-0.49129392522896975,-0.6556090463662172,-0.7041142457755375,-0.055108663037684365,0.8511050801426043,-1.2448980657461646,0.3493896927704005,-1.0940086510223668,-0.8257170736354306
2.5429739181262514,-0.5463513365920162,1.6246624162330738,5.491125411072572,-4.212977368681146,2.351919285849124,-3.60382403388856,-1.9807888824460276,-2.4310291263959134,1.2042288922682391
2.4142214481591076,-0.12392936995302413,-0.2561604856162855,0.10765640910459987,-0.17816876810385454,0.3969512708088656,-1.111771706643494,0.38484640551087895,-0.7462639308179483,-1.6958718850954038
2.803585985811783,0.7658786148719063,-0.017972804735236658,2.0165371437144564,-1.3949849161104355,0.33430814381225626,-1.592620781184301,-0.36347112368314605,-0.9095415893987245,-1.6951910984802714
3.609429617033733,-0.2597952435411017,-0.20664426233680114,0.08075048401064241,-1.3551427306755546,-0.10624493333568354,-1.53159639428986,0.5957519624681444,-2.0965200255917233,-3.0769702589706838
2.4886069913960447,0.3106237866997283,-1.4837833302419745,-1.2344525824378758,-2.234593852481178,-0.13125726430966655,-1.136241614444736,0.39461494126315994,-2.256548074236157,-2.0734828873348965
3.2861656082133015,0.694268127229057,-0.2530707346711802,1.3177800491940865,-2.073253297346866,0.634404812820638,-2.029955050641938,0.7973336410420411,-2.4141357087739137,-1.5866389767593971
3.232309378180559,-0.2555073087382397,-0.7035063206773122,-0.9056067075672027,-0.9807436559500537,-0.003050881754642819,-1.2085327272988815,0.7895165219132083,-2.4864715159005866,-2.3766525128594553
2.748207545508243,0.2626267216546606,-1.2156667152258511,-1.5668929130780496,-0.5872779981182679,-0.06286299976508924,-1.0569252400917983,1.662290428152911,-1.8992469180934497,-2.2613988968386187
2.620376938520286,-0.9130321519078056,-0.7262051443380627,-1.4978892046162995,-1.0768014213138175,-0.07734923543401839,-1.0096441471909707,1.6453168072768676,-2.006442309038351,-2.1448360177344057
2.439465633342106,-0.9326803031771921,-0.2063361498270033,-1.9860559516572407,-0.6431995238868315,-0.0486458808352355,-1.186240265700235,1.9294728666732979,-2.2203375775474696,-1.6367863514083743
2.376935273818833,0.1542310838750099,-0.850132640291762,-1.043341470221407,-1.2398591608388272,0.7413537287611824,-1.9021070509590496,1.7709270158045216,-1.77211172446433,-1.5130860791405518
2.7253917701223234,-0.007422301049279934,-0.6249999396604918,-0.9474563389540819,-1.1339358626226037,0.2889851674401666,-1.49641976016009,1.4725008326989137,-2.1223147545051515,-1.6561011284701717
2.2283434175961867,0.5157377044727937,-1.2525525829063933,-2.169360092046563,-0.47348088142066286,0.08158456695344955,-1.2794455958545692,1.8844437466105395,-2.125310605039145,-1.6458518873556989
2.7059466872218496,-0.5142740779697409,-0.5174325288926386,-1.9549699199368198,-0.21946548490454412,0.21967405499666556,-1.1552346094278576,1.7988520199457416,-2.4249704603519584,-1.479504250855261
2.578589599121894,-1.043339051382853,0.0267373359595231,-1.1416714732596995,-1.2914729913377911,0.13049098186685448,-1.415375616593019,1.81327209208643,-1.9935039190768957,-1.5679373374615084
3.1160751832634057,-0.5024291714087928,0.07490008176118207,0.42799374825558506,-1.8136820245744605,0.3605561405598489,-1.737458637299915,1.9927768882682684,-1.0952006729410118,-2.137150791471088
2.3950707252930865,0.15343112607656811,-1.115896486406653,-1.5701030275068883,-1.5910286654081571,0.26542546014784923,-1.4086338695314742,1.364925427258301,-1.7527940694834656,-1.9301020295792997
