PC1,PC2,PC3,PC4,PC5,PC6,PC7,PC8,PC9,PC10
-1.1448079841927117,-0.1497362393489104,-0.5614443233606078,0.2559208523549709,1.2897964121275898,-0.8751992667722989,1.2063388225961602,-0.4793987974712673,0.8489657999330914,-0.6424215270528155
-0.5822280891428029,-1.1096890065035554,-0.11887434206095246,0.26996119289902276,1.0157043355256787,-0.3092053377755134,1.2099672340283973,-0.5913106031329352,0.11569162296695666,-0.8270678468435733
-1.1679410151494114,-0.8537315706960603,0.7107696046126428,1.9512496698683517,-0.016609645830267708,-1.1880290995951939,1.126564256141166,-0.5924593208565009,0.5536614363603564,-0.19647210643187787
-1.5730810507771518,-0.6367883789453954,-0.07283269622531319,0.8111595577649287,0.17289121436630447,-0.8820146432156769,1.1297155023021364,-0.5205556496095417,1.365378267691281,-0.8654440518131
-1.975463383965866,-1.2063655997268194,0.033409659930432094,1.0063870886568842,-0.10640963861408453,-0.8762563766287893,1.0528239664237737,-0.3867185841420107,1.2808277445779008,-0.7748736183976718
-0.8950899173718359,-0.7525290477976243,0.08789850581248215,0.7939141016881583,1.1824775767298352,-1.1549493427838045,0.9084131816138596,-0.42760971051662877,0.9049166301750184,-0.625178605765496
-3.1769709073921697,-1.7720597812511787,-0.7570078490775654,0.3702035986658461,-1.6673440152261307,0.21241150384656654,1.8457896199529233,-0.9511702292371079,0.37635262160209726,-0.8641163192518871
-3.10814914218749,-1.5821276339402155,-0.49577173251126555,0.1500723185980558,-0.18527001483434377,-0.5025461405428304,1.0379934603246959,-0.4513206459667281,0.8634883781676319,-0.8219666179509216
-3.2633007744792573,-0.9268009863411587,1.4285299001163063,3.226210779566693,-0.6207833663145725,-2.0463297082298273,0.3032137208941113,-0.5833720213014272,0.3235808494356858,-0.16106527666547324
-3.631218321093876,-2.1448431315520256,0.8867711502561199,1.6377124342338905,-0.38669366742834044,-1.0972920262802988,0.22789168611168714,-0.16419764039819906,1.354357337518223,-1.072379477598959
-3.380678470511801,-2.5241336998618937,2.712259000759687,2.6123122118840856,-0.8974368982187044,-1.4442793686830226,-0.5894355901051636,-0.01297461958886271,1.9935519687195045,-1.307914554994091
-3.1300583672169036,-1.6224385291284111,1.4956714606964587,0.8385604344061713,0.03220914755109529,-1.5661652297399467,-0.2253092285172757,0.1413745948536184,2.486979419657547,-0.9708470456874176
-3.239255731636143,-1.8859956356987542,2.0864678074686687,1.4185920631512698,0.01957931158432089,-1.7326433265174392,-0.534688356508027,0.2354776809673126,2.065626240303673,-1.0955090047129747
-2.0472852495800877,-3.914074317805769,5.9967528951225315,0.004845494519489773,-1.769963069828018,0.13278257907904328,-2.3248387080828707,0.7281591684846244,0.9674608825929352,-2.5620225885251067
-2.866693810012364,-1.0396134841118159,4.7640840212389035,0.0020427879197351916,-2.473815156902279,-1.7527537034858849,-1.149578243873251,0.04584367446260275,2.0212544678754685,-0.4489714578853594
-3.45315645137625,-1.6785237966897246,3.6969233720315304,-1.6264114998568517,-1.8051392490170584,-1.1091446661740223,-1.0017962651383887,0.6509474091227049,2.515037811477529,-1.6223260993793807
-2.777152599846843,-0.7242751494172253,4.078482484685045,-0.9285846148057989,-1.075153001964443,-1.8832202770862156,-1.18416394047993,0.49762057398759896,1.3638969198127455,-1.0439284754880997
-2.1380481582417126,-1.4332201126280084,7.154372416793931,3.2226161000519262,-1.757246616368828,-3.5527909435840335,-1.9985397652258656,0.7997151163727572,3.8204011948681726,-1.3952358936142528
-2.2060936319252846,0.9006091537611352,1.723907462232657,0.06703368301060832,0.4406110004926851,-1.8926079989492444,-0.005437067234902301,-0.19312254499827475,1.959827751709404,-0.5641156945139184
-1.6493536425660023,-1.35293390249389,1.7552714661205766,0.2264259170720949,0.48970355217476663,-1.0943450818095173,-0.031590210932945166,-0.0802383105985888,1.044480509088686,-0.7682371759065525
-2.352910207880488,0.18334143740486802,1.3114688892458468,0.21302853046034084,-0.16053874982621097,-1.887428103596352,0.5067719010245886,-0.429984122434468,1.0465357203676913,0.09879436963902984
-2.3066461904851967,-0.5697797943944796,0.6592681743572824,-0.8091477352526425,0.08925885345407959,-0.8481044773235759,0.8559719791281629,-0.5090679616896725,0.34828694867296417,-0.36704737100995094
-2.454415754808046,-0.4167761979863428,0.550391666809353,-0.7052816869660373,-0.12683927029430056,-0.6709506761523005,0.8780981327710803,-0.7639520205960156,-0.6734754437419007,-0.1967523939464029
-2.8644767110151825,0.18201925753394405,0.3988913724694139,-0.971051160922601,0.06388618391428924,-0.9350766061025848,0.6253505883806911,-0.47609796959447315,-0.02414584684762808,-0.189553913308575
-2.8650369874186667,0.4622899058734867,0.3044839817242556,-0.9466811891309439,0.8380027366444541,-1.028531417770924,0.31305377346414903,-0.15393012159375727,0.10964596594395344,-0.2059324963172701
-2.36456940647694,-1.4838570760002714,1.6477664706001407,0.9347795394925477,0.8588267247601418,-1.210981006541057,-0.12587657719152545,-0.17962233039349318,-0.1946977590399502,-0.21907680222729478
-3.606614367485964,-1.2250093187436881,0.5309984748017585,-0.3368490182261846,-0.04016990958366192,-0.8166585729991352,0.2471467314505663,-0.30598858046056954,0.20811639954838274,-0.19159178834392834
-3.616628574943948,-0.05895159071287535,0.6190557970838415,-0.3262291931970961,0.4657350915662253,-1.1651468606526192,-0.07981330940272507,-0.1952105896486849,-0.06333506523544381,0.07262902902226971
-3.2382433334158,-0.6953122146528959,0.7360533563761236,0.5212224518359245,-0.06329512335580076,-1.0329452444148506,-0.8618272788601491,-0.01076304593226853,-0.8144499472755168,0.3525952979992405
-2.683819481069682,-1.2123905344097425,0.03017255843643887,-1.3339331313086318,1.232928261387576,-0.6491792265960626,0.18990143684204247,-0.11433977826528005,0.3333449929158542,-0.28626265578089644
-2.3419328772992807,-0.8018674625030221,0.6339229593377995,-0.4196280802867304,1.1358294195565277,-1.0545381950505421,0.03827788819274706,-0.2008253798251652,-0.28360625496478664,0.19346043000326069
-1.6133696369523114,-0.9068829845806287,1.2342052695300851,0.36134410349382207,1.5604589626064247,-1.3016035420871392,-0.019123292056926828,-0.3671748373067187,-0.5669679257014155,-0.000530446388011467
-0.9514799718467594,-0.4370929805818282,0.5641967929930932,-0.7077448326553004,2.2337151338785204,-1.2822422140929124,0.17588728572652484,-0.27869239421030556,-0.3904104934266273,0.17956699777946128
-1.7714799042308031,-0.8873776924213216,0.4468427286760544,-0.4347298880120363,0.4290348824467266,-0.7830011030239805,1.0009214551859127,-0.7462288451067942,-0.6234222986907166,0.12567363618395633
-1.8267709011720104,-1.6682960502491342,0.499676233279539,-1.425507344963193,-0.19676828972212626,-6.794577357069249e-05,0.20436201394543543,-0.28895914296073855,-0.8940992988764043,-0.1487223761716904
-2.7363232472622956,-1.2450114724518981,1.4532817155774014,0.21919908281750902,-0.9019384199557477,-1.14386522953091,0.5621322495071002,-0.6898702531884463,-1.0173215701260039,0.5042102130329357
-1.5531987812190746,-0.5600246909772697,0.6528627446194321,-1.361394570559612,0.9765636506346954,-0.9031512108246336,0.36600567909756715,-0.44046756832482004,0.09333453539564945,-0.3010213312903091
-1.6538651021987938,-0.8782315935171763,0.6964859238181617,-1.2440483571384438,0.5804678571543491,-0.7700664189954688,0.44622770262749006,-0.41572231185637254,-0.14874034053445623,-0.17931752596725944
-1.0073573198890464,-0.8037194468979699,0.9557909270183057,-1.0203867025122362,1.311972960437484,-1.0772522165225715,0.08586200351160019,-0.25748855056277414,-0.5811711467781341,0.21723885290592235
-2.274136096691072,0.3760105204174546,0.39344740806624945,-0.45998625877881916,0.2439789390981796,-1.0566757269091351,0.3166589405767049,-0.4960688833508914,-0.576845822953368,0.373855247343117
-2.166011041240251,-1.2153830042169531,0.43126949367811557,-0.9565221376198314,0.09827449755884014,-0.2844948443309962,0.31283796911173456,-0.3999513671470293,-0.7155035369512318,-0.42179942241109003
-1.6988056660691997,-0.7653997869102199,0.9153506190993024,-0.7271014905923333,0.3994760429821709,-0.8333560756824507,0.23228454338619334,-0.436627021757951,-0.26243853462985905,-0.10135943025336204
-2.5518263495189903,-0.8011992600525473,0.017816230990830014,-1.64256577016521,-0.39357001241207434,-0.4048987383131652,0.885507929373401,-0.4787728321198386,-0.2962292181433562,-0.04806316126338891
-2.3318111189884356,0.04566013358488526,-0.31291875460775137,-0.022689858275248276,0.7695414112500412,-1.1671874170964094,0.7559593116467931,-0.593007333668979,-0.6074105544336006,-0.9823674675333376
-2.2758017975656446,-0.9200005187889397,-0.5458379345180638,-0.5796061651061745,0.887906871143257,-0.5918856029954522,0.8690851392081488,-0.462809269824565,-0.014447473035064025,-0.8294819437944805
-1.7904975210154332,-1.0404986581166598,0.3077914903728053,0.5803153121670427,1.1469558590821827,-1.1635168994910305,0.36145870219034565,-0.2798189197054852,-0.16302420420831842,-0.43490809863161056
-2.524132837936564,-1.0862998383425337,-0.6021617044854374,-0.31084715952839637,0.7314690777917088,-0.6905856236692045,1.17782643326997,-0.44103714950969825,0.35982683705388163,-0.4914175006644276
-2.932578914728293,-1.0262531567355224,-0.3897713126996318,0.301410714461796,0.2606903298831724,-0.858075929974139,1.0827617419504223,-0.6265937898166319,-0.5895035936021713,-0.32338398252900763
-2.786883246597429,-1.527246746476336,-0.2090370677759593,-0.07260936004161159,0.9657768848501029,-0.8085156440076998,0.7700576565233237,-0.3506516240072538,0.25404416501372584,-0.6086724093318598
-2.2421663863625345,-1.0683624018770346,0.19961634635268088,0.40107670543887486,1.1611400575829849,-1.1443075947251524,0.739869611082498,-0.5115565274951689,-0.04468442975217823,-0.7167135097387516
-3.4332743956071496,-1.51937549205492,-0.2560934726109076,0.23475389080619957,-0.12375240079160424,-0.6743262364961796,1.0715991816119348,-0.6485919559726432,-0.06571600648348308,-0.5935158734107014
-3.4242298267217857,-1.1544736188972013,-0.33655441124159763,0.07580877036180002,0.42433832402044575,-0.9429753062332935,0.9717837769339721,-0.5858729458421176,0.3217707555526613,-0.6722504625223227
-2.6060494977217,-1.008294820834886,0.23603145791444105,0.6231078316195237,1.4423850707123942,-1.522151484811959,0.42968809314038275,-0.30197164395407555,0.1837097895851332,-0.47256707788299857
-2.286009331352869,-0.941893360298776,0.06759243286874282,0.38612173868111566,1.4831658882607914,-1.2644037270999566,0.69983798817758,-0.4018869000213932,0.5859236500279963,-0.6320331144989472
-1.7324092639801612,-1.449374755746297,0.17315182894785272,0.3071325465126661,1.5541737763323396,-1.0332745110698103,0.8745846424590278,-0.39104591993638455,0.36083506820116423,-0.7516129480065087
-1.6328133094804675,-0.5420544059613995,-0.29921410973896573,0.049899025319812954,1.536727538962452,-1.2368741111404606,1.111256528122729,-0.6187183014719273,0.02808473546448819,-0.516544530069502
-1.425835770277757,-0.5787571131273656,-0.03419183499550122,0.43674828187506937,1.360070402003785,-1.254801053810002,1.1453047906404745,-0.662368004987439,0.00754353140582007,-0.5972292529153924
-2.5314293945543556,-1.4876891517472728,-0.38075469167596204,0.1513262069601263,-0.5023963859237287,-0.32773636843264564,1.6379905116824918,-0.8963981201150149,-0.2247079678450156,-0.6902639084187727
-2.0434770513118767,-1.0463788339874902,-0.6846229416294535,-0.5027081159118484,0.6136193869303689,-0.5643438794548725,1.509405412111033,-0.7592391870547959,0.05555868880966535,-0.7195788867766777
-2.3196026866265154,-1.1100430473932976,1.4054036970108854,2.8725782299305775,-0.19832659037976416,-1.8945375294221043,0.9046909459235134,-0.8583955812096343,-0.32230221034252654,-0.23157299401590994
-2.7745033955920695,-0.9428187684517095,1.554102621164879,3.0686485495825058,-0.3825740527015209,-1.7595673662063016,0.7226049616949485,-0.907493066714427,0.7744372264891588,-0.7828591567681948
-3.106535385683849,-0.5587767120681776,-0.8149833483534489,-0.29923046354672883,0.650075504544742,-0.8518425600417864,0.7411181107158171,-0.2855982599690197,0.5860028089249592,-0.8838029088844698
-3.640307424911272,-1.3323049439507586,-0.6248217340220797,0.252417392657898,0.5931868772333851,-0.9267259941901923,0.5996846331839917,-0.32765953021974065,-0.022900886105379867,-0.6163670264376057
-4.1620687303604855,-1.670650484162594,-0.9940533399504428,0.3459640869463046,0.11560438594802698,-0.9068545081435677,-0.019550020468752143,-0.013064599930556075,-0.3657847915813013,-0.11415995966194474
-3.122433317626041,-0.8110514506104446,-1.4337282516691856,-0.5164336948763733,1.5658916887280312,-1.1577702585782021,0.0720000235361458,0.11964580594143387,0.04542404327243998,-0.4168275469016384
-3.713643416920525,-0.5110901342554032,-0.9879423985764209,0.5975651043333449,0.16768544165235613,-1.0659181699129603,0.13344019360335335,-0.23468443528375463,-1.0113808833279998,0.07730942957405493
-2.273608612405431,-1.511819556421548,-1.0988269820784575,-0.880531822297063,1.982196927035812,-0.8348229595002928,-0.6375411352244472,0.5932643120838527,-0.19187606855970799,-0.45478701988201437
-1.9191668220918634,-0.6447816707462979,-0.24171472937510988,-0.16791645040863362,2.3737526892040153,-1.7209229282388672,0.27633794466256256,0.10022522917612078,0.28426569893423137,-0.33581493225120845
-1.513329212823296,-0.8657455270312383,-0.23140544403740795,-0.07778938182915766,2.16709956893712,-1.2747839356285362,0.575671431447596,-0.22495947214002615,-0.09990254376877117,-0.673385871581942
-1.3980294680863024,-0.39695096756569787,-0.49950331061638736,-0.5085712160457676,1.8681479095168156,-0.9932438599309051,1.1105216036148022,-0.48541514101061833,-0.14773669164777117,-0.6675348036046346
-1.0744552955329643,0.2567420236163732,-0.3147570501130784,0.129149343692654,1.3195539785291406,-1.1307230466979064,1.215578807030598,-0.7006734046829332,-0.9030172646665178,-0.6195451315223443
-1.4691565842776895,-0.8078606001953411,-1.2945812541260178,-0.9315236517334171,1.1433610794129527,-0.1519400905173049,1.6357404955234236,-0.7151101269037556,-0.5520361696878665,-1.1234591147423574
-1.2020548305665095,-0.6533065027075572,-1.2012579294948356,-0.693327802731256,1.079371407505686,-0.4255183925069189,1.710795151233742,-0.7397881259445028,-0.7499991138442832,-0.5669485437758267
-0.6133694107330289,-0.3742040002556979,-0.43815860163188086,0.1667367003197235,1.7794731875987562,-1.039969328798103,1.3684115523425469,-0.7335815501582106,-0.8900701394139112,-0.4970107496644898
-1.1377497917675243,-0.4322452228037683,-0.44559917758192197,0.3492582762386992,1.1993998949042097,-1.0022484997405812,1.3685376313790583,-0.6650323532162992,-0.5315116146803769,-0.5354582559637104
-0.9416406111482443,-0.42662649821608173,-0.7472884649222346,0.1713036565072694,1.5342670840293438,-1.053925615765474,0.9671361561397059,-0.5346654640763961,-0.5917489700747537,-0.4524512963175356
-1.812210487253674,-0.5759257689533848,-1.2815993771673018,-0.20295107545663219,0.7791094147546632,-0.5495783606069647,1.3563662672165373,-0.6382683148631242,-0.27099137650198574,-0.5327543354235131
-1.1476196668462073,-0.34620423516657,-0.9707845721369655,0.06243747608187104,1.5380063291628299,-0.8495571514837693,0.9514683274835134,-0.44271903990790495,-0.528021646886676,-0.3619645165954124
-1.5743593121896198,-0.10054601412122585,-0.36028316900656326,1.3726056797205568,0.3296502675962979,-0.8797153049910711,1.1277929418079333,-0.9692664035427441,-0.9484908633910957,-0.42863030125298046
-0.89932357129598,-0.5516960320152328,-0.9144404951209109,0.17313755913896903,1.4907126115431937,-0.536982074666565,1.3286895132663825,-0.794453577775204,-0.30434229288106124,-0.9039522030272564
-1.0514893750125478,-0.3511323991393926,-0.5363618088800358,1.0089960294037823,0.8490273969002778,-0.8547350774100017,1.1931430334240163,-0.8164005836042155,-0.7247532434323414,-0.3761821190409903
-0.32108519272211145,-0.5494170891841974,-0.7308623542452981,0.49705638735431984,1.5770666218335054,-0.7502053569965095,1.0599527803382907,-0.5783505642759539,-0.14124847834901005,-0.5316962585418452
-0.31000736487942104,-2.01836658069561,1.2237493888086128,-1.3933913014558437,0.22287462189307367,0.47870832231513355,-0.09969688897901016,0.10157405417009813,-0.38299086737252547,-1.5133224632414413
-1.5518156749683436,2.764700058346567,0.4609192004005817,-1.4289835032477018,-0.40278615495604647,-1.1213117987702332,0.4425895726687396,-0.3263676613920708,0.3651850962458122,-0.10017895332972158
-3.4603634770632596,6.037475756878113,0.7080771905171517,-1.3092314695407492,-1.1705685312118823,-0.16827223320178342,-0.05521680326144015,-0.08152422059551939,-0.34813602850677977,-1.0817475872076916
-2.6590805629992627,4.856533544007769,1.0247676112073094,-1.7568056478000282,0.4903365731535785,0.8017621187309178,-0.42893236034223253,0.3499100184807507,-0.4590478550440109,-2.0660331860283287
-1.9617203559831715,1.7128743924682492,1.4610174563448861,-1.1586043919238276,0.6918274565415653,1.216113883754728,-0.5324925190162636,0.3715629473311232,-0.9716198195172531,-1.9012126335509685
-2.5437934638692754,3.3632021431405517,0.13558392467705227,-0.38227720243028873,0.8731182022318333,1.12113565620195,0.15348590878786608,0.07938909230450969,-0.715380205894956,-0.9031578517990018
-2.0852062030966594,1.7541881524522769,0.35730335276796604,-0.09337985607343254,1.209283382438381,1.3662453380039619,-0.16875547068264946,0.20782331287140754,-0.6336822273304805,-1.056863445649438
-2.6242837306248097,4.434986182989961,0.33937512589685204,0.3476440657890255,0.5552350509327981,0.33204852168990073,-0.1146989572215373,-0.11693559728998756,-0.7796520229031226,-0.16970170483258615
-2.1262401131536133,0.8876280704888976,-0.26714334805147893,-0.40869372475620724,0.7356208791504673,1.7985938252986295,0.09002460573045855,-0.004775774037087221,-0.6757893754889536,-0.7933193048561149
-2.147383384093796,0.3897026904193812,-0.22335486918987293,-0.22380076742326838,0.3275095403353715,1.9405108356107128,0.1227097712914348,0.04625915338968392,-0.5772475037064775,-0.38136400827822475
-1.3060154467883405,-0.7831867705042079,-0.06639414381655176,-0.3075003010739263,1.3537202483419772,1.7496961600028782,0.2024422436314115,0.03622033055455781,-0.20109090904822727,-0.562202896318817
-1.8818229240292503,1.460205110310551,-0.11613036772456206,-0.28343492059859815,0.8562247701859684,0.9512168728515029,0.46417071196066956,-0.14291635769505137,0.04176317584935665,-0.1028891218924586
0.1366665910729974,-0.9291736190154001,0.6149894626604319,0.5065187799540768,2.3152769776101216,0.7770519163554521,0.1894534559849666,-0.07874753213881534,-0.23868913167357028,-0.1737817698174188
-1.1094604213629733,0.8074939179938139,-0.2649431359049526,-0.20886107552522504,0.65133471146811,0.7810971555919869,0.833609373495093,-0.3615799917616011,0.22112419967351427,0.36069445169969394
-0.081890641765249,-1.6137301266594615,0.6466661775794228,-0.5525713331538511,1.319191557230379,1.2427421068077023,0.40751005605474705,0.0128616833347294,0.06642728416873027,-0.5039703693955601
-0.6866982201605307,2.1420843455271545,0.3069326216781039,-0.5908379243412718,0.9390632022669996,0.12059780039822798,0.638664784637918,-0.30128950502208385,0.45871404623512724,0.4036558865611196
-0.24163358957958875,0.09555368373657934,0.5476760390946768,-0.16808797363406666,0.7727193766591096,0.8683052769853878,0.8580307008760403,-0.4548889844209811,-0.424194159814658,-0.2549668721864076
-1.6870926466396596,7.926980953277709,0.9601138364020534,-0.12852153051502363,0.5013725943291405,0.031249531933204684,0.3283071768031081,-0.37005719965307,0.2444373322661053,-0.08088290109048822
-2.6121908992439393,7.0640380058779595,0.8022707090687704,-0.6673913603369395,-0.16259358645910765,2.274979198254214,0.45551789376308394,-0.09435689577373509,-0.6576201319278911,-1.6511968345468846
-0.12919828814568413,-0.5783785554418529,1.3477124752740792,0.5595617843182625,1.9972106222031765,3.0456577765964457,0.06890106737776526,0.14890192451798168,-1.0991167484474729,-1.8416316616130664
-0.817939230765832,4.472388982089619,1.2577880581759695,0.4836512521402297,1.3366076615092037,1.4459791966509032,0.331960136645653,-0.14808170260306708,0.2729386173552383,-0.25404318663158926
-1.9304368683240176,6.521517732677512,1.4026702983540387,0.8957429208087268,0.3228907490028141,1.7471353486090704,0.18336808758686257,-0.2806783489110122,-0.4034243996021787,-0.7589543837039637
-0.8595273847122326,-0.3068463905131655,0.6416202704891859,-0.21960206118413494,1.0935551715490284,3.6244900788113847,0.5816227969076581,-0.06032145642122308,-0.4464047038244074,-1.5378085250863414
-1.1872111178941787,4.402727894497481,0.15118195402960416,-0.6554600416251333,1.48084473341975,1.392954720068291,0.5222698229577718,-0.12444720045916463,0.42232739097792305,0.18430952573368029
-0.47765319583519417,-0.06082575077369118,1.2807798499931358,0.9363880004454316,1.1555600931143952,2.7589381054784474,0.28087682945490244,-0.011906641881940573,-0.7797819075593525,-0.41659542087785134
-2.21960487579089,6.982201119536556,0.7166609791650556,-0.10913943736585283,0.5459359753385213,2.161506942164773,0.4755316093276969,-0.22286427948667595,0.4603281252113818,-0.26842194119822377
0.8031699859777549,0.4040925213405497,1.553971299980767,0.8249126986303177,2.636036078208789,2.7205100955737955,0.12975249669006625,-0.07563319979874789,-0.9351472559916604,-1.1021784814506264
0.2960601848062266,-1.1408908507119027,2.2452515245365716,0.3114330099496912,0.7521051073125044,2.956508391400369,0.05933965312801943,0.024201860231539748,-0.11901074931575538,-0.5299321956603928
-2.4213096557004024,3.185192876079482,1.3573007666331962,0.19241271945065272,-1.4448778317422453,2.057902952152487,0.5864501438554568,-0.33620143168149935,0.3648296054359726,0.5907594673760547
-0.7234767954438395,0.49090667789359005,1.5582478068032937,-0.21319447349889337,0.9468348418356568,2.5247422518683065,0.2543640935799849,-0.06868114516697335,0.2065018504226861,-0.8422451798590265
-1.1103052268741231,2.495174016599615,2.0166097231750335,2.1505362802771186,0.15385796808306718,0.8676112846372237,0.21093715089466106,-0.6231906276412607,-0.026053890035546916,0.18378245369016907
-8.319938782851471,30.340892831135896,3.0641363014673924,0.7939024599693993,-1.665488831259424,1.1731739675344133,-1.7787966671471407,0.5067522106670334,2.0807027463391163,-0.1001868217712245
0.45013186725724236,-4.903800878929831,6.675967025749081,5.696660000077074,2.3602208444653874,10.679901238468737,-1.783851039507713,1.2589269261411717,-3.2471049961064127,-6.144456834043112
-1.1223747095154484,0.7586359630885384,3.321503255781467,1.2141286026865326,1.9512762425090582,6.9929577803273375,-0.8310160508457544,1.0435766323788749,1.8827510041297681,-1.1616130987509465
-1.2321246625805893,1.956220078698783,3.2496196905117163,1.3797775966979762,1.7418518837483419,6.278646842746977,-0.799534742521273,0.9687871275707747,1.212117393279355,-0.9291068508772455
-0.43726137624950123,1.2929503088451615,3.1484599930152353,0.9838812061689138,2.0299853961317336,6.999136228896743,-0.46822530421901115,0.9532906949137536,0.9954071432693399,-1.0716658052751187
0.6307964816204502,-0.4684546325968363,1.4886570552962684,2.498137816723404,1.0771390909962961,2.025710742837882,0.871497471928778,-0.6171476195464156,1.0008409818684898,2.5614154890672243
0.7319696799584802,-1.178922721687966,1.0416459029212242,1.882212682970332,1.006864678456848,2.5754633362376507,0.8318969612159318,-0.4086424332770487,1.1867803252636682,2.7332809788115595
1.824313835840409,-4.572029355652935,-0.3745605009943939,-0.6248325312162561,2.430251557932391,5.596290585860597,0.6587230048401822,0.4799845138006702,1.5914404786305372,1.691849663739461
0.8307601806125947,0.33817209183351243,-0.6393177456677037,-0.13987933203798894,1.337647741360055,2.634577566121959,0.681720460827609,0.08509721883575583,1.019716915193916,2.9453728649734745
0.9778969583774046,-0.09555050360678073,0.3392642004083741,1.5617821975961272,0.7078432830293957,2.2250646747319967,0.36434096755723894,-0.12051083421353655,0.45348312755767484,3.0378692354445227
0.9064396160383885,-0.2884780786184191,0.14266075497060385,0.5724194842509466,1.0931103508271327,2.5736625572620766,0.9413827159087435,-0.1862508166314262,1.5907720221026738,2.5442572416060383
0.5563836978838312,0.716556294563358,0.12735145926304228,0.5626689335426033,1.1243326481391447,2.253124431746462,1.1299274029049267,-0.35816523031656317,1.2771825386863938,2.43234361916263
0.6641230283924724,0.27159044527708137,-0.15630032037113173,0.10510543109376497,1.3179064831352874,2.543599866660481,0.9917132390248832,-0.11417465896633952,1.3658551581777,2.4851497477583964
-10.465097735362747,-3.1310984691827457,-3.4954145856182364,-1.3365218303632596,-9.917392943554688,6.0353502222939515,3.013562546103722,-0.9254842925927147,0.1530564396810789,2.4155908469440424
-4.079156281063052,-1.036981702281739,0.2995709839815829,0.4852190324313469,2.052736846098703,1.256492239263766,-1.0516246512334513,0.9420004418396278,2.2894219535941516,2.760925368733284
-3.905405661211566,-1.4103294511843443,-0.23835235743039274,-0.3454495450308076,2.400193179316601,1.7116061968240275,-0.984781644951444,1.0586851922284366,2.2305282106645112,2.304515054259342
-3.7507216878473795,-2.2582695456753266,1.5351819465154768,2.410260737281244,1.5887910149286462,0.875625228073455,-1.5507081751512464,0.991940136493809,1.294479388186341,3.796049842454389
-3.8939751436443255,-2.1613186903743853,1.6364351197050357,2.427052941074647,1.3426205025525033,0.9820822789522172,-1.3695066258307134,0.8972031942540837,2.9500020403867135,2.930979894645986
-3.95169966705816,-1.0822340243021595,0.22884970830107623,1.235849070732876,1.608083599298786,1.1134516128933474,-1.4558415740827833,0.9849871237285603,2.328362865783651,2.316496740959979
-3.9033196379579467,-1.7681257911993455,0.1584465023655723,0.6825323644940793,2.079909828198957,1.4089222106206325,-1.0432188134693818,0.9307558921375803,2.5155861684746768,2.4525988585422547
-0.49403261701964324,-0.8247146707227867,0.5415875921647458,1.043538629853566,1.9003267726215787,2.039647437498121,1.03299954619062,-0.4959043272245768,0.506183443260623,2.4892587371010566
-0.569221397526669,-0.24635671365175169,0.5715807551955984,1.2488972041184068,1.6820968587843756,1.7450862953447441,1.105074723361992,-0.5952740887443292,0.5331833754634983,1.9315772480369342
-0.5949994595663308,-0.8124292995639382,1.653169420906112,2.7943468065744757,1.1622269912317624,1.4968124722819023,1.0133800803253672,-0.8731271758484274,0.8490943731213219,2.151149652640361
-0.5694652175020778,-0.5071911803057138,0.8508390771185398,1.584894011107281,1.6182064266724092,1.5339618051658384,1.1680248384140088,-0.6108712243371669,0.6670598103018274,2.0607650125810135
-0.4114164022844436,-1.057848585888963,0.3338524787376891,0.6407067768834689,1.9177079028944366,2.0351812086227823,1.0308253436351063,-0.20686251746080592,1.4831119731335038,2.411800916974643
-0.683207620940303,-0.266604484001377,0.8562850693942214,1.6690289126707227,1.5686203415715498,1.373390685297247,1.0355922075855097,-0.5717562172523777,0.4295472388616016,1.9349748514054093
-0.40399235507209624,-0.3629419151267292,1.2812649362821387,3.0410926431867544,0.7046561306697431,1.3178504384601977,0.025478191190977523,-0.5180326073575869,-0.42973242317156074,2.017214010996381
-0.05072249548247564,-0.694609945410058,-0.13897035850719702,0.8246058568715018,1.4026095175709137,2.11668608895348,0.33686389893512375,-0.16570869074568434,0.5774434829723563,2.40776065705228
-0.20379626457310218,-0.027329607395464726,0.281465539587064,1.6278503638621575,1.0492852162367703,1.5884968978687575,0.24246515839913801,-0.2615072275757407,0.20179655929967288,2.321827103528728
-0.08643980428651823,-0.1966725725073158,0.1892761060868572,1.5527499267585818,1.1008508329030595,1.7557386690846428,0.08121355161534029,-0.17696433331753947,-0.10771752745201901,2.5890990659931172
0.9981524386294832,-4.970986728013252,0.4770374980176315,1.6194171423896961,1.0712991104306946,0.8468017140512223,0.12187419244538698,0.09855404443174143,0.8330543393829953,2.2283473962398004
0.25840617959489487,-0.4312438976899548,-1.592987073505633,0.16604219785123175,0.9698717631026686,-0.2989641998379942,0.5316074714739123,-0.38917257438630687,-0.8751059422881037,-0.08620918518416866
0.23654563054997976,-1.0541913652987809,2.140038039538279,5.871345831048597,-1.030554515735269,-2.0379119295251686,-0.34963689864528846,-0.88446592776594,-2.222664002479413,0.8352094339973231
0.14945717891399699,-0.5775376218475605,-0.961838835191548,0.8008552932931995,0.4377221371485131,-0.685980107735002,0.1167477784463275,-0.14993015139119845,0.08803428951048713,-0.15250519834781745
-0.16101892287114986,0.7343227072411604,-0.6965953996879279,1.2197059148999878,0.24528811856866423,-0.9303039469738086,0.21074226458942819,-0.3771935373153913,-0.2508076463968565,0.026255574222422955
-0.33510115044838773,1.835066824252346,-1.4290886456037208,0.007127616691596285,0.7096349028410519,-0.32511143458711395,0.0768771012072141,-0.13650213502180317,-0.762917721707202,-0.18838478913045298
0.032328425861749874,0.4454812958224958,-0.2101361339604889,1.8363140859667209,0.3676400553363809,-0.4462822888324147,-0.19077498796432726,-0.2963013557946278,-1.9870963203699759,0.019639637284287314
-16.522928677117818,-4.505408394585849,-5.7812290170540175,-1.0805839678151907,-15.856053894378071,4.841354195209872,3.0347804096876048,-1.2657234988829125,-1.4938375318778134,-0.029788825824226584
-7.412648769214602,-2.6818098038510496,-1.3867764700120007,0.10257091736226379,1.6080805249014685,-1.3348042591941518,-2.9211920292954323,1.833410506335239,0.8401542079118399,-0.07618830523436639
-8.664929575429507,-1.2999516928897128,-2.320493209978344,-0.9828479601736253,1.2448992695594387,-1.546751920345678,-2.781821802001646,2.002654278451611,0.532958401234167,0.46942463977770066
-8.695169584116714,-2.033937545165244,-2.332662442021408,-1.1036601203355856,1.9254572410613573,-1.5948487454173113,-2.9626073639795707,2.114902200137635,0.5790833206935948,0.19035627109869446
-8.080066112653856,-2.490627048089155,-1.2975098880006903,0.3011205286707889,2.447678175549313,-2.258935684868467,-3.632661565711318,2.2468992496855957,0.016466994953911216,0.8093133033019134
-8.087011266053757,-3.29249574856386,-1.7551430797301455,-0.5791009457584947,2.555095955408492,-1.6623225273460056,-3.6025990231824685,2.3574473806555414,0.6195042330278318,0.35456740718095037
-6.805366361298173,-3.2026694530244906,-1.3670663809113268,-1.1997020298045855,1.34800740009741,-1.280716237833207,-4.073706280539551,2.7631251988575394,1.2604406231114196,0.4419971168468936
-2.524620382078588,-0.22006284686447813,-0.9426935474757021,-0.6312777395138185,0.9096201915935753,-1.1590773352963493,-0.7311877599452309,0.4748444970434142,-0.8173976915098212,0.5863111586099065
-2.048116190224218,-0.893598044013613,-0.8072439353282342,-0.566405176100434,1.3395055610587223,-0.9264996448057157,-0.7172105938488814,0.44546895879706655,-0.7468744200486831,-0.09370493938362164
-1.8961165984468114,-0.18903469342121546,-1.079575045133883,-0.9782293397921326,1.3064713897892188,-0.6812962211220142,-0.349382023142634,0.18770658249455344,-1.339210279981627,0.07982643915920853
-1.5013625701607811,-0.3112126692500655,-0.4164771665203381,0.044317837325740295,1.1580644960967033,-0.7736936581904501,-0.3786163120660826,-0.0991089887556041,-2.114813884022337,0.12846537002635924
-1.996987133134311,1.2693149046619896,-0.8526424181469631,0.4136965726549799,1.4110450744361003,-0.8689638302521914,-0.09992689412853636,-0.19788723673142955,-1.863015091370611,0.22752795907794426
-1.5607062246948866,-0.30031366918641555,-1.3164012804027134,-0.3630943267256303,1.8585223047583859,-0.17002756189777113,0.029137206682273376,-0.07399580670836656,-1.5612403478177237,-0.39365928584950793
-1.8936839050705963,1.3066459910036528,-1.6853020009053634,-0.7645187556673831,1.6292991339368936,-0.4771474610828784,0.00958833938199435,-0.05416391096459244,-1.5833149146113086,0.09926661742560229
-1.6488561815775895,0.6446416143564686,-0.8903854382487625,0.4148004831689402,1.4205636658059109,-0.4179994312892367,-0.24503791626021906,-0.0976359618740608,-2.583738355355756,0.21965738525169556
-1.6510029496200969,0.5875047824616266,-0.2713407883913002,1.473361677069547,1.0259601319014724,-0.5904199938219636,-0.45444813688424535,-0.3152942465703918,-2.845527546176575,0.31003293997876025
-1.3363882783436558,-0.9050188795855477,-0.9751977979424092,0.19754385531799645,1.4822353323118922,0.10601219836478101,-0.17237779062164807,-0.22414804283213915,-2.13302008756851,-0.1942334817519008
-1.431946446026843,0.3392723276974336,-1.1864149785479234,-0.34924455151048195,1.8974902995394212,-0.38028605111584485,-0.004948969280604706,-0.12324150683287374,-1.5987576160879615,0.13375270048228535
-1.8797761329779579,0.1627706711810148,-1.3393440326884924,-0.41422066619290177,1.4452290792752895,-0.07366812818842024,0.08575736710120876,-0.12334820185252485,-2.0641160757030117,0.09299848094783768
-2.507378678530336,2.581863002399584,-1.192187880513538,-0.32125923803893935,1.4250311700371359,-0.39461232658294704,0.006608624703966806,-0.23916078639391591,-2.0109979921151897,-0.0821337447649551
-1.2870553280524895,-1.705253367166424,-0.1214289982495413,-0.09295965185807374,1.655486961029746,0.6954266058430604,-0.5679522287003069,0.015348758947302674,-2.562742608814706,-0.8650914516146627
-1.5099786594083153,-0.4511201967176115,-0.5816680320177356,-0.5189780287053744,1.7256192919271376,-0.23680103823475296,-0.1531059180481882,-0.0480598243278525,-1.833832793310245,0.20009127233123017
-1.8055648724530788,0.0373339338914977,-0.5094815478601311,-0.5956518439028295,1.693056491700859,-0.2825828332102922,0.15993723600311474,0.13181195680420663,-1.955064030072678,0.03231685288959884
-1.9295628510585874,-0.18449876725577793,-0.7008794824503861,-0.6600167696651149,1.5120154095397085,-0.14584773409806107,0.01094473775594931,-0.11543728050832963,-2.0103333571016866,-0.10385512873539839
-1.9756229565048171,1.2271910897506513,-0.41770462640719724,0.09934624073364029,1.4281313220413971,-0.8349598336734406,-0.42220926847220375,-0.13065046536600386,-2.0120910432041934,0.254261755519207
-2.8633387089412583,3.008202296635833,-1.094197822040329,-0.10207515754678816,1.191225333656698,-0.06601013596956315,-0.16472249696612198,-0.25313131644922104,-2.3781979971918332,-0.10102032817514775
-2.773540954176271,2.5804020991997927,-1.1231303880462369,-0.5128585685107417,1.7107486729491734,0.6907831597734484,-0.36339995443893097,0.033181389030167416,-2.2798099034282457,-0.7265725025231957
-2.4299580514596877,1.8190407068701122,-0.3453155703385283,0.633109988021065,1.6615148892470595,0.3302268678908528,-0.6472833467259385,-0.06336356700795774,-2.9505047626944845,-0.23868273447310046
-2.809693559434393,-0.8437278317730389,1.428849808700955,3.747984031042427,-0.1607803266945284,0.2688324088234233,-0.8481260972733816,-0.6135522759169131,-3.9870143022193507,0.3337554215843337
-2.853504139070876,1.402924964001657,0.014025758752731722,1.536992799704373,1.0263474416805698,0.16664341302299465,-1.0584682205954572,-0.2062748316367791,-2.392665703286227,0.11376475255775623
-0.9989585990043026,0.5595844313636776,-0.8256112061980468,0.6976124303384869,0.09386947401603322,1.154899806133817,-0.4800685080431617,-0.028398676312970716,-0.8267377158734783,-0.13096182981578808
-0.5414253402075593,-0.3489624937604663,-1.3993041280441052,-0.39683576931656206,1.0900805407970353,0.997932607742073,-0.22587081361100733,0.26777024102262775,-0.18308975910753725,-0.05682837417214249
-0.25057494868924696,-1.1688367714070376,-0.8877293043751956,0.45879481123430016,0.6781482620845558,0.8279329010779105,-0.07557281508954479,0.10427511208957616,-0.44633689148335154,0.518383453710609
-1.0599309069086222,3.1519685133973234,-0.7074274703676161,0.7347652527379873,0.14056896772682365,0.3440793350348807,-0.4730627594886937,0.07767597041141366,-0.0358047897203503,0.5379448466977961
-0.35373666267647647,0.4067744266442516,-0.939509596601236,0.1852008595604142,0.8740731868678978,1.3057567635802654,-0.37271741662470603,0.27146283918541714,-0.6665458363715411,-0.2690191257529856
0.8444217303414269,-0.31133650276139174,-0.6576240945985593,0.05695450601002442,1.606846034649861,0.7801195971202364,-0.20851883907827581,0.346251936278242,-0.5218473403361793,0.11232568691321973
0.8511952536819257,0.2557275428485409,-1.005074686232805,0.04834577641349178,1.3412507157649807,0.7157848159592979,0.14172494223273477,0.20793532628117428,-0.18160172277743677,0.2544162441979356
0.9952657164292062,0.1187244810831237,-0.9660588288479263,0.027534050797565726,1.0882693464057496,1.0152386614656166,0.44909583294737176,0.001987365597101159,-0.17332151284589517,0.27653851900309084
0.8127291493123345,0.4185583445081132,-1.1320993608098768,0.35826746112346064,0.5407225642016045,0.5404401318558439,0.6443040497313471,-0.29833291646506727,-0.16606532615379802,0.49046606611032595
0.8266817977784693,-0.2470990888246351,-1.5297838404934034,0.017042713944159762,0.40524240295362485,0.6641307585590143,0.7011089440138931,-0.21609740506411051,-0.17925954488511564,0.682543147794058
1.0492655537688,-0.8499978511496505,-1.7067286173767524,-0.3258168580944413,0.8948163631476643,1.0589134813146666,0.7541285705859418,-0.1306643425765682,-0.20899274290670972,0.6129176506363425
1.405103489812947,-1.2880501225261494,-0.4355107787504325,-0.517751934556735,0.6114703097847319,1.079215726825639,0.1310095756688081,0.07411790438751634,-0.5321281786339306,0.40647101235803185
0.4925208947418419,1.5564294770492118,-0.48310693029086843,0.016813567722154695,0.08592465469711366,-0.2596474646429183,0.18251690443643903,-0.09207085153537692,-0.12537954462800374,1.0332091939946053
0.6313481245003254,-0.6543877532866954,-0.10998780579287584,0.6561859329767024,-0.12166529104832213,0.35504873784616936,-0.17675783906898043,0.10434462948100787,-0.20022664533520665,0.5657898728233987
0.2136451891082716,0.5297767749825697,-0.701255877747085,-0.33929725518549175,0.09919837150606313,0.3356765039538396,0.06935729584927934,0.08138270161579508,0.3011388077407728,0.5320037241112997
0.6162853693797101,-0.7597733713619361,-0.4390485414653546,0.15103423429834328,0.1130611090063267,0.6324600723616333,-0.22488868790040759,0.10210435701676027,-0.5712722005623635,0.5500425622291495
0.4431180018617,-0.38248089841130667,-1.0925496443259621,-0.08618724092811193,0.2694513924358049,0.6750368839455264,0.08438901261364228,-0.03092366750083045,-0.19833229475474143,0.501960551224544
0.5034244820396865,0.18527219982104084,-1.0557794167477836,0.12188122295776552,0.41663584071891374,0.20441712963184214,0.09873377673696924,-0.08720781770526115,-0.053365774769538035,0.8763535956934438
0.41383228288476515,0.5671918582838529,-1.3259749722912195,-0.3098713744879445,0.4843037288819138,0.28595474874446475,0.14680340128598557,0.0055541508902901835,-0.04512300941117105,0.7600337569673685
0.31867467730118776,-0.14572247799587634,-0.5632989477172693,0.7484825965594994,0.06541977272073467,0.3034064414518069,0.045160278110093995,-0.04467355036588671,-0.48189668857699786,1.0303467645125395
0.22997460370237024,0.05586827299047183,-1.0704077534210528,0.3695257069387322,0.1420610353766723,0.2442476001520002,0.08291895418083854,-0.004831329922152876,-0.35799179098023204,0.4930978882799427
0.25860430425921477,-0.6466056853621781,-1.0051801586966167,0.6665922525456557,0.16467006872952236,0.4585206379796144,0.14445744733673574,-0.07134856798689616,-0.24304737363802556,0.5976109172072176
0.9899867461832854,0.2884364739083271,-1.1025133395605131,0.25709906814350564,1.2020783053901916,0.0111947165599084,0.02635178316579539,0.0640177956601847,0.056789667345723924,0.7873735279746579
0.4487729812735233,0.7196582275508672,-1.1930044665694484,0.39635286723687874,0.24043309208733615,0.24609723978068343,0.3237116432340759,-0.1982170835130609,-0.19192495918038233,0.6773952823509954
0.3242375672554008,0.7147030768294995,-1.467896516102631,0.019304587617387858,0.2857779594060723,0.5963283001677759,0.1694657105143439,-0.05239840654851492,-0.22854767866557016,0.6884281932185278
0.47961592427120603,0.5526829811621755,-0.9888485837665574,0.5468687719434295,0.33513727711110064,0.610415562422394,0.05330506808755867,-0.07645731945542926,-0.361472217879334,0.6686684604783162
0.8028487050704776,-0.4355704091704247,-0.7691695767634176,0.7982044860185961,0.5035036960177202,0.610907824869937,0.16493571076991342,-0.0514170344170385,-0.3126735509017613,0.4997635615754153
0.6911697816770471,0.008918408684967589,-0.741912890152565,1.107001817021905,0.07995557030840394,0.3273269230693034,0.12748439725047972,-0.17222742128125862,-0.6086140227170389,0.6777605271796755
0.9146176518899346,0.31169232470737845,-1.2763836613949524,0.6128233131562977,0.08260596973183905,0.4765714583295219,0.10213340280344133,-0.2005568596379949,-0.9473070629958183,0.5857019871939677
0.6779984281671331,0.2597752272835851,-1.6853872021235434,-0.29181609737992265,0.5456904641535836,0.6155290339996166,0.3071299655648011,-0.050910339940000195,-0.06689376198655765,0.3981541803096147
0.9934678719493371,-0.41001427002816215,-1.5067232669366442,0.025044389683047254,0.5807459953235197,0.5142639102730728,0.3531573295012128,-0.08871925728387844,-0.31772663060728484,0.4090511065015363
0.8971482744534096,0.2078800582887597,-1.2411204377980107,0.5277151280093099,0.2575997478373459,0.20766307420164315,0.3132607117542389,-0.20284335301015846,-0.260533746718401,0.48542169846623096
1.2534352474085946,-1.0344872446186884,-0.7969311222996132,-0.5332154092795831,0.2717780469113555,0.8275703455166518,0.07661407123601024,0.07320501811616478,-0.1525407587031038,-0.21776984605937438
1.1906767140624417,-0.8431337599868066,2.0350497324206955,4.509731163160891,-1.5542573887538496,-1.2256951664128912,-0.5237615615998807,-0.6431436719607793,-1.899218988936512,1.7995377915000126
0.9808982468804306,-0.6762883688571196,-0.41352202664618515,0.4570844754236408,-0.24911759718529627,-0.00999422369848948,0.25915225436924416,-0.20016623488866736,0.6830935815844542,-0.06092261508614167
0.8199024950200438,-0.6400235862791417,-0.17801291562726343,0.22067070398310573,-0.08764389828778912,-0.056113354378997164,0.5361743141496574,-0.3075824737965095,0.37116715767516956,-0.3897528425754049
0.884080043553227,0.3534827938947983,-0.47887100648357844,-0.12387942857803566,0.31038375243638655,-0.33960123058226804,0.6099451392489719,-0.3599848181604299,0.5454199725612996,-0.17152558383093586
0.8318774364905304,-0.6982674418859801,-0.019776735665437313,0.9224079859433018,-0.023525929669114248,-0.140369847090017,0.7146989831389936,-0.6024378433866631,-0.17764501773795388,-0.19599226262811228
0.7791275714903617,-0.5644730875663571,-0.5694508740111759,-0.27286024012524757,0.41570316197496276,0.0038370668747229773,0.9893160079893002,-0.4666301675868433,0.5878377419531027,-0.31591507042073785
0.5414995558429637,0.3386238286527509,0.12315839854475906,1.1310686664029748,-0.27251879893289677,-0.7309147102392907,0.8687215296330251,-0.7534541248773291,0.12268668159799229,0.07355950975409989
0.671058483724914,0.43445160701035646,-0.7669058294816185,-0.08392559615583928,0.3917057061845302,-0.4293209519637711,0.7181495939891898,-0.15688544581890732,0.6253299405288891,-0.08339448239665392
0.5805395840470222,0.45516347428283915,-0.5365242558760086,0.6769435179856704,0.08014741948830487,-0.5312318287839283,0.7173416872309971,-0.3229736759630436,0.27606258411406626,-0.22577542792917304
0.8671090573333412,-0.3285710925985272,-0.7819736881260688,0.45836533688840103,0.3071209847749525,-0.1894954976473449,0.7013534247995278,-0.27591259675774765,0.3056795074074379,0.009887327011639517
0.9105489951967844,-0.9962828770446626,0.09661717423482319,0.6078160746476519,-0.1130320828424331,0.11388984130955883,0.432794049450692,-0.3284585297384834,0.01928080618717248,-0.4402743231445617
1.0141663590869066,-0.38614515068396066,-0.1694749804159171,0.1043217806994168,0.20555659437234527,-0.3304326591912203,0.5861854437413391,-0.26030367073823757,0.7313371810406547,-0.111506672987669
0.8363612671128606,-0.34282328228754705,0.5902776847676446,1.2023787074996037,-0.3264350073030009,-0.5343371452472989,0.8512993044085685,-0.7406677202538486,0.32855073076985764,-0.360995279565492
0.8601537554038635,-0.7701804681113266,0.42848456466202,-0.03621500571871528,-0.08863033459580982,-0.01991419307898193,0.8751186595113554,-0.4356151407433715,0.9355960723165176,-0.9357096874924421
0.5924691024787793,-0.7442468315654537,1.1244177928791173,1.4313180543390656,-0.8934798185642551,-0.6308025146607082,0.5566788910272298,-0.5356363127640978,0.7496845791493282,-0.2283833062607264
0.549571986430533,-0.6392903472851786,0.13843351042768162,0.0755009120631378,-0.0321539328791519,-0.3822947584991971,0.9514254542883078,-0.34545149182276635,1.6057591139265615,-0.5833040354214473
0.8234149002742861,-0.5705471617962743,0.029519368461586315,-0.011357176904477897,0.2661571490717594,-0.37909571822963467,0.9029171242496534,-0.36148644645420874,0.936657091515085,-0.3816877092704474
0.9799582920905137,0.18661816135278755,0.054283111890374325,0.17382221897205452,0.3366926557433507,-0.7698762203678237,0.9413826736258749,-0.4399846185274981,0.7598483283121336,-0.21797294315397642
1.3565370253736087,-0.7216398709612232,0.16836208633838706,-0.5263331145822013,0.49460729813552873,0.02445932803617746,0.7593799552081083,-0.27390657980228217,0.720012101993188,-0.8487976603549697
0.9488938438463694,-0.011913782013591655,-0.34266068834765,-0.8664333832717609,0.3717122711250732,-0.4432801179547872,1.2744533820003208,-0.4260744421428431,1.0527742728753198,-0.24244308103668366
1.2417457390130733,-0.31306461658697,0.16661944650503388,-0.19676440829425676,0.26118364146387,-0.4199696042868751,0.9920643152060376,-0.4173250758379886,0.5364489395543098,-0.29392250186712077
1.5517927391092265,0.1141736193150734,0.3298454308147266,0.03376019850410728,0.42181565424789824,-0.7536375048059519,1.0688631137902753,-0.4226649617836359,0.9000052867872352,-0.1568478781817215
1.1983965017787532,0.4257333734321048,0.8292567279248584,0.9785149165092553,-0.4669192023654417,-0.731847044222927,1.0652164692501456,-0.6884459278335814,0.7461246883084811,-0.29764479303539104
1.1627275051090895,0.30530991470952473,-0.1404323256315572,0.35675679337238997,0.08697999971494833,-0.2756380503387196,1.459277040992721,-0.785836704337865,0.8084838665260728,-0.5802758188740399
1.8241100088008493,-0.734923241711938,0.12457200080174002,-0.3315950118753802,0.5570197760076733,0.1570378845129382,1.056756274658928,-0.46680409011812835,0.51639066337519,-0.7884143344732695
1.7774252701011939,1.2951842999439367,-0.01891852803981814,-0.08495309284319902,0.5425062204766352,-0.7751761526984127,1.1847206247018829,-0.6777332785181137,0.6506796800093506,-0.09613860275985002
1.7140862942259858,-0.39758811467299593,-0.05413719030606138,-0.42123457307042955,0.21850872538576685,0.19944391447252507,1.518568365722478,-0.7026213590316519,0.7174224088815863,-0.856529332219123
1.5266108110164625,0.5907891490020174,-0.26660001948794426,-0.5087642756880718,0.1641681028611862,-0.33707385825515834,1.5527407830454276,-0.6774723142858468,0.7624634596135486,-0.3918025334970425
1.3188854852726473,1.0273113189311696,0.24640472294108293,0.17168885025996014,0.009279339285217424,-0.4963800486249309,1.3448730939766433,-0.6798474617794391,0.4997367699499886,-0.34211065209345903
1.3001388230257682,0.26087163935578583,0.09111546945575417,0.6525245598960963,0.0387577194551372,-0.29614048722119,1.5190217592616486,-0.7268601039135278,0.6150073128240462,-0.7165718165213487
1.5250565532074705,-0.09775747139117853,-0.7653436814127493,-0.4814977346603881,0.3842193205852431,0.23358171976320477,1.6284982110401627,-0.7364050438324806,0.3259439180995544,-0.4789050094696794
1.4127307382172365,0.623092134431879,-0.5389263324702493,0.17725857755201344,0.39842807402439945,-0.26398884490152313,1.5708081281422375,-0.828278261634841,0.34148851612084236,-0.2514849703322592
1.181119485879795,-0.3865229513577108,-0.6050286759681677,-0.13180568271290008,0.11013146061957708,0.21986550011053674,1.3969331559230918,-0.6494289779275481,0.390789099108629,-0.5315691312796896
1.1906778085093146,0.04916583686044114,-1.0202753466711585,-0.8325454834560652,0.6197780405134896,-0.0870696042146059,1.6681287468791328,-0.634331769867605,1.113659089709725,-0.3820308534742779
0.824504127914783,1.270526103963962,-0.6076787051313365,0.017248238934071722,0.05071433282261003,-0.33058209501152613,1.3502407409042754,-0.7043484656693733,0.27316282894643096,-0.15712462112416337
0.7771335175965522,0.19159173550208353,-0.07557613044201109,0.7803866194380501,-0.1869628404563696,-0.15626597721490432,1.2029533249457567,-0.6655461432954713,0.11216302900651892,-0.37825035148576397
0.9737629334345425,0.10666556382435181,0.0613149995504447,0.8191340162646645,0.08299975226788435,-0.2973841629733437,1.1453446733568313,-0.649738858455505,0.38415138628579654,-0.23364981966948467
1.0378411665570235,-0.6942533922621644,-0.05095899475595126,0.37522046255217867,-0.013418782788149548,0.14413780096007792,1.098379974457255,-0.5728829218028647,0.7142281159700417,-0.5618527556162347
1.0519304691743274,-0.1965504974606066,-0.25089044502662083,0.1597287286178441,0.24821169211976343,-0.1941350409942916,1.2059740556832412,-0.584690689495717,0.865298583831979,-0.24842535261907217
0.982815966419287,-0.47266808911286845,0.0013223775444673692,0.4289304390379137,-0.16445478767453603,-0.1617621022944718,1.171843969245773,-0.6856813881080221,0.5590208872880749,-0.3759905289523379
0.9986959342512765,-0.0486227843843463,-0.43567498041137437,0.10044880307421382,0.006368262832874021,-0.20486534660615108,1.2371984830675509,-0.7744451567862957,0.7421312923400539,-0.4976250895565877
1.0900425262864317,-0.9022213969349737,-0.018165664811601954,-0.46214536173952464,-0.045162711576659374,0.30759320419414315,0.9537838333031742,-0.4661516667552514,0.5801951302186487,-0.7928571765210481
1.287453148269509,-0.6748927282996047,0.43641881935357585,-0.6103963806891428,0.05557949410600502,0.0049532981550474,0.8831746923191703,-0.3922376769073025,0.4820692923276996,-0.5743020526243686
0.5629639169042292,0.47184811624494727,2.0397788831317962,2.7847796288568842,-1.6005118635599562,-1.4987492629018717,0.6436137580304712,-0.9184100741632785,-0.5283487971628943,0.4327257277421705
0.14344366741396386,0.4818150852483848,-0.24208183530771984,-0.0901756021047301,-1.3216232600407485,-0.07089401470120277,0.46697404564605366,-0.4108585374788085,0.5537659993281495,-0.41982443543812475
0.2911525869096946,0.11401763642693746,-0.42601916123652744,-0.6088719622378427,-0.6103018924826262,-0.06885412014179126,0.4058109936653451,0.21448026915482155,0.7592952368882453,-0.4250007936607224
0.16157437950460765,0.21836302166065016,-0.265030278198304,0.07587228913091794,-0.5839300576343621,-0.3931705453289924,0.22433631515019695,-0.1390834001134388,0.4308739401303383,-0.07514531751223304
-0.20397411404477464,2.4552899990973285,-1.263621974010962,-0.29293062365590145,0.05556213986470403,-0.15094390531966798,0.07110429434361026,-0.027765833633241803,0.5012770700070502,0.09855128731372456
0.7295781579748224,-0.9075544849836633,-0.1919569663303657,-0.4914630291133251,0.1043213238609147,0.6981714758031538,-0.42955986315123057,0.2467602479330448,-0.24278029445630323,-0.9546848880778454
0.2429799116470378,0.3225122612771422,0.6207903632051069,1.2071495992777206,-0.7068947612427336,-0.8676756163838177,-0.1197623583951809,-0.18735433825592349,0.051357984249505564,0.5241460123021572
0.5960626035906547,0.5959138393035145,-0.9986142878204126,-1.3902086290480968,0.5079502223629252,0.027680629583937244,-0.09631214258591139,0.40659300156693123,0.7124507906536809,-0.14329952598492235
0.8582299295506217,-0.3313814144510631,-0.49215102758773394,-0.9415618163724152,0.4947559908721429,0.22207387424802977,0.42850457696342237,0.05402347249241236,0.21337923907736134,-0.29248086794299333
1.0852871623474105,-0.2433406421350046,-0.11466077546602063,-0.18613417681964262,0.26318389772184647,-0.2641334396843253,0.5712457092709659,-0.27828018443942304,-0.09203125168373462,0.16317369811662058
1.0734539049812448,-0.6356951709644352,-0.834822028951098,-0.4920182893145402,0.40670420675691843,0.20617131321600793,0.8545473730751948,-0.3010297322775425,0.117342504044327,-0.006559410557405186
1.2044838768990946,-1.127480244099883,-0.16867595240162972,-1.2496151471839605,0.23863103419566065,0.6746671428524418,0.4166651672032888,-0.052563813512129534,0.17544070733921105,-0.6895368787090398
0.6449879543063332,0.9218039872689894,-0.3576673680093812,-0.9115388875762892,-2.372898151266878e-05,-0.5917636778677186,0.7126942791059003,-0.2971159849771031,0.33764880511781104,0.33972911866985095
0.8801597911839213,0.49936915082200406,2.218839418933243,3.0786313282758715,-0.99808690223059,-1.5583459012651073,-0.1395326028281426,-0.5391142636490991,-1.4810462529627764,0.7404207702368714
0.26962950664581586,0.08397699381914704,0.9427951049432138,1.634379206037221,-1.5320877223798497,-0.33019573371015837,-0.2331580140447169,-0.4118549625275211,0.3389391522934041,-0.18370648391597633
0.6189597818811164,-1.3302715899594642,0.4192324672867954,-0.042321847191614526,-0.8346309979918108,0.543691571671668,-0.5191100521602897,0.03210313591690763,0.05542187839734897,-0.4427771996058233
0.1920095313731387,-0.15589738731723154,-0.7968831361153655,-0.7817943437467251,-0.25148825074372344,-0.11696123293318017,0.07509808779567159,-0.01112565950412992,0.24572756309064325,0.4172909343910074
-0.12675405244030663,-0.1607594512291817,0.3202951998850575,1.0026038052641904,-0.9266336469588494,-0.5807915762474408,-0.14103570835385434,-0.2801996718262995,-0.5002636552696375,0.45738599776259625
-0.13262597815020175,0.6912561339475857,-0.4955805204172237,-0.2778413532743236,-0.24390945353876312,-0.4274548733985855,-0.18017669813122725,-0.11034247871668647,0.13993223116259298,0.16830823340720635
-0.14898884903538903,-0.07889913541558001,0.31695793433507385,1.1252969955443848,-0.812230954511022,-0.4392580298493809,-0.4215999770367915,-0.2856419144706211,-0.6414249780785265,0.24825293075125274
-0.26639945889915456,0.05828959207592906,-1.003190214539182,-0.23226857560096725,0.4258929344716823,-0.3035632914601979,-0.09858936068315383,0.2419287579542284,0.5436905346052966,0.25815391332532944
-0.03886245353098818,0.16639387684514317,-0.8027348368454873,-0.0021744588650333425,0.4444340638456792,-0.27132875329454725,-0.12233984995134806,0.19169747415333332,0.17475272731716296,0.44202501824744905
-0.25527258563635963,0.6856980550037356,-1.0690362207484188,-0.17807212289399874,0.06446448276683035,-0.15852318027369955,0.03788065452931321,-0.01888351868190579,-0.22314708783779677,0.3790927492648745
0.1911811403763404,-0.21069839767076326,-0.9699052967219476,-0.05247200052539606,0.31745981352884545,0.08905499891595689,-0.03714143633108775,-0.07204311798863416,-0.6300722830790826,0.37204186035128795
0.15485699204902395,-1.0883368948914791,-0.2126944416800062,-0.5034231717916808,-0.2959295886827981,0.330309819696433,-0.2538024840407376,0.10753032164892364,-0.6943072088256677,-0.04404658099566227
-0.03177909707877511,-0.5897342540834866,-0.4319456938279263,-1.2978634784448284,0.31301915982515305,0.05165847667474007,0.419148063213809,-0.09769291312097508,0.4173545653847962,-0.14887896636153908
0.2548252976235618,-0.6821107394354566,-0.32631069071794894,-1.473496411402665,0.4836372392641798,0.05407487190293397,0.18659730896014584,0.06470068133126848,-0.03906683905034501,-0.17401579037605203
0.55738760549309,-1.1073871929795007,0.9857965559672244,-0.634497066437024,0.19288464687912515,-0.1586093503415382,-0.22834095865592666,0.06747192014223809,-0.2801752398334685,-0.20503979481037488
0.012743714068147961,-0.3369018952390174,0.32249600893346103,-1.1228218197764201,-0.07950652092701713,-0.4286834935255752,0.2622725966482066,-0.06636261374101093,0.44989186435250306,-0.15939370390057495
0.11136556780239856,-0.3575626727451826,0.6908770197492601,-0.11292968534006968,0.047898986322961266,-0.6822704631858166,0.44822262380186095,-0.3351176215163592,0.02257596381214967,-0.20439105746725872
0.002051148428443158,-0.4725635507314791,0.12362583200818707,-0.9952548340430638,0.25537441763689417,-0.19330253302621883,0.820763251608202,-0.4252487723938103,0.14268357611001825,-0.3063579561559638
0.11622426336742389,-0.555256777744309,-0.052932175336684685,-1.3445667716288918,0.2959965764127096,-0.05112414830956998,0.838525622366091,-0.3369315219606358,0.24309345136561267,-0.4008442081243314
0.2880291990001903,-0.33742102546047065,-0.6160444826995385,-1.1774222876591431,0.742326667047857,-0.21634618655381957,1.0969619841360516,-0.4674725648545397,0.47041180780790104,-0.11392989671522509
-0.24619172772892628,1.4327041177912154,0.011329312382208046,0.10369069356911724,-0.009613979413269231,-0.7116865930983592,0.899320720772204,-0.6743576843262036,-0.2834292811382472,0.28830905771421145
0.040509556207719094,0.3349339307048682,0.24376695802998014,0.172417272594867,0.39192832987749665,-0.4290550352298411,0.725600835834258,-0.46556387083597356,0.044177032262061516,-0.12067743827499995
0.5446358570227203,-0.18312002959633158,0.5074432309975341,0.5591044182822839,0.6923334084526845,-0.5468418207137903,0.8711840756788067,-0.6239387136339811,0.11314143189991682,-0.6769639622079849
0.6077207732149762,0.28787267521990767,-0.3825281427354566,-0.3748719325531654,0.9279694983464601,-0.29161217175629855,1.0602484596742492,-0.5224154666288883,0.2606759729477166,-0.22430005007114173
0.7572556871896966,-0.7428500785448421,0.25326543048375993,-0.05543482726570973,0.5077836503063324,0.03638637595184667,0.902014807326094,-0.5018480322806705,0.14341031580871544,-0.5105553272849539
1.139482197677942,-1.0925846142197597,2.059064761448411,0.6555178434849845,-0.3450351725790705,-0.2147137741602092,0.22521476204284369,-0.494689951021032,-0.14202216578251797,-0.6766727314251613
0.7926925700751295,0.19227186018764394,0.6374477254929121,-0.8402765245866715,-0.03885633951935898,-0.48289087550874926,1.0323252704053496,-0.7361434413214663,0.7758958875590776,-0.3508214958924148
0.7698621297702033,0.5559347681646654,0.6307922802124751,-0.929587220611142,0.1080469123498434,-0.32695162298750924,1.0128268954786852,-0.5960102532056603,0.30470011737864844,-0.6036495341832578
1.0911806833712487,-0.04356474109025667,1.2051346678988937,0.10988956746537902,0.1006973064074315,-0.5902322961046371,0.8419294471422709,-0.6008503819935779,-0.029236189546043664,-0.7362065642233289
1.598218243032574,-0.21806914137974057,1.065495510916667,-0.2843822028036342,0.7228967231140853,-0.5924825742141075,0.7632695920313586,-0.4157192809320908,0.6802054508779541,-0.5754414966446142
1.1145717283808814,-0.9085580595998577,0.5322988377946849,-0.3342975689774215,0.1897633984357657,0.20993949936457562,1.2738880137556665,-0.8010793847151697,-0.1898527569616518,-0.49728089132367026
1.1183991794797141,0.33331655515937136,0.9407243330779496,0.7217025461118758,-0.024296636318837578,-0.803555759760326,1.2858030525885213,-1.074099019844024,-0.18289453219711052,0.12888421045309598
0.6851451860050587,1.3188704022172335,-0.2394398249987935,-0.7821444949255633,0.07772197100151472,-0.5462019007970994,1.3713145862216765,-0.7464238532910631,0.4942524245306398,-0.5046267843364585
0.06208942465428559,3.254026152518129,-0.009105104205122538,-0.686202397267698,-0.20037683337084375,-0.21209703901822105,1.107428419117883,-0.6557100522113113,0.6099296033648118,-0.6171219794015838
1.0292237006136402,0.22869646025543783,0.30834588492767684,-0.3714969885745825,0.36425372193400046,0.6338469945017543,0.9725404202319181,-0.5420182192766868,-0.24289775689639456,-1.0309854432111458
1.3651188312830913,-0.6845255887332896,0.43583936859034683,-0.5382963805347147,0.6222703545175674,0.6440620376850489,0.8552366651014021,-0.3408641354163411,0.18594651007803015,-0.7411107683440605
0.8543730154113364,0.429194755180971,0.5313792160574162,0.1107769780467419,0.07764214547418646,-0.18066480519270772,0.9677588184019615,-0.575454762379573,0.22546202724640346,0.009345829352874419
0.723304075436385,0.5590685870944598,1.5017811828632015,1.743743597435286,-0.6524009282899561,-0.5454570083537746,0.6843972855126568,-0.7636824792465238,-0.06885440049457538,-0.01981257080930212
0.8653663919046982,-0.7761038496780497,0.5475029409699668,0.40728037767019365,-0.25034662746210473,-0.08208962453497,0.7981339785723096,-0.49003754765995217,0.7531889406141667,-0.2623014940842112
0.8377550430527931,-0.8165457059270707,0.30134744206420855,-0.21327038728394285,-0.15013885168097701,0.09624884554684726,0.9514396648031113,-0.49746553278540845,1.0574408026242514,-0.32799178466877743
0.7460521864431235,-0.42698023821216385,-0.0041802463554816765,-0.000722999482667075,-0.0030812170901980103,0.06617783653365066,1.1977753264463413,-0.6905236743269055,0.873839232911345,-0.1824134505100499
0.9110063295881109,-0.6241910873051472,0.3534937137081919,0.08196332921727344,-0.07384101402062099,0.07017706165551135,0.9736138393385313,-0.6336156835903621,0.352621619123013,-0.56043871284744
0.7071908690617674,-0.20018998554933634,0.7039101109375971,0.794802285829509,-0.45561847677327616,-0.6267437973672572,0.8920242438281194,-0.6999645033858489,0.7986689885807909,-0.10623284687108069
0.6875913293574164,-0.4039008288631242,0.5485987116819325,0.532997389478581,-0.2894679265580686,-0.5182859805159067,0.880136131268694,-0.518676662396099,1.117170470082527,-0.2769787577819158
0.21751400913078145,0.4065096962880137,-0.13260905535310855,-0.0912085473914621,-0.19513568210969987,-0.5379966651175833,1.1498556399404614,-0.46945361091092364,1.0288485804052796,-0.2599202076695908
0.3924009232073189,0.21074712599020487,-0.09104253364282491,-0.09389124117734901,0.0412297724250666,-0.46025753683556964,1.0025843026851902,-0.3752033370829649,1.1014955413686707,-0.3251155999469388
0.05862937276009238,1.3163140277722536,-0.5420122655802073,-0.4041978761739531,0.07935802015148967,-0.2640983808181149,1.1387740866735996,-0.47345844205757964,0.9540819280110792,-0.29292775915266506
0.14577285810853433,0.35231521145766587,-0.362537160298849,0.05031365843809222,-0.003998974142038278,0.0954542427551236,1.0648001611525053,-0.4935833273328803,0.5741328666196288,-0.4293438642263899
-0.041552901785605674,1.6951833652031019,-0.40960541360178565,0.12139983988435303,0.19199922341967257,-0.2520944778557973,1.0510801672475247,-0.4896187452979314,0.8316690758702558,-0.3743935443808476
0.5632197208527502,-0.8342843654001769,1.2437025613690547,1.86621668557138,-0.16060175257729212,-0.30560511052576966,0.6128762903478745,-0.4244340745021385,0.6762426452589336,-0.5723570070587939
0.08323232390651339,-0.3433475715928328,0.5041325355965597,0.8694298934045841,-0.30557979082834225,-0.2347539738873304,1.1708793606399657,-0.5779686857176481,1.512989003506673,-0.25147309698713144
1.0984632229207747,-1.3682707115793933,2.3458041292448657,2.261292426225786,-0.3912415769086669,-0.41811197247480403,0.18650318200081412,-0.38399238788849516,0.8144506591181673,-0.5068048261337152
0.7421816014602919,-0.27381010851150606,0.4759324541977005,-0.23856241733780914,0.0015318004138115142,-0.17496383487238681,0.9429299198067936,-0.3952640591039501,1.5853854860171908,-0.5359649451480445
1.2047957418164161,-1.4142626656309165,1.3792743424246605,-0.5564617234993586,-0.1481610135281226,0.4352828426977047,0.3687633516776231,-0.13586670645001175,1.0298634356380443,-0.9909944216958919
0.40560748838733207,2.639794448403433,0.010379944327364244,-1.8293107901900512,-0.09639761833645641,-0.46744289719635396,0.8631990593257599,-0.2331572669642313,1.4171129111604726,-0.26826558482708257
1.3440116299879243,-0.8090856482093285,0.9741705625114879,-0.7429322240339248,0.19202714477156002,0.5896842924038836,0.5342211072905454,-0.18809469593175027,-0.2929745200345488,-1.2982520155506172
1.1517231145818752,-0.3298642261861281,1.0893927880658179,-0.49581164627471136,-0.10418992580210704,-0.12600731226501719,0.5794093167839933,-0.14381116793058127,0.5164167574996332,-0.37744660652582923
1.1625592763835984,1.3902478136535077,4.086807297763306,2.324231496151915,-2.133095737437681,-2.675991942574299,11.221694241059103,19.264605159311202,-2.5117077086684394,0.8108240493345377
1.1991635728679153,-0.16396071921306082,0.41391030081871144,-0.6101979128081392,-0.010593376102467187,-0.0770033698430578,2.5286874199538483,3.5922592343484423,0.1193483865285713,-0.3888492165593471
1.143829368262296,-0.4838656693606974,0.8964315409110253,0.3051452708370468,-0.2798516083362214,-0.27702189659185256,0.3729671181684085,-0.2321318449544959,0.3526276466817539,-0.08830548526912156
1.070441206524062,0.5153288631509725,-0.3999782201045274,-0.5348423207520578,-0.15727433365959437,-0.3844953373961639,0.392307503723355,-0.1883429007509412,0.4396219023681832,0.23042948021535112
1.4180342702923274,-0.8690932743751794,-0.14455423353773353,-0.6531643198882018,0.20320086396809595,0.6362528508840337,0.42523731605858794,-0.24457946836244332,0.04745348096121195,-0.23775026011568173
-1.2583637140388302,0.0561738491785689,-0.990560460133154,-0.8527262875387669,-2.2379590034098804,0.3617520596437765,1.1309354396983178,-0.5381979497447485,0.08448622314571871,0.462655512280737
0.0665989358428902,-1.2068870883834049,0.9119040332272816,1.3133401590880196,-0.5472022290842453,-0.6676966450429402,-0.017657101256374697,-0.16764535170117578,-0.15915616393117157,0.6321821833157532
-0.2306970884305937,-0.5934943067030218,-0.6286527047407828,-0.4278238071771477,-0.1172520352743811,-0.3268898521487238,-0.02022560411159823,0.2274426862587905,0.6805084423294823,0.38725995332261604
-0.895582798993667,1.5997194628513762,-0.330192717982601,-0.026292077407635533,-0.2759477416095834,-0.8114242734698969,-0.0727385891750224,0.06816879303292091,0.5510882248067276,0.11863625546108296
-0.8034118308560608,0.15198935688967535,-0.9841819945113438,-0.3002333738650711,0.0996691780286551,-0.05144959666099872,-0.10332569565097546,0.21840685654133835,0.05968502003847452,0.09570797597719176
-0.9448756464555386,-1.2434318500460693,0.12205960625354946,0.8901380779298108,-0.4864808988932474,-0.06446241836954555,-0.13007593996745478,-0.09304479783798471,-0.6167699799871535,0.2552441356472407
-2.010745004367534,4.4189105770521975,-1.2148090389945256,-0.8956555797151684,-0.1643745572840102,-0.4322633982081941,-0.7545527421722906,0.3680656948619009,0.48932549260699576,0.4235961444016451
-0.04399944908698507,-1.1363332961758326,0.07374603814882007,0.43676352077525793,0.2641482490381701,1.07760337033976,-0.5750883770102406,0.17220798570702395,-1.23377520279997,-0.7192244868497069
-0.28901000897816725,0.01283759977143049,-0.45581327142090605,-0.36520497742619223,0.39204736954803093,0.21012463441013188,-0.15363929595451717,0.23510977613748396,-0.021163493504569184,0.2653481464726126
0.047205395197041936,-1.0090762505359114,1.0369272378262857,0.2519698092396722,-0.08811011864487567,0.4095077682894869,-0.6075531674155171,0.23802421028465837,-0.4960131090632011,-0.3557462193244505
0.0136811561478187,-0.7872041106630859,0.3752595328930424,-0.8806057430924028,-0.02539089337806838,0.5755444844136843,-0.5356914502437945,0.37350322881067705,0.13084624862583033,-0.1751218387257918
0.5799356027251326,-1.8201100263792593,1.7586876354114007,-1.5089366309960262,-0.5347032503819845,0.739469696886671,-1.328345140316231,0.6409794627078869,-0.2665434141058074,-0.5347564557124019
0.2603132706949329,1.1634487813758094,1.1429778329030047,-1.2936629596204934,-0.6949637500314575,-0.9763616356640583,-0.7674769895231512,0.33077347907707755,0.20605161526943805,0.972330555126909
0.012211100718729563,-1.6564821639606753,2.7565319660876875,1.6204742193681574,-2.4017025172784874,0.07546594960527074,-1.1947846797692816,-0.17427042067251755,-1.1117184820948702,0.1784074996582803
-0.21595948445081836,-2.470862616176572,2.1415337126463347,-2.3304394714288272,-1.9356403253361147,1.477507723356602,-1.8675215654174144,0.8827008477205713,0.10909857998562156,-0.9315454569835933
0.3611516510412013,-0.6710346063647167,2.8656328008017717,-0.7487656680564653,-1.3450972603908196,-0.6524859294212598,-2.1506889627138626,0.72434925152539,0.11595823674661843,0.6840697045634997
-0.024281290146245908,0.002241218274827603,0.9389268861863395,-2.3261213110085857,-0.5201073748581138,-0.44058801576265266,-1.127367173546086,0.6488523485787583,0.7003211771299878,0.5427162566309582
0.11484008499056905,-0.19844403969536453,1.0003714567924011,-2.238376788872635,-0.448588000336857,-0.2359867156258265,-1.1122362651883009,0.5357420629954145,-0.28424419924187105,0.17797961331107293
-0.14802973605915143,1.6946557835479699,1.5189645397758231,-1.3035853411747853,-0.8582525798506722,-1.0697545308201433,-1.2404381956870811,0.34230250474612167,-0.5468964582795621,0.7204297658966733
-1.0425092590177516,2.9486202354313287,0.09219348297188106,-1.1074015279708813,-0.5679334926322005,-0.2658937551017916,-0.7768029751928749,0.15998712903124856,-0.8870946653110822,0.4739036613280604
0.02444670389995933,-0.100760963328861,-0.7786284021843606,-1.7596293901437319,0.7042333088984024,0.8135318894232528,-0.4730555325722036,0.3989472618195425,-0.8241988938590673,0.02874856638592537
-0.045765724192578655,1.4757219983711203,-0.7446973576685125,-1.5262694307541476,0.46383533330519583,-0.04378867676271749,0.049953514248171606,-0.029572365986700433,-0.7116483734579451,0.3923752002343271
0.5662859010663943,-0.770221252349861,0.9874767533208498,0.1984575071005502,0.3104799597178926,-0.0427514167485282,-0.5305930646009546,0.1888382397648945,-0.9152292894606714,0.7815977643421613
0.04423262363162225,0.5682471556601407,0.1445464395864711,-0.3589853314804538,-0.1791926748372418,-0.12896529873409132,-0.3018914604871422,-0.042759879068741125,-0.5170869755556035,0.631489418854151
0.22269526445273996,0.43059776383904413,0.47536709486255035,0.37336509769846976,-0.16980090996546804,-0.5690409001711602,-0.20266612470388853,-0.34298008506785427,-0.9082971910927862,0.7186606837857853
0.8624033031501224,-2.112950310556289,1.1260662651873077,-2.5308925972323695,0.10911245373758147,1.3307727384098589,-0.9965759278252994,0.5591850933220444,-0.6101912227603892,-0.5500073680072483
0.707758338732635,-0.48299888386332795,1.0736919023571119,-1.6125764737664998,-0.337636699075479,-0.18990107137936835,-0.791722531392038,0.29043418589179415,-0.6595827929912526,0.9260430299505187
0.5678341577011915,-0.08708339322107381,0.530286910314424,-2.1820582163547395,-0.18037660852802975,0.024673235847340824,-0.5953113323704233,0.18867809848634892,-0.6111844807407523,0.34467244851715423
0.6995654288051167,-0.37396493801573066,0.9150099459252001,-1.8072405404571397,-0.11016211869726197,0.03173780940061926,-0.6127743652538976,0.1379775259717541,-0.6993878605556763,0.3088889648264435
0.5500679875801778,-0.4836934026781821,1.4061129069156204,-1.3159951752263723,-0.4953706046636076,-0.22626035313079043,-0.9330077693798945,0.2927662719354855,-0.9782321817018264,0.4079380398306012
0.5497104262295657,-0.12565740892507415,-0.07337364925787121,-1.3954838182134748,-0.07868895555450803,-0.2066357272493861,-0.055984304792041355,0.002162421970427716,-0.10125483287424972,1.0062419054022598
1.4619609715231787,-2.6045024081666264,3.0067278960623054,-3.745422628039873,-0.3917649705574069,1.7961483993782632,-1.6869022813475785,0.9627238134845261,-0.5675692210276458,-1.3704514011745488
0.5253392709010951,1.772837925968785,2.2782100465858885,-2.4799537820514383,-1.5453722503042286,-1.2335681303079162,-1.0901653083478369,0.27109155788572664,-0.04632224311722599,1.4703012190410827
0.7054602814960829,1.6126639419732522,2.124069837780672,-3.22301059430787,-0.71794147382464,-0.19598706282590206,-1.116946644131504,0.5152684544206906,0.07593577399800497,0.14484560212757558
1.2619435637231748,-0.5069890084265096,1.9726196710204014,-3.5123541883641396,-0.49840017326873254,0.6259282112931354,-1.055310075061881,0.5863441241224048,-0.21269143485765232,-0.4187811956379991
1.6386362561241115,-0.8725719829730704,2.883059376181534,-3.4122077624823275,-0.8537550611828231,0.7958384229448864,-1.599237233761085,0.7277645381643445,-0.7311528939579017,-0.4276017376394391
1.7226036419563613,-0.6325715532949532,1.6012744288226122,-2.4252509927607533,-0.07495419201790332,0.05944248411656667,-0.5748463051413254,0.273528724715721,0.005461134549495579,1.1329691369295376
0.8934524390612799,2.595574672729906,1.9893925476763392,-1.0697819526593666,-1.1706825737695745,-0.8488645780387525,-0.5439382348414429,-0.2137118627716061,-0.8539159719394553,1.0840857440686011
1.624422492717249,-0.21039260866150553,1.6911249518466709,-2.267061238469278,-0.81387898873583,0.5076114895087457,-0.9088455224106221,0.14766221433712484,-0.7822064752594206,-0.16789739240768342
1.1991290434493198,1.4716119126142946,0.8921103192528449,-2.722869046886784,-0.9959621779109633,-0.11444524180988264,-0.6213999389380138,0.13527731057800477,-0.49200972735486126,0.8254266684016797
1.7102769043771402,-0.04924408967709589,0.9660930324020254,-1.7501281019392456,-0.2568265957323819,0.31148508446270584,-0.4510049008407005,-0.06087085784785692,-0.9153668802701613,0.5102410628126466
1.1102815032756541,0.8467901200405619,0.12570424177649134,-1.8673593930978432,-0.7598514818396007,0.17750212550995512,-0.21000100352429807,-0.23109056763804947,-0.8261069133491121,0.4865012567914755
1.34828990780448,-0.13570662424763769,0.4805351940230394,-1.8950793808192312,-0.4233981880309419,0.1795238865541473,-0.2401638611365891,-0.14521616154900108,-0.7280356624844414,0.8023713155034667
1.4740537264737807,-0.15801372115803883,0.49493781910055085,-1.2979215720804782,-0.37933301752401755,0.03640396084143351,-0.27670144075574554,-0.22795677110953813,-1.0372472690987127,1.1215435537673777
1.0435402530553095,1.9444463986703904,-0.08514531381039947,-1.3226777374070957,-0.557073493604517,-0.3673350622054891,-0.24028178276785386,-0.11851599865222422,-0.7087935198158829,0.9642548509997728
1.4203140599995463,-0.26425535465077293,0.8396594879391882,-0.2523918797658573,-0.8479421311534608,0.13869435542823755,-0.5011839432626477,-0.27113184413300034,-1.4587937479827178,0.5926524576113575
1.3448885323780297,-0.8256982170375016,0.7958674087721628,-0.9517409052477165,-1.1371573201432577,0.5769938143814755,-0.7320194167956579,0.0020035004308827592,-0.4599936228677285,0.6249018587237688
4.701907544239862,2.52260969470266,1.8764983484083058,-0.14739931762875222,2.7147875310018668,-1.6374037504248062,-1.4076716885994531,0.1734208315091882,0.1323284887282622,1.0617287055851379
-0.8746028497330242,-1.9373634012838523,-0.14068728585371168,-1.3655973864664417,-5.270598388316845,2.5662405407448663,0.4467252399539999,-0.6770097579653581,-1.3584998099458805,0.2956445867454067
1.3123858451371588,-0.5115832096954457,0.359054263387919,-1.9325412769876116,-0.6081034174997976,0.31250994164109946,-0.5077210692836613,0.08523749230870982,0.16795835894339314,0.9859792483048613
0.8953620485988433,0.9241254151601466,1.4383427371539093,0.2375989488917195,-1.464942905088138,-0.7395726166702828,-0.8132715211328574,-0.22625850049070848,-1.0064424510110241,1.3356000019300318
0.8526344156717562,-0.15064590335322176,0.23785385483009233,-1.391794080988208,-0.7417897516749835,0.31860716154833546,-0.5250465020343198,0.11820578324606583,0.04944724404601741,0.5149500796603484
0.6369905260442696,-0.45710751309815284,-0.02391170998888509,-1.8824824228191035,-0.8166703580736774,0.2794069444130646,-0.4797426462572147,0.16841345874270924,-0.4549881233413991,0.6052979287251944
1.0649509054963444,-1.3403222075533405,1.2168193905615838,-2.299711328161684,-0.9204558676963681,0.7280391154265754,-1.2705470249888386,0.5627362587185041,-0.48598678388801386,0.26003461168450204
-0.31036126959222704,-0.3794337606843445,0.6599796945754169,-2.0611917752039566,-0.852287046142482,-0.5796772025060687,-1.6433819261517404,0.8152071356690391,0.43038950827970446,1.5103701403667236
0.9372228163701949,-0.1596842656255152,0.5975382084019382,-2.863509759289632,-0.598332583985344,0.24481255053991938,-1.031164362727516,0.5067306296357409,-0.11327671383385138,-0.15384933898042563
0.9530788637588412,-0.15685482356641559,0.6307187727077556,-2.725354876716485,-0.7256457849111635,0.0752296593664494,-1.0071851067965711,0.4557457738718142,-0.10674944977469303,0.5518545721988501
1.1707807530190155,-0.6280547316600992,1.2681780128253803,-2.000232021406577,-0.7299990547760769,-0.05205414709638429,-1.2047194845919098,0.5434520938979449,-0.6124444452804193,0.7344825534324497
0.738492224226743,0.10557133061266709,0.426950403967306,-1.5160429119255223,-0.7746979142341218,-0.3385987050749057,-0.5611657511781055,0.10765635002665187,-0.24638778108165146,1.0316971156342856
0.5806752141307902,0.900628596499487,0.3029481092501252,-1.606581408887511,-0.8600227158394002,-0.31026669243174504,-0.5101512078973568,0.008900883216168937,-0.502947977345198,0.7537096825026477
0.4329380516082877,1.187649265724503,0.05281198276068951,-1.4274876948840707,-0.7369996652019825,-0.34687331680117917,-0.35612049302519966,-0.04844050540410033,-0.4460823843572127,0.8565926953629065
4.229428982356508,2.3581859067679405,3.274533669473074,3.91938135916909,1.9774725796295813,-2.835944977556894,-1.6810517128510531,-0.2384910989665319,-2.0348385696869813,0.9518098059597944
1.9038283483546714,0.03532409600681618,0.41684251245255227,1.6172517625685086,-1.6220011759168957,0.42591717044390215,0.36163920633871927,-1.0504382830797638,-0.7266434440107093,0.35581966353368943
-2.2038674860748966,-0.8367217065035855,-1.4459712523625192,0.046119196728283775,-5.121651414237842,1.7274645445578354,1.1469629613495058,-1.0973669600596034,-0.6521393312769547,0.6656515660337536
-0.2305377532704002,0.23901306011858772,1.5329441597463276,3.35415506845159,-1.8063551145602528,-1.1074352636192937,-0.9192097439465269,-0.4985782455912804,-0.6243357241742586,0.9740189935052589
-1.0747798360469967,0.7943111317305694,-1.1670874066501784,-0.3612430666427255,-1.0462526631254172,0.04352417388245228,-0.24404868416116962,-0.03243981277755595,0.14378129224363295,0.10835599363045273
-0.03043766192412431,-2.281026748685382,2.0733320316434556,-0.03781809802440459,-1.2330798490909425,0.5568664385529919,-1.7170218229266767,0.5442319634645996,-0.6499617710638155,-0.7243054061427329
0.23159538234568444,-0.8146137370286968,1.253312412097382,-0.6926792031366235,-0.5785979807357887,-0.4836498348329582,-1.3825570913543945,0.39945704469437227,0.17161376263049125,0.8068958193555379
-1.1040589365954923,-1.1404742885623738,0.5910224097437182,-1.878702839979483,-0.24346398396918587,-0.4419054121629072,-1.9208488269550272,1.2348632191474298,0.6801311501491979,0.04361430517149308
-0.7987453217208845,-1.3629256540651968,0.34519937115394494,-2.95434085458713,0.07879808848173393,-0.004977095483680062,-1.8664893505125741,1.3870178022755972,1.0318342423080236,-0.01930712195441183
0.25753694214753853,0.0850164942489585,0.300589635317354,-2.602738193402529,-0.08967421938295214,-0.4291859567083784,-0.7654604744536162,0.5363883441805556,0.15455438814171635,0.34143835118353083
0.6461944848508399,-1.1944872825995732,0.5098897717787867,-1.504580177402969,0.0017608773990149347,-0.02363172397779655,-0.9356403805919661,0.5691877697348423,-0.7558009526391805,0.3832347205085014
0.6272715393700091,-0.6225021380798514,0.5207183077552127,-1.4286996568428807,-0.3412385337962393,-0.19382562738083242,-0.5294232100905438,0.21523329055532991,-0.34594661863885295,0.35407422964568996
0.32274026263553085,0.43994185448408646,-0.18824660359538395,-1.9115532685981325,-0.31248308008549297,-0.6076144354408161,-0.10963944162992204,0.044838616945856814,-0.3218015658111195,0.5355838998141107
0.21344494736258307,0.17546712014492202,-0.43617024082536077,-1.697159799610308,-0.15226548853103153,-0.31032618560102204,-0.27580682187333866,0.14557126124086775,-0.573303534500966,0.8447346317038888
0.79171590965171,-0.9100426746070102,1.5907768046773565,0.5645916762110543,-0.6458980218158332,-0.6244763818511108,-1.0806473923270161,0.022987180704404996,-2.3483569034388223,0.7830327208649789
0.21355144229946066,0.555123349561054,0.8583850010218624,0.38477989944958596,-0.8404387824768458,-0.9866544879212511,-0.2899260212887845,-0.5565791610588458,-0.584863540040119,0.580428627994108
-0.19275252479552935,0.45844810442455136,-0.5598723543408018,-2.115702892607057,0.6989538936317324,-0.14199835290732296,0.03013016899643418,-0.10090057915472554,-0.12918042252992587,0.05923146692254077
0.6814931026753555,-1.4084101254536117,2.10444065619604,-0.6565042100570577,-0.6818939388054776,0.20105353058960077,-0.9166035072955446,0.07093460066276049,-1.6913270297427474,-0.49023925706264826
0.456597465966101,-0.787736657567723,2.1195619574647533,-1.5594662670849848,-0.9085840529606405,-0.16309349664027242,-0.837219413304175,0.19115646628419747,-0.03700996370161194,-0.1891772542910104
0.45535776532546507,-0.5414335223330614,1.4228202138253718,-2.4128973451792706,-0.4789137864518097,-0.026377759951405556,-0.41468248916725553,0.09134014814003048,0.16755562569822877,-0.06160660451541935
0.3871125487920966,-0.08338680750644871,2.3191492404266913,-0.44319017396459376,-1.1912223657398346,-0.7525822753142456,-0.6240879581363987,-0.21692066433925097,-0.7219040727534112,0.411374935644445
0.6617127081270736,-0.8268135133948952,1.912916970962741,-2.3578407055809145,-0.48641166942967407,0.06673021434439716,-0.8307551697711484,0.3861945661255755,-0.08136359803619556,-0.6837299211897006
0.32123503898944555,0.9976802406548004,0.27518133057811356,-2.767823472735419,-0.1454691169040123,-0.6461603841513605,-0.19084413039714385,0.18592261645586766,0.31875927017082417,0.0495348106574594
0.6531706836343185,-0.4805718185799902,0.2758607711313581,-1.8794191868543557,0.10953765644739481,0.004443624799711008,-0.07347639142015472,-0.06291004109450388,-0.2402981715009212,0.01066570096837364
0.6895160947139999,-0.4868020850630171,1.4023931059218566,-1.070057733948436,-0.41644894274916017,-0.3866594738918836,-0.4918016942726184,0.014409434776924171,-0.9221148577098517,-0.02023572269115769
0.6275598065407791,-0.07561162474434249,1.3557016884885558,-1.2868762077445703,-0.5387599950054432,-0.6777451310033117,-0.3855958766580965,0.02033435826464202,-0.012916898125455297,0.200291467541348
0.624851796936819,-0.03678893290481077,0.9534600711743051,-1.2112696689639235,-0.3537129299455752,-0.5266791524376848,-0.005018575254920047,-0.25308969825232525,-0.12878686947379636,0.1525995918251996
1.0764474946240572,-1.0208406141289903,1.742586346258008,-1.2197006392884773,-0.2700480620498197,-0.07743143300264503,-0.3853686643901873,0.012678367460427132,-0.3834555626443991,-0.095329412738287
1.0540585014441535,-0.036702331355021774,0.8827648697061531,-1.829023381658544,-0.43578212608461636,-0.42167000060233484,-0.5107946329634405,0.11879943696345709,-0.03091231963654992,0.5309349440452715
1.1291384024133109,-0.41698522834156904,0.03132728286994086,-2.4394631075164543,-0.09289355932258453,0.1588213524575464,-0.3005042965894112,0.1449927070107856,-0.023941640294962305,0.37892006563724573
0.84443340690444,-0.34673657364145244,0.8540842504837992,-0.6640766396017433,-0.18885124738262696,-0.5159959101608591,-0.44604448759192544,-0.3092694673756202,-1.7842227587356718,0.9781474455210132
1.115217816764851,-0.8982984522565575,2.203831241616268,0.14108763642693745,-0.8105672997326923,-0.3382233613418797,-1.0987359068469584,-0.2394902501285114,-2.422681247503846,0.5248487339450153
1.1270732102309111,0.4088024028598287,0.43500744039353206,-1.2134114452724765,-0.8239555171205577,-0.5233360455248295,-0.354206270191621,-0.19124987028620374,-0.26227409544810637,0.971728621417806
1.5093372125724152,-0.7893005581660895,0.9051034747012542,-1.5186509216455844,-0.5870064002718111,0.34579628480263525,-0.6129479609631974,-0.03747350188097519,-0.8420088402201263,0.2416860653155862
1.1950573464749181,-0.26498387271226626,2.968159164240758,2.4556012977261976,-2.345909858904782,-1.4006352136361953,-0.9869144722222151,-0.5817727740674093,-1.5571022075517746,1.6221438668200236
1.0877191723919544,0.3721021338350713,0.493535899769609,-1.1465499677177837,-0.9468122562425694,-0.28081267488886275,-0.3508910471436894,-0.2450256944280591,-0.0016705095185751925,-0.1279301535637562
1.2276580493467837,0.05520124083771726,-0.065741979453881,-1.1306662490580175,-0.45470893771391085,-0.105700233593029,-0.1094445657848423,-0.34860559069714475,-0.14585167481930028,0.3170706139830519
1.3321006712562828,-0.45897232814799643,0.8798640763521547,-0.08692408641084587,-0.8221286464698883,-0.2675634508595834,-0.4739710029183997,-0.27349860711446766,-1.103803372092956,0.5322161265819473
1.0229607664089588,0.08089149769554552,0.4229055022472949,0.12117830621749275,-0.8223707092041259,-0.903176539650926,-0.3357098339892699,-0.15657600262969976,-0.28417142294310743,0.8798959105193168
0.9229744855260004,-0.6653711493402978,1.1059957639812177,0.27860813469563755,-0.6463106446464867,-0.6093837867711758,0.19523037462916815,-0.348485718797318,0.7874142976604311,0.1766749164895297
1.1208113954201337,-0.3513663725568917,1.145102475780042,-0.34699054137295476,-0.5018466580602537,-0.472020962047503,0.04161794347948349,-0.31044417917465333,0.4333382749212373,-0.1748159369435105
1.235262072564281,0.1425463800115363,-0.18974445854940022,-1.9419297570635488,-0.008226642739593571,-0.40696161192175745,0.23365021416275497,0.028905242654901735,0.6418403015027826,0.33139997624271
1.8513443606417175,-0.2640741611490491,0.831877781170674,-0.34700214089173376,-0.10870174203417457,-0.6311802029919968,-0.18852088830738736,-0.06281496642971857,-0.025828526123408815,0.5068769614631062
1.8911426591477318,-0.8508990240701697,0.2865736454188841,-2.2300483207946233,-0.39335366111531,0.6343849822421785,-0.38857025534078443,0.25002879416816987,0.2726404133539791,-0.12320300050508655
1.8257892676955874,0.44677932705223194,0.23408915155477455,-1.5629402775775607,-0.5624378247102788,-0.44016639756214204,-0.24866374663975024,-0.025569550244790663,-0.7128284010538247,0.8375310763967393
2.56401632885,-0.9468595617282987,1.5056173004662574,-1.6187215820097072,-0.4019646079800934,0.3688094893480687,-0.9253138512089504,0.31903184524550027,-0.9975167534305339,0.13947396127193246
1.7167178507262968,1.0285542530714722,1.0351863529741236,-1.3974019395703134,-1.1972463446993467,-0.7656154729327844,-0.43417432602171707,0.14603735177927632,0.6502111228432859,0.9004633117093438
1.6171594034502594,1.8661204416687713,0.6241210366534924,-1.5289961944079273,-1.0174484050244414,-0.5466268119273074,-0.40286554881186315,0.036495324458520086,-0.3163886327813084,0.028921709721548693
1.8799730946773925,-0.026461094941937286,0.5335596415843237,-1.2742922233404173,-0.7893202523873626,0.17905255547867854,-0.17279059111931075,-0.07920249028937311,-0.4184943527171794,-0.3861161470180393
2.0363881882983597,-0.5130127250987266,1.052179164205302,-1.582435142528744,-0.8066728478491597,0.2547891754579189,-0.7540545251321181,0.3273226312908258,-0.03807897250864795,-0.23427341712138616
2.059111144751888,0.07286301589076834,0.09677285297443179,-2.136135752935577,-0.4672808344999697,0.23554392995162352,-0.29558453852042194,0.07886988237605759,0.19173300270498211,0.27518305127128834
1.8693117797133731,0.5587195615735483,0.18331329798494625,-1.2814587218740374,-0.8271500080076857,-0.3515826066325821,-0.21612263182620692,-0.06638641369603138,-0.534549986439596,0.6311858519130319
1.5497839094436763,1.0529668471757356,0.5804144904130821,-0.7265091584048998,-1.0145368752257673,-0.7248390286900472,-0.35471459162145874,0.01429594857315373,-0.2405138860794352,0.7734760927771587
2.087158386721703,-1.1392001491268022,1.1195442392617896,-1.3632666142977925,-0.7782357659257454,0.511258133336285,-0.8147586845508499,0.4175057259740688,0.13556133043123653,-0.3460075839926935
1.8038053492926174,0.030767021690623453,1.3013801657898019,0.4092543619378355,-1.3192632530471222,-0.7802268600073621,-0.48807799112605105,-0.1338541019331323,-0.37626279779595906,0.8056938731721085
1.6619939841044045,-0.016098609188523953,-0.39281628623938936,-1.2829587241435345,-0.9506928396465585,0.12411588253284953,-0.3022061216907945,0.13400459556167726,0.4794688394264262,-0.21200357656616722
1.6906093542393392,0.16166896276770362,0.20688875987234714,-0.27712314934728643,-1.1530668902134804,-0.446482260158123,-0.560579314475309,0.07669910297558731,0.0012171432265292727,0.3017262657181999
1.6974977157402893,0.18960659139248734,-0.3269480010795831,-1.2036717235783823,-0.7808644389852842,-0.007846241999184272,-0.44311864075696245,0.07787204184115719,0.2603556860317798,-0.27136128142422483
1.624993147575496,0.02667063879162837,-0.5887796427822121,-0.5701025209874083,-0.5989268877192332,-0.25197378771482,-0.11207500230552982,-0.05927160198030442,0.029658620275959533,0.3468753787659383
1.6991228846595299,-0.4802828270959404,-0.07146102106054716,-0.076515919815873,-0.6631796130642904,-0.2739620114870827,-0.3364907574573662,0.113359578546566,0.2702642136261455,0.21441936413171173
1.9229122242265704,0.11282551271487486,-0.04285698943500668,0.26529212655103707,-0.5470693519084703,-0.6844081537948674,-0.41715159374042976,-0.028198926773433015,0.036530188119739425,0.54582705266513
1.933128118896437,0.3377357702575257,-0.9882015954391076,-0.9585079998527873,-0.06422155574610011,-0.3232943035031593,0.015600264494863339,0.03758175737096663,0.06672606460918296,0.16254163882407677
1.9763846211173492,-0.40614331960035355,0.1294484802921496,0.31948019142068224,-0.7254786062287165,-0.17656941670347076,-0.007485136822118551,-0.2546148556488305,-0.2546010486418508,0.1435764613131412
2.291663837263736,-0.6175491527487746,0.5787255661994685,-1.4610018914927891,-0.47731311906767265,0.4315726422348815,-0.34951536444170256,0.203497982587218,0.43887649016140323,-0.8829098587545999
2.288803528305081,0.6485689931874308,-0.35666811731495196,-2.2240202979822254,-0.16942992836266524,-0.11620876210478384,0.2521684398811879,-0.016023873349969357,0.8400780771728514,-0.09000409064098287
2.184020057423487,0.2996003457224871,0.5089973546411423,-0.5733867386690313,-0.9812908742162435,-0.2658550299015796,0.06546239121817034,-0.23939774204657652,-0.42454548519898383,0.10785096206443578
2.019259390655437,0.3710467120531497,1.3527626672130233,0.5057460670932055,-1.2718888551861498,-0.6277330369612837,0.09362307719714884,-0.39797058894719217,-0.012504503048308717,-0.1003050765598832
2.3035095431174195,0.23132302727248288,0.5263589768137366,-0.6722467772021469,-0.5138623053042839,-0.2678511806928147,0.14136533534185267,-0.19422849338026835,0.4719241196297162,-0.4674764758599733
2.309657526672894,-0.5995920678046444,0.30132013193179635,-0.8468277581107847,-0.5047569379905651,0.4182739725068502,0.17234082191153013,-0.1918511135395711,0.23080180491146018,-0.5856088649309211
2.617667275696392,-0.10697544468080813,0.7687366041407475,-0.8012000907024975,-0.5231316632401118,-0.08969651366350422,-0.09691155836211261,-0.0711864339509926,0.19810894337133794,-0.16103435942796465
1.8700203684046455,0.8461396701315019,0.2022000472947065,-0.7178318589572986,-1.2927537924170063,-0.5052532346802382,0.277583108275358,-0.35950862263943256,0.4046027550667072,0.09611005709441917
2.3289571497269974,-0.7391656014017437,1.3909498679896484,-0.5183228626040538,-1.174654742836986,0.47279001791478664,-0.4243575000197369,-0.15587748174270685,0.3949465836142069,-0.9151224642457084
1.992077997745711,0.7445872059578562,0.2699287867316329,-1.5555239556416023,-0.923405705481405,-0.2589415397248075,-0.015670794331075828,-0.04753243464140349,0.6767428179473073,-0.001510346474562355
1.8318901906550453,0.45949503972158257,0.7004621346421169,-0.39765759596956846,-1.0675498641889376,-0.5003656917704418,0.0065476757655113715,-0.06333090181832256,0.3952688726046427,-0.25939960787723787
2.2653555164137202,-0.3350811573488495,0.45979103898616797,-0.934173728067693,-0.3164168811001313,0.004229213481395385,-0.03858256079342753,0.05280622643532005,0.6554405775186342,-0.5069928464778839
2.306332692242957,0.22949214543789576,1.2243741921587135,0.3944476070922548,-0.9737290910943525,-0.6335254941448254,-0.3283618353600475,-0.17676057331658043,-0.2144223501199154,-0.2145645762388923
1.9612465300713031,0.49146838411126836,-0.8421879163504801,-1.3935927429722856,-0.48978209596440164,-0.20307220627117983,0.15721790453741638,0.036134978132161204,0.8692560942018788,0.276764675512767
2.4041410546753754,-0.48638053761734673,-0.08923319762089348,-0.8492570742008003,-0.4092914427829265,0.14686190750199352,-0.05263805736102361,0.11413893053691715,0.15314241521292807,0.02763380427622024
2.021594187505652,0.8893442310568205,-1.222677870336965,-2.0185546578175524,-0.4460417188446067,-0.09935338197718462,0.18079465364196848,0.08605987820614491,0.6409211829389039,0.10660855132870606
2.2907494008939024,-0.19130609200419638,-0.46398462434400345,-1.277759773954798,-0.4714469459625692,0.2742670376949078,-0.08232758239405928,0.10270442647768167,-0.2207207011197478,-0.32542146827764823
2.43249443220872,-0.23463859371313023,1.3861823076613398,1.9853554367677706,-1.304422527620131,-1.0574903242732967,-0.5098698134896488,-0.15747176983545227,-0.943530263941997,0.7577620858728037
2.3218922758955296,0.09722964622897186,-0.14771317506160422,-0.14832068698200143,-0.874178704068203,-0.32539798427793676,-0.3476610539128636,0.05387863818026754,0.5555986785602763,0.1970817723382631
2.279709194802139,-0.15641523937298987,-0.6866166910553422,-1.2530430393076002,-0.47058277152474215,0.08951447443985912,-0.1741094300504656,0.23585292418166917,0.5226455035137271,0.09755395521999505
2.383461372572703,0.22434563849444003,-0.24973311535473477,-0.32979286608418307,-0.638337256894602,-0.31433709143784944,-0.19588541688431466,-0.0023722269073341326,0.11391861285454243,0.026447861802809544
2.4867336950710834,0.05985711334778881,-0.9191763130596761,-1.1977735725103429,-0.34777711234677944,0.1291344938966453,-0.14236625824756793,0.1155419821235759,0.10975913425851416,0.07597962206765962
2.23870190978028,0.9823018452840883,-1.171261794026129,-1.1579396901194767,-0.4647612742460553,-0.047985332248736086,0.19679337426855367,-0.10433119932810482,0.4291417877605632,0.11323316891256746
2.807341810710661,-0.7036597299985012,0.5353727412232165,-0.601817274404642,-0.920397942068905,0.5489817099495208,-0.6234668244759144,0.1134111725184866,-0.7095501140134635,-0.44049826611039977
2.5016716575984255,0.4456737948030347,0.33065254501366376,-0.183214717003814,-1.1551114727587648,-0.6935233554720569,-0.44732849278776327,0.1569608553608201,-0.0861761222941356,0.7029825637018583
2.2892739788933856,0.0749254728164474,-0.22990899596721578,-1.0664052916622222,-1.0274242733209313,0.0007026069499278222,-0.23192993232619746,0.19267757128098612,0.5511612527228316,-0.019994098833235177
2.528262986079849,0.11469655332228133,0.26524976026684355,-0.27997438960926657,-1.0006959848357868,-0.23839714804724982,-0.42387739299489885,0.06757453764171323,0.11266978242763732,0.07860925189095025
2.1143140191583645,1.0341377498131632,0.016819088809941627,-0.43455368810194245,-1.1952129532115985,-0.39923155723890025,-0.32840549810936387,0.028481245057150825,0.21774615878734957,0.2295841393616774
2.0553476359144747,0.5962348339942005,-0.7581400764655498,-0.18515240179753548,-0.7233261521731271,-0.06626836603891595,0.007722323215886582,-0.17483103338917352,0.19582752599693712,0.1389306899807566
2.2216902958793048,0.08166086073079697,-1.394409230083387,-1.01123957952367,-0.33104311098211936,0.3912739609550853,0.13411952819478787,-0.10151843591186908,0.2218329173222654,-0.0414607699588074
2.0446748240679837,0.6959238921210428,-1.1320060383561288,-0.10737227581246941,-0.5880223148298643,-0.3554663170238996,0.0977545901381091,-0.15981482398435728,-0.42794479464623314,0.30214548559654825
1.8519206661911796,0.5202253188786685,0.050814433624367134,1.8991616305507526,-1.1221980569272556,-0.8833942766655616,-0.21604253476967106,-0.162259441669553,-0.43520577424402324,0.8528757849098179
2.3212092621859055,0.35888326219052735,-0.8442580455480128,0.2992859542793378,-0.17654438323009217,-0.2021216449381484,0.10066229481324658,-0.13301794526525842,0.3982029620991118,0.1277949840798174
1.944260182661836,0.9270278444593348,-1.3935808821135542,-0.2963754291384028,-0.5098737439600689,0.0011304663426420245,0.14684425228187772,-0.10528736712216528,0.0729036340059415,0.3709616660769318
2.2990331946298026,-0.1458996431890398,-0.8710762625689007,0.35349861113587805,-0.34822753507076215,0.05912319883781047,0.05466726739732624,-0.13084812891554828,-0.32755852131116137,0.2901259670213651
2.1800550217696975,0.3037191106163164,-1.3571341940025126,-0.047731468794766786,-0.3050931750775965,0.04564979564021239,0.22471839002131458,-0.17366358994411504,0.07189888486193938,0.08029396240590575
1.9672601127925355,1.146644497472317,-1.1152324781185285,0.6977033918348208,-0.7094736756321753,-0.1307995405106479,0.1060637513474897,-0.43567237717482654,-0.319435518712865,0.13961333286142605
2.027972866056272,1.0876551367242289,-1.0894975516232155,0.5374312538320335,-0.5305753842530642,0.04474031220264521,0.10785328325994077,-0.31631843457847586,-0.2777023859077634,0.1298907277578061
2.2244995600491406,0.3124185141925565,-1.4129160458752117,0.0940938208022872,-0.04976159233689547,0.09510928042083035,0.3618387584510816,-0.13401078678149042,-0.1361406374358104,-0.17426158338525108
2.1092602558895814,0.29310285919464385,-1.3815524829899695,0.1038528626765235,-0.1335429980214925,0.055287533923838755,0.3090923518630376,-0.0780010024433244,0.32754162220558763,0.11547582136503429
2.3291205084711004,0.0409996229501139,-1.035500660699766,0.7830588537957237,-0.3626195296033526,0.04813121533983414,0.11154771872664183,-0.16609851767941428,-0.25387288981973466,0.30533152604660113
2.4664152884352304,0.08840066929290591,-1.5926657018035184,1.217788685704581,-0.6772547569881429,-0.12691291604438537,-0.32356814193555655,0.18002410571032176,0.23918014642259824,-0.36171377137370836
2.392167890465022,0.4488093231663543,-1.970034416310573,1.0640631031011532,-0.7287651069901557,-0.19441177318838723,-0.29862253907022845,0.07233667426579928,0.11267735154701455,-0.2419348025229281
2.7006242893026244,-0.15203988687022935,-2.2570752644599916,0.09573161468079439,-0.14856430337489018,0.24539363341042641,-0.2747299740268545,0.35305918584871504,0.7877358032154265,-0.5696700802811946
2.4026009229967307,0.14414966390132525,-1.3105878125593025,2.0696480949545264,-1.239307053466377,-0.42334465901787327,-0.5297214964571701,0.055580716103152926,-0.3217478178771588,0.10340000212036694
2.442107331530287,-1.0407592404658284,0.8383405491664172,4.016824320948732,-2.3074872670526694,-0.6308808475932919,-1.4686674245068416,0.26301643756262905,0.7400303251293501,-0.4704539672485432
2.489730379173976,-0.19160101746921043,0.3202511019209365,3.433984751132666,-2.0086389596812033,-0.8944946374872512,-1.314679095740922,0.2210061851513784,1.647557869905587,-0.5757339290146891
1.3992275834991343,1.92837898424043,1.1325763873398897,5.337932899932081,-3.5765854214436312,-1.1752561987868868,-1.4438794020964665,-0.4551395025325959,-0.17061844136138626,-0.03135020315880098
1.0611775410237059,1.0912305569126572,1.3781373287166716,5.487227325760108,-3.577558269733848,-0.6928688660451059,-1.5104982191325562,-0.044539435809512896,0.8916635155260323,-1.0221668172630218
0.7120733487198404,0.5004818407553615,-1.636296022248348,0.7575457905114394,-1.9832165608452472,0.5384548134149975,-1.0272660553624664,0.618613393013301,1.4289438146541913,-1.2552826094633347
0.6866842610187972,0.8377185171292316,-1.8177967685759397,1.1270982461425594,-1.3243804229223617,0.2524952195210208,-1.210751110975051,0.5678040225582087,0.7256484082233,-0.6832228229585626
1.0274460911536225,0.3282074261876306,-2.2512201483787675,0.5827535534448229,-0.29485702066953634,0.2756412427181909,-1.156964314569118,0.8934203201836729,0.7705898291127024,-0.6238209705007577
-0.1276621123361757,1.03636128991109,-1.2309276216735574,2.2896843246287406,-1.730006517143839,-0.6589482922258006,-1.2418703083639115,0.8359183911072097,1.1152293914044216,0.019287943232518492
0.2608073404796653,0.38517937997274704,-2.6073813709379747,0.7829038782535113,-0.3711884364425701,-0.05752902010263111,-1.2381167183489927,1.08743772659605,1.1723009752747233,-0.7698799165506409
0.9792096496353824,-0.9825692865114858,-2.157649937988214,0.3750498805965265,0.0663340724016917,0.2984048450528809,-1.3686584498583603,1.2651640596141625,0.6520359898895708,-0.53024497296728
0.4124970365258981,0.20216086486083054,-2.2761806843709738,0.5860942732753873,-0.593568665121064,-0.2295684884002037,-1.088385702547471,1.0925039704783281,0.993199788299423,-0.07706770116870464
0.9729882540721846,-0.5618854238747832,-2.337336854431596,0.32623185137513183,-0.1714351574277903,0.3093628198574059,-1.023736498712744,0.9447877537704201,0.6846644180404262,-0.6610637697393623
0.9578963813999398,0.3812357554064496,-3.023525858237022,-0.5922252589482903,0.11393882824688562,0.2292999958925744,-0.764850282243612,0.8956278492544187,0.9190085760741344,-0.332048566848212
1.136374749318385,-0.25216954475111875,-2.249457451352372,0.6336670300062865,-0.12377954280082765,-0.014375764568949977,-0.963024526448959,0.770095520152597,0.043049476640907136,-0.1800179563972294
1.1007205245742706,-0.3263649422870379,-1.381190186383947,2.350094294218979,-0.7294721192434431,-0.5515405693127713,-1.0659484429624027,0.7033218965725191,0.14716210597205995,0.11284202271668976
1.196752383390882,0.15457204849621967,-2.263860357998462,0.9481216694986505,-0.15571712508858118,-0.15399913079439315,-0.7854788689046635,0.6714712758961854,0.8195179658357891,-0.3993106673011792
1.3558208912459608,-0.4767879546481383,-2.3246361761465355,0.5296123561529701,-0.14265669197618852,0.18263099455845763,-0.8514726941137621,0.7026536072832548,0.059808522609674675,-0.2948715406114922
1.6704239047385498,-0.415277454236204,-1.4120065412622123,1.9109121661862116,-0.2813183647122294,-0.5234276221233064,-0.9903132290563795,0.5606355587101026,-0.2206718726724839,0.18869306334849945
0.9236143220492878,0.8094380820123257,-1.8026342466379959,1.5101164488269698,-0.9005308196597823,-0.3469309440555408,-0.7767431316446534,0.42445012565834844,0.49858588414217114,-0.12930888892575737
1.2747405606736117,0.01873171881801826,-2.2502275066373736,0.7678580856709253,-0.29340141053255553,0.34008562862845715,-0.7165276768135068,0.3855480548526368,0.23015801842446207,-0.7258346461548497
1.0012048325489922,1.4923836941425328,-2.1205664646809947,0.850837502887066,-0.29535256650535796,-0.11572228495958338,-0.8168068995625318,0.4617702914316716,0.09077697214464509,-0.36699610104090746
1.421626801724586,-0.37751851165012446,-1.2439301938820029,2.4483621813857077,-0.480567927597125,-0.13053168244220037,-1.0461635150766702,0.48306834501434953,-0.7615809115927921,-0.09401416480323237
1.0683846029316921,0.161170799123456,-1.9208181365289234,1.498726374473165,-0.3420938745469067,0.10376484513581996,-0.6789478138733297,0.4024904690898159,0.39090049610985766,-0.3955938433318335
1.072307895296065,0.15139863512658336,-1.784857535260514,1.787053914968161,-0.4007660186565652,-0.09756259250207407,-0.6844779500920716,0.315249623254639,0.0957480920377693,-0.39813155850515414
0.9732780234864511,0.44695739549201935,-2.5102659971644865,0.5995905097359875,0.08754912737244991,0.03176106570984617,-0.6848009634218138,0.6540303486247698,0.4884936819965668,-0.3770722107632006
1.3264839868695777,0.018760610410770477,-2.7532471412827686,0.31449420777021925,0.37234692308059597,0.17392490944331115,-0.6409048558996099,0.6609741718794628,0.10028594877567515,-0.281882034960171
1.1619196507013603,0.552287068483438,-2.923756733132894,0.08313890921373696,0.28870583282910917,0.20388718151055726,-0.4655144443023789,0.5116729514808023,0.039305780360509246,-0.35426034724453725
1.3718888829629283,-0.045674978863947426,-2.6471145309848176,0.5459732369305241,0.26397943077526637,0.2748227666087185,-0.64441596919812,0.5369545600703536,-0.4450518491076141,-0.18725309807925916
1.6021557115726472,0.07479183724492924,-1.955115610142033,1.4605998563373526,0.32545407564462364,-0.4023998171132988,-0.7674818879524343,0.5434262998766922,-0.5424603260735322,0.06143019387774319
1.3641732377162614,-0.024369468204107243,-2.0803560387062667,1.434899410027816,-0.1747321792359793,-0.10663618368888325,-0.5327861578366653,0.32408149099092026,-0.5178757075970162,0.0019937372810949895
1.3471319355609468,0.7439886892477701,-3.0307380442949445,0.14960640776530643,0.46116761329353934,0.14509228972940216,-0.26791570174646195,0.4142914420672839,-0.046062040879305766,-0.478070505800266
1.3024137115284709,0.6092791374514228,-3.199246250178963,0.05147775415633848,0.4123385920259401,0.33001133167517743,-0.34695115289502537,0.47309167138668096,-0.23934624832438156,-0.4003588741902034
1.6470916891625313,-0.3609652808995572,-2.3975503158726434,1.265183696911044,0.1775077361235777,0.22136115873964027,-0.5166744884223973,0.30884915326010604,-1.0368904598450455,0.1038211076248944
1.73008485373919,-0.16193557411010334,-2.3794581464686146,1.406867790199394,0.007114621819083673,0.25041979289541944,-0.5065230180665522,0.15715300632516546,-0.7730120703759171,-0.0611220066971455
1.665200358604005,-0.22388796708702546,-1.8507454382942956,2.343909571668075,-0.5693515266242962,0.03354950611745962,-0.5436421986931296,-0.021373155498418544,-0.7944579979242323,-0.11232748911219385
1.1719943379156819,0.49012799339121743,0.42923022224373236,6.095268507465406,-2.1941839435731163,-1.1336393889893892,-1.279991731364519,-0.39057473522821545,-1.4508610989405724,0.4971551629030632
1.1119441845397324,1.6883164013489353,-1.9137604722923427,1.948881954620664,-0.44732373216533505,-0.1019271672642198,-0.9051253843997472,0.42502098793701887,0.8859417286521493,-0.7625225963479865
1.325705543430405,1.2656858515927671,-0.9983602088306284,3.4992626379188483,-1.0875967924331258,0.11220704635394307,-1.1561593753949813,0.0536480925323369,-0.3334314063599171,-0.5695061736770834
1.6762150177701904,0.6516029636675568,-3.1519145214297373,2.2453860322130414,-0.9988377502717467,0.8436195961320856,-1.6394306853353469,0.8886439646836035,0.70499086254941,-1.7302255562825493
1.7406702581361957,0.6766500941620232,-3.5000909727016865,1.7533037437090988,-0.5507225719097584,0.5796690917142613,-1.5501988989236117,1.096152339062542,0.4253206595381179,-1.4255309020289728
1.6697222150499802,0.6787301900813347,-2.8273203550023425,2.9382618992882588,-1.0892824175696871,0.24683445451515865,-1.7967000557348975,0.9886970131098369,-0.1419907471314775,-0.8328551214738246
0.7303527176360727,0.8690666353799461,-3.8982298505723967,1.5685290236781855,-1.454454347465155,0.6319689459480946,-1.4539705786406116,1.1360795698006145,0.6180570092430828,-1.2066195070549435
2.340845480878644,0.09319029062908565,-3.4202279329479044,1.4657896979488438,0.6781349664000178,0.03670125059172955,-1.8179585448626054,1.6527085358604887,1.3835959243571707,-1.1710803035711443
1.2362505048133583,-0.7331275221335414,-3.896181924562113,1.1759530581692368,-0.961572863338198,0.7212647692199817,-1.3829881015348318,1.4010154233380638,0.9785652500851201,-1.1133024656397672
2.376725382581796,0.1573796194672979,-3.777812321902087,0.9235955125396282,0.7285951664925752,0.08834718838745884,-1.6966449753159276,1.5611936041388557,0.9383119278902833,-0.8513436786295543
1.6922371034122896,1.3096451211778932,-3.6141507434545237,1.4670813621835195,-0.43055638938078905,0.1292751438446407,-1.5154101475854471,1.2378287241958084,0.7073119089563414,-0.8810784239306755
1.9865821577122151,-0.44981363978276484,-3.2629455529564866,1.8164638699815467,-0.6264659664268729,0.5376340884735508,-1.5848263726315885,1.1877276035193445,0.30651729772025776,-1.3162143549639822
1.712911551850458,0.3414004610133409,-4.304683161433489,0.2968430341380514,-0.22172418987657386,0.5388363907638951,-1.177348665623321,1.2953299075017073,0.9348018836918313,-1.0715745662767415
2.334630629403982,-0.48501096653676995,-3.668394575407625,0.6328191884514146,-0.17604841510136873,0.7801461319440036,-1.3176424694977282,1.2824574379227842,0.35678281124677647,-1.1062461501071261
1.749405710563128,0.38843995034666834,-3.3445497126686727,1.5107902652507557,-0.705418262685475,0.005645133633316595,-1.5561588777211992,1.2341147857166006,0.4087266550016576,-0.6306727601336779
2.184849324864107,0.10872711336218485,-3.2853417867214376,1.5934134503049875,-0.5132855311196801,0.03529763739495735,-1.5016646796425552,1.1562478406615104,0.537568936769599,-0.7709281735987701
1.793362329334332,0.8639843134616358,-3.1831555708057726,1.9338419282520494,-0.6817317534669753,-0.1040067112629457,-1.6163597950982382,1.0511650457279975,0.19897094894495196,-0.7839195048373324
