PC1,PC2,PC3,PC4,PC5,PC6,PC7,PC8,PC9,PC10
-1.5428994767768884,0.40897159249123716,-0.3798797673400161,-0.3289556541081944,0.33943566744612186,0.6242979895622611,1.1248001790872828,1.761349216707072,-0.7083443213619592,-0.29335444611369654
-1.5798393869170786,0.25754719882638,0.7573965830591122,-0.4392805723681872,0.17363858321169995,0.8559193954607676,1.1232127467039612,1.7450713339664425,0.7299698210818681,-0.6397290067581897
-1.219825942574379,0.3492347661676695,-0.8644372374642085,-0.259240958896694,0.3853643698711528,0.5334554756030914,1.0224640508730116,1.6520251125064167,-0.816755798424497,-0.36171484349774835
-1.5849930272346706,0.19171892530833395,1.3317031263268768,-0.4843067820985753,0.15558025744478873,0.8148373786712556,1.161190539140681,1.6854009678060953,0.7470031524004493,-0.735153475843991
-1.2550406121046676,0.20847269523682657,0.17979339840510558,-0.4991955183441584,0.2364270995437814,0.6439016616606922,1.0904924492171708,1.6325075413819332,0.4243805598849452,-0.7165805859382679
-0.32831889070424797,0.1650018431124459,-2.042195180501086,-0.3798096735329708,0.4664504745015807,0.5955088551531954,1.0731654548587128,1.5147991859855008,-0.3220320906527058,-0.4386904056150587
-0.5644588567058029,0.12047698501962922,-1.0095079364346096,-0.36836830968141876,0.39696850695011027,0.9542369624354954,1.2144089449314668,1.661312424124151,0.3380635398577659,-0.4136048467677619
-1.2214637659822853,0.02205683290193885,1.4645004268693107,-0.715590591673986,0.08150698146942317,0.9922687982955181,1.1797911456163381,1.72580699567478,1.4887109019711946,-0.9165556207217794
-0.9076183804914743,0.22139492498775043,-0.8700586522981751,-0.31604131947776876,0.42242325516208695,0.7280868600109647,1.1622618450466233,1.6946132876804851,-0.13359461130718125,-0.3458624731020196
-0.6419596830745802,0.1589747356098132,-1.1087942898611087,-0.4238749804775679,0.38522807014528343,0.6951099518316574,1.108573597128399,1.632964836600809,-0.19841579319667324,-0.48129764968106015
-0.2959414224584405,0.13355620161385692,-1.8673382717024383,-0.24841772604630435,0.3851296050196088,1.025054891463577,1.0535562576305566,1.6423051561684994,0.49807149812917073,-0.5177508219678503
-0.9760044891370798,0.30587608137051425,-1.039652527179765,-0.19876456288620917,0.261701650962399,1.0389783469218394,0.9733313662241876,1.7070783646489234,0.3877013154662122,-0.48615042647653167
-1.3316069489974758,0.3466574313705463,-0.632885360284091,-0.18722996007390677,0.23296065801067004,0.8391433713324236,0.9188264575631078,1.894187993321646,-0.1466453959493127,-0.5916371439105153
-1.2573041715388384,0.3388326099969055,-0.49936033420964104,-0.1813714508660078,0.2819876612713001,0.6764035642329413,1.0069915614218068,1.6897185783404545,-0.26075686534465986,-0.4744220560306078
0.8667726356285806,-0.11897619986648267,-3.3669424209865255,-0.3268483218630638,0.5563695712269014,0.9378247176828098,1.1223798725163676,1.4035480131065026,0.6685432509645316,-0.6339173468957154
0.3876916922197197,-0.15563008235259979,-1.5694720424941437,-0.3226118684596496,0.36907963016388007,1.1444520498668636,1.0525476347813332,1.4856394805634356,0.9683491240795031,-0.8176934536085746
-0.7807440471009336,0.025162529152549705,0.4242539708112559,-0.18166567629855618,0.22521223105142799,1.0706292692992774,0.9716173893631759,1.7622429347731303,0.3933028245499746,-0.7005369696964152
-0.6701125043268055,0.012704003047655609,0.28679183680405845,0.17134428101161525,0.36720628283075785,0.8203036594638545,0.9683737648813016,1.5689372650265234,-0.11048102154268971,-0.8498373309243648
-0.7685182282466377,-0.20128802795006603,2.377316050633494,-0.8095132320852862,0.08365776741929512,0.8396746981291416,1.0863397446070966,1.19483427688193,1.452397027193904,-1.091122149642165
-0.4931980037987084,0.19965197985919142,-1.0645558007584237,0.14734355339503485,0.43087787586289894,0.3078311966342899,0.7772442742339106,1.1265206485484067,-0.9419831922598968,-0.48804639303449576
-0.49645229434802696,0.17706603851595376,-1.141108182234835,-0.1671849192375731,0.2722458434286774,0.6294943016747171,0.7720920063709915,1.2934547029548564,-0.11437080618531062,-0.7110313952119206
-1.1027235577998231,0.19908323033539121,0.12003496711599564,-0.40660061580122725,0.1149153585124637,0.7171170044024869,0.7548842289519792,1.6519455620397143,-0.09906404527752069,-0.6083018934727964
-1.340780961334846,0.16978038205978352,1.2589724775477238,-0.5431047820505427,0.09259705370864854,0.619623559211609,0.883477515158156,1.4502418935175967,0.1774342733791529,-0.5419219102949235
-0.5009324732923144,0.26170940062795706,-1.4954400822542049,-0.27081047051006524,0.30335788609663217,0.4071106167729401,0.7676978337515136,1.1662073358706135,-0.4936991434810836,-0.29858992669298295
-1.2654898111796644,0.25930998862948884,0.8618623525195919,-0.44422102165088495,0.02435622633515801,0.7065456514671301,0.7752407180605968,1.2542970044033142,0.5493515010483745,-0.4620407351060132
-1.097693488378374,0.25466633890032025,0.34384614164851846,-0.027467917115252642,0.3536828798896263,0.5635252290037595,1.069379532740836,1.1887670724638157,0.10903105445255273,-0.13056189703393326
0.47953764575172203,-0.01322647060164704,-2.309387689109281,-0.38546294498510075,0.41079301314949046,0.32987628691825577,0.8270572334654368,0.9438719816671425,-0.27875643897386176,-0.6287328967913829
-0.9544818814709364,0.19835975402186015,0.7313971944223305,-0.31401237142312816,-0.027275304605886612,0.7608857252238638,0.5748050945753834,1.1805457609946575,0.49772590329984684,-0.4081322621701551
-0.8716648514325586,0.2703045728454358,1.7786945512187042,-0.2465127454702326,-0.2756121100145078,0.15482936199844075,0.07636436419140533,-0.05990026809906637,1.0870892263334322,-0.3138530371864803
1.124613179798994,-0.1208104478222783,-3.1696684406389286,-0.5771275379337616,0.41220205668783805,0.3436229475141486,0.6848086654034374,0.7586365231122242,-0.10375897097074228,-0.469879619153624
-0.5273731591620476,0.07960749408441278,0.6755187834943716,-0.28287666587547244,-0.030316000633588795,0.7692780916355358,0.4455434955864656,1.0292346185454346,0.5571829762301814,-0.2202210732610649
0.00013679843465169171,0.10662477609931652,-1.4203388445590712,-0.26180159660954133,0.1935263925153877,0.6326142137308197,0.5503418005720089,1.0155258490040184,0.18962695550111444,-0.2848656963328052
0.9393410526780215,-0.1347123468237232,-2.134069256409514,-0.5027527718583051,0.2743833443249812,0.6393169859231934,0.6247018713157934,0.7204994598636568,0.5555218507286767,-0.29219418805128405
-0.6036730023080242,-0.02261800577535358,1.0327069921815144,-0.3468669544189499,-0.03761766563786537,0.8193386532685272,0.5344253643121385,1.3644972960485047,0.7181925749836278,-0.45016343033905903
-0.35460655667195906,0.34010041127095675,-1.0206330013576792,-0.1803844054376476,-0.04909370729665095,0.2579445077135349,0.08333021344664707,0.4646589956448014,-0.10965031984061525,-0.158996854265167
-0.7254584049744341,0.22811226483208516,-0.18829384965190277,-0.08765927091928488,0.240866952747946,0.6682866424542714,0.7670151798275878,1.1512616627362813,-0.10694416128507318,0.013977437485981825
-1.1356485253941366,0.14520990706032103,1.3545312606855235,-0.537535447910026,0.020539609241237104,0.4436849227632873,0.6788531952648135,1.1693358103826574,-0.044238242094290184,-0.491856758590892
-0.25295463559834447,0.2167147717916732,-1.94095201023958,-0.21615281203422584,0.2613641764185529,0.3865896834169256,0.6070769911730919,1.1770768183155331,-0.40259291603990116,-0.405642312234613
0.22995625873045525,-0.0010731773349878463,-1.5671483509002964,-0.3705850828570847,0.2097217673893248,0.5965638492512271,0.622162475991229,1.095486378614195,0.27984515409611826,-0.4276686873623345
-1.1755061239464275,-0.02846781249020566,2.7680180870748305,-0.6431706422253131,-0.09482859333112928,0.6323090133009457,0.7926582388072111,1.1922427000832405,1.0644540906288213,-0.5775013499314599
0.16754293829809477,0.02221898110180823,-1.6198866396775802,-0.40287534447612866,0.3933487867141547,0.33849843563755677,0.8021949581363749,1.0530736492222823,-0.553045946538522,-0.17901870716355253
-0.7623961306046383,0.049145685686887645,0.9072135167765213,-0.45949684283167436,0.07188544630186684,0.7149466560205944,0.7580047677114378,1.285809981523258,0.4373379424963851,-0.4011877314086769
-0.7442764271024588,0.045962272896740874,0.6933346882061385,-0.577755963747591,0.15551263191133924,0.5806141661276399,0.8305088250678402,1.2558116110411806,0.12603221326421046,-0.3975224184001357
-0.9241376769492927,0.1259876447772624,0.4318353252409896,-0.5401319505154742,0.23938423702954983,0.5517294317741677,0.9438174578265497,1.3311299718718597,-0.1408708309371832,-0.309751219994224
0.23518942041785765,-0.08749091469726013,-1.529814679723145,-0.6557528305670601,0.4302066586399702,0.3934063082625303,1.0121484154153064,1.2627898511560718,-0.4714709914608268,-0.4007285177059563
-0.3446833358756608,-0.02598873513918317,0.021254701685100883,-0.2976565589571638,0.2257060239138843,0.757408668058007,0.8358107534545487,1.3842337127991293,0.24803727881671464,-0.28478075795258484
-0.09892481345573403,-0.03500895128704445,-1.1814259998960395,-0.47135772765906414,0.37819399725091407,0.9879244757569349,1.0913328345454734,1.6167084143861337,0.30187563142900603,-0.42246073681717156
-9.935710351955349,-28.362435346911816,-2.643979451548405,4.376396545575925,-23.225244065528837,2.8737933416559907,6.67994057368256,-1.7917605172598356,-1.008424653631398,0.9669683091441307
-5.217733344549035,-10.828839925038137,-1.363878469794426,-0.6837037423257466,4.3577000721624435,-1.8518012305302902,-5.34024451219094,2.997530312496962,1.5017551027316467,-1.1471957665289456
-5.253151798210073,-10.663316451624857,-2.3442398666229893,-0.6993031253871715,4.477986345345636,-2.0243771004738162,-5.293360778012276,2.871622876670012,0.6552387807252098,-0.8951801341471527
-5.710992402840249,-10.56857319719544,-1.605781638939214,-0.7217649197303343,4.367838311266545,-1.9336088364876034,-5.289192207832019,2.913545318290733,0.848354841532703,-0.9006811731837177
-6.110208140132541,-10.866772151065682,1.1686709463332203,-0.9945612328474372,4.250377796954251,-1.949599119033983,-5.1005909284338555,3.088454125873106,1.7343464867599623,-1.2953706622399297
-5.734615596995785,-10.770115515833112,-0.5793481299964134,-0.8982062314095236,4.385595291287526,-2.1745808353215095,-5.242518724239263,2.9893393045901435,0.8326118962876355,-1.1680426189760786
-5.081557732708701,-10.804847605323936,-2.164423060971851,-0.7415939038440668,4.56643109109549,-2.1729630323707663,-5.1687313431258595,2.9842357479964225,0.43845555909671724,-0.9664582991886954
-2.71288166971103,-3.152601570321707,0.7458843357023534,-1.669272710793011,3.6925294492484264,1.2620847814524854,2.722860746602695,-1.42434240230482,0.46295826152051217,0.1537984659990087
-2.54137821448323,-3.1400510322048616,0.2574800820802728,-1.8259081620759834,3.7435909158141074,1.071969948456929,2.6534875324712184,-1.6258538979085637,0.07817181188254844,0.24228484579094134
-1.5521990673570212,-3.2445688718977372,-1.9277466610836957,-1.59146266429612,4.053099486210818,0.8739810537571283,2.742212220287374,-1.6047878388496282,-0.8349651759904422,0.5895955512942502
-2.5858980559522458,-3.1009774677414215,0.35979696021947066,-1.3971409669897776,3.6902939879245933,1.3126487081766245,2.535992354872687,-1.4364396373813118,0.18644985949507348,0.5148959736529964
-2.2373500314943,-2.970819802343041,-1.6108704884194986,-1.4366936538199169,3.8093683646147722,1.2118654173802763,2.464076834847982,-1.5667486212739896,-0.35645164993254635,0.49968073639414723
-2.821060729771606,-2.937341462929391,-0.21493073965591825,-1.5031472021940844,3.8359468704066373,1.1889506211664496,2.7430083480339826,-1.493752112287993,-0.523335316576132,0.5916443217986237
-2.5327842989659586,-3.000850794611105,-0.8412769351930813,-1.3242314783795464,3.8443890094510085,1.0778702101550923,2.5819620055891184,-1.3411849928316115,-0.629932399822803,0.5655063818132436
-1.9841086607194738,-2.8978556390850643,-1.978873204641517,-1.3699388979737295,3.7449942875303703,0.9229378567471562,2.3133643764007763,-2.1480205761176663,-0.19198517859587214,0.5894289438238051
-3.075007841526792,-2.780386169275509,0.33040556132281207,-1.3763493852102702,3.6049805691652383,1.1126299632522099,2.464635609370628,-1.9495062492541602,0.0954045698725108,0.6539915804122663
-2.223354058473514,-2.7577318194478524,-1.3081553924618892,-1.0698121965686747,3.5014074829565716,0.5102570684862292,1.7340054887559588,-2.5855426712374108,-0.40418681143972085,0.8192150207523787
-2.896321540631328,-2.693384206042839,0.39478674363745364,-1.3757508432340677,3.312155693024872,0.7915589788605383,1.8584441103264366,-2.6478078730421823,0.3226044428393367,0.6362592720597251
-2.760881069121933,-2.6791393664593035,-0.20789571164233242,-1.1413253851361589,3.4409172260638345,0.604455648242226,1.81031924428656,-2.590092845462506,-0.2486890888826487,0.9186010961029528
-2.867533868120139,-2.4408092876720877,-0.6445750043513664,-0.8840437955095394,3.281502257725591,0.34268315037246416,1.406424575074802,-3.1032520854947045,-0.32161564356357514,1.0458809472639885
-3.1323327488999726,-3.074277892727234,2.2682986334614084,-1.872344828939567,3.508683485731446,0.9431780636202058,2.5863492182880656,-2.03554944815182,0.7968002408194118,0.1949360432064037
-3.1180112813573038,-2.799467256630352,0.1191753259790307,-1.4512637446734273,3.747391235501055,0.6019480807322892,2.4233991352645385,-1.9183532541098873,-1.0927543157349324,0.6736416308199172
-2.84650707596368,-2.8324979224208366,-0.6551798145444223,-1.3703839596165874,3.706346184788029,1.012930637278481,2.4145116745361177,-1.7127790296780412,-0.20634291423643833,0.47397262397189766
-3.229707672380847,-2.9625634513185655,1.7409820604099056,-1.7700639304756922,3.5467585079457105,0.8653567767633508,2.526831466215452,-2.0274798375003944,0.36994015305840017,0.3010628340253188
-2.785234156532965,-2.956883076245096,0.36630416020284823,-1.588096409874774,3.6948145252175046,0.8650153107572799,2.472437214323771,-2.056587778837146,0.09700493010727458,0.4583057994344394
-1.9622081033019578,-2.89354586266083,-2.3162494020615148,-1.4064785761553782,3.7958224576110466,0.7637880895627057,2.249757679646776,-2.087596235796637,-0.607060692497329,0.5952612975358833
-2.777311179217884,-3.032867601859257,0.8552313948913308,-1.3538807819306464,3.6140874796608533,1.1729270614412537,2.4805561978540727,-1.7500063879341348,0.7687595854500774,0.5858670485524972
-3.1459790869675492,-6.51001355951436,-2.4489126849963396,-0.7648128078076194,0.9908847772749386,1.1950300697322325,3.3138218393989756,-2.5167745824464864,-0.6680778752999104,0.9012294428255763
-3.4257591483320478,-3.9474314201370495,1.5635649731894607,-1.5904826739209523,4.2948510567468015,0.6494619950597409,1.50053487828625,-2.090747643981227,1.2114151529663157,0.4414384550585781
-2.1718397243987138,-3.6620801856171177,-2.312247146713358,-1.5795902451562644,4.688513936769742,0.36885496534999823,1.4843697899442019,-2.068755732779314,-0.4423518907547818,0.5101216594967398
-0.41283116660210656,-0.6474251544081243,-1.7701011823025992,-0.32724183535158624,0.7154589986807995,0.4710284023284714,-0.042935458005491,0.9732808820192195,0.8140901076478118,-0.23150101627522404
0.012100089010960267,-0.5553344266188093,-2.063667774779346,-0.3810645081441376,0.8752229135209951,0.5604865817088053,0.01110662117888573,1.1010888152197025,0.8889029128730539,-0.2919191671535304
-1.4596104176877998,-0.9191431932259295,2.758890830444053,-0.8640083606490346,0.23067736095098984,0.6101797892882445,0.44876703445743654,1.2681370991189926,1.7624485967162111,-0.7355246956981343
-1.4548882001277095,-2.3721745474973748,1.3274731846421068,-0.4959158783092298,-0.6634952660589893,0.4840833622125299,0.8072037489568853,0.9024359889780447,0.9462233264358986,-0.3336288506480529
-0.2429271263986392,-0.10664995642685295,-1.6089727916272554,-0.5744915469647378,0.7981935466941834,0.31786970050525065,0.6130692205973792,0.5920042330914903,-0.5169355861081829,-0.1918907891072352
-0.4075378746422155,-0.18663999121391553,-1.294194926456385,-0.47438482147903693,0.6268426181599678,0.7322270150059037,0.6540306031700737,0.5696590855930074,0.43624086513541227,-0.08735710400513602
-1.2641746803405005,0.3331976666049263,0.9341318961423672,-0.7783972258882154,0.9389941589861783,0.5683610405432936,0.43555645687405603,0.8327057221248438,0.14705598156801414,-0.28631975568122575
-1.315939188908079,-0.6300693185539679,2.08365825335768,-0.237396116027652,0.2248032504359315,0.4885729602083432,0.9509941795166343,0.8571125941484502,1.1072839461457014,-0.05543289939960669
-1.8134123896216983,-2.352023970874192,2.56907875247413,-0.9350576474255193,-0.9736297415234496,0.40716241926096475,1.2154339915776307,0.5576944553684452,1.193436586567467,-0.8865739850951126
-1.3541077888989068,-1.343468522402006,0.5807397677852651,-0.7401782642799001,0.7584468221254388,0.11905447381914708,0.6622909159532889,0.6400617533398469,0.12437334599175272,-0.15287076316076978
-0.7795621923913466,0.2511323298877873,0.3949251089095293,-1.03314597311224,1.632989753991866,0.36766365801816636,0.5189148562872348,0.5065809538534778,0.5436837693800751,-0.27709214981570424
-1.209130658988571,-0.7517452698781137,1.5157578125347368,-0.7275701634369698,0.36754025307052607,0.3295972810772336,0.8716237149211432,0.3723097026737843,0.5137125465354294,-0.1896443913309289
-1.2109746825847008,-0.7496975081127936,1.8180486923664778,-0.879159276771332,0.4923683565727247,0.27044937720940737,0.7683673971790116,0.326609423660112,0.6985371461694951,-0.36732051119260123
-1.310902320432945,-0.813218123067347,-0.20852881163346712,-0.3115991786048431,0.4923425513961256,-0.006127179134862726,0.39531723412250497,0.3347245362416296,-0.44093170521525177,0.1429146161885582
-2.0575523628630803,-2.5223255231754296,-0.36131114224608346,-0.06322235593602929,-1.1025115668822403,0.2995634908838552,0.6856941979099961,-0.2044828885154071,-0.06762547795630049,0.2570034663253321
-1.0839450506748143,-2.1049498254949084,-2.2760461221048005,-0.1875958504013865,0.14100701207624927,0.410747188641355,0.6401392270229178,0.033506874966534525,0.04865113562084829,0.1297239579019202
-2.1109922875825506,-2.123621034085622,0.8641723353892246,-0.7513203175449531,0.47767622443179875,0.51437606157477,0.6462465862437086,0.45302255948092585,0.8417061004267687,-0.22371411946459047
-2.0657904984740965,-2.3957124560037193,-0.4389948123761161,-0.07838087582576,0.9830137536066816,0.04247612290897238,0.06457565215244629,0.792854086253602,0.08888569588404809,0.14909903724740256
-2.169735358774123,-2.6787120548567396,1.0488517516823623,-0.8052711338107904,0.8876138950410061,0.13813236019549527,0.14391290392968953,0.5602513791064326,1.099160816235047,-0.4377701215745697
-1.8369699594592537,-2.427049281268558,-1.2661636006836745,-0.34898894301788413,1.4486170234763849,-0.04846907281940323,-0.05052844291085852,0.83815000701886,-0.3772649344786849,0.1048450775536883
-2.289309278462817,-3.2661452327169798,1.8182720616482069,-0.9313724241446163,0.6950382694420815,0.1991172486562592,0.15267335049380537,0.6140077087108496,1.7768224914121014,-0.7569474659760332
-1.7314847111106173,-1.93851387499909,0.5432727878850421,-0.9900711186281995,1.7560152877023487,-0.013342158134113475,0.36026430558931477,0.4231708630550398,0.1714436609986635,-0.28902460877337555
-1.817958544772254,-2.3835906894437566,2.8181140558228783,-1.1669394559655089,1.1194296151993859,0.3103658829066401,0.9674679054704309,0.12452028621142996,1.3275779702447776,-0.5087086369418176
-1.2738047872040414,-1.8630936631434476,0.5853377830757395,-1.1858445588594826,1.5598330224391013,0.3843601676465735,0.861187421451731,-0.020502871378222726,0.4923942009454982,-0.43227853581423314
-0.8400315838895884,-0.9654089927252447,-1.291392607669091,-0.6548775466458635,2.089825815520044,0.2553111426096496,0.6370476346873997,0.11225850064647655,-0.5779953452161493,0.20034313805082377
-1.3359488061107732,-0.9560930638897616,0.5443846490641584,-0.9377178545491422,1.6467944414331366,0.5752011246269797,1.324710131656941,-0.043916643609108255,0.43298610421365824,-0.028665943256106115
-1.113035330163924,-0.5394355444068625,0.6394595041056472,-0.8486998407277518,1.8325217067206832,0.40870214976803826,1.199269305849853,0.033751647743491965,0.3938253129133722,0.014445753489910082
-0.7775281390052521,1.0507319395346308,1.2341625566054062,-1.230882488037938,1.8998360877934029,0.4825544627865402,1.4273814832763296,0.14952585729136436,0.590758634781082,-0.21844878458981495
-0.9544290318544114,-0.10346490084613098,-0.5413318791763988,-0.473180758695843,0.41390917641928127,0.5542381529574897,1.660891799866944,0.0044397569351508894,-0.26838774953611516,0.16554095443621744
-0.9978211633379287,0.4469463962287032,-0.5161844008679021,-0.6073610198560536,1.0320486728608531,0.6308861845613767,1.701581164064701,-0.13608006087829203,-0.4115266042418632,0.30168949176904697
-1.2373226198005687,0.06861260426284206,1.4495923429398199,-0.8287246009094814,0.851221244410204,0.8021583619069749,2.089717345858613,-0.010382338480103398,0.6359052830223869,-0.0431024024766891
-1.2692863760118762,0.40014714196092366,-0.11837057708294617,-0.6919208802381998,1.190300172656332,0.3709584921965789,1.6245672085344667,0.14949199612990727,-0.9160033259344351,0.13196661403767732
-1.0680459345393494,-0.9386217658754958,-1.6284405505729105,0.017258294353597402,0.07525791702111108,0.7447439061520412,1.7175347407247068,0.08405190278058215,-0.21789167999708156,0.10351920692543738
-1.1284984964132478,0.42600455773322576,0.08227042784365467,-0.6242200799362853,1.3330184851769273,0.6215497144062925,0.9516454898735824,0.5927491810365818,0.7228098723657517,-0.33493105765063474
-1.0813824931615195,0.7936555482715039,-0.7202724330976017,-0.6018008415717755,1.789710053952976,0.37582468319792384,0.8825752558847877,0.8147158191416484,-0.3851210876981082,-0.10797316344055803
-1.5301569659439234,0.23491051304319827,0.24570242446968582,-0.3456355579432775,0.6693509886230802,0.6055161211216409,1.4593791226408723,0.6260130627220407,-0.07506846117982037,-0.06472805168430355
-1.0873193939263424,-0.993304482205078,6.513419643389307,-1.6935425476606893,0.5092119676524957,0.9232315811417864,2.0854243881439922,0.10313040962014719,3.7554459804327265,-1.2725280806114396
1.2890374957062365,-0.47291664286786833,-3.983748716546682,-0.6518646383395403,1.3282390891385543,0.6844327681111672,1.1965923284786808,0.23809379808613532,-1.3919704286206303,0.025981476755931023
0.31985455385413397,-0.27534007983555636,-0.8117182217230914,-0.6090253392505169,0.4406751560578532,0.8727607569914925,0.9416046104283001,0.6072525113758304,0.9514207511945845,-0.5251699437249453
0.5324258191233591,-0.007558682385276108,-0.6960099177610783,-0.5392026727443514,0.49471526117880366,1.037438651399993,1.187996464490668,0.4274463321826368,0.4812090971520617,-0.2561907780402168
0.12094631542481193,-0.201862188564825,-0.5366619391770424,-0.6984838825708887,0.5654971670796316,0.8449074438069615,1.172281738813472,0.3742662953555649,0.6317212238231137,-0.33442177184037686
-1.2099801279307736,-0.9865946654219584,-0.876054802923751,0.06265846335465611,-0.3399566809740702,0.4018269158304367,0.7812978341079416,0.45226134120611083,-0.12001936399466058,0.03480881268985823
-1.0442534366529113,-0.21630876125322998,-1.4131339538746908,-0.19699414934885465,0.46817765737274625,0.09661605684218019,0.12163094015322837,0.22559778803521283,-0.026102134962820114,-0.09673712402121157
-0.4486648272378517,-0.025962839500612046,-2.7572688593370662,-0.09773688913176981,0.4659440559648998,0.08044571110618853,0.017882359913337795,-0.6163841595726942,0.505412880042146,0.4224165841431195
-1.0979617674211672,0.1630311515070455,-0.2991166423051194,-0.04670033254162698,-0.11828410329963124,-0.13735054368776628,-0.5748796794459046,-0.19895210615886258,0.044873984110800305,0.15285776890734543
-1.0217715346825613,0.3289265588546801,-0.26318625203927676,0.15340156084598672,-0.20176850040047473,-0.3969592177530554,-0.5180509625741921,-0.21876957939979758,0.002458729599259843,0.3008938948368904
-0.712642104269023,0.1885779692990355,-0.8696323841161141,-0.04265903485242503,-0.11440898112965084,-0.09049566918837827,-0.1874817517049108,0.5494290457985622,0.05348541495137431,-0.2670124566611389
-0.802481315886719,0.20776645163883337,-0.7145206998594467,-0.15363889094010502,-0.11198461697747458,0.07071565751567448,-0.007724363255230938,0.9056972503610214,0.08037842734985111,-0.19429039505172233
-0.7170741230089215,0.6229597768165449,-0.9157233807880499,0.009419475199332767,-0.2669831975611419,0.07408366717525101,0.01816863983691687,0.6410904882841111,0.05609629161999312,-0.12116378750814265
-0.537123117661362,0.5826483138574415,-0.8444892292204056,-0.007614139163388893,-0.2243422209114161,-0.017393739786782967,0.1075011806647672,0.5832131060976871,-0.025191854453506014,-0.009325218238676134
-0.5507796342695801,0.5659181028600668,-1.0157025643709532,-0.07840509260624125,-0.26572934041899227,0.30182221018117505,0.25361000173565745,1.250718150029519,0.17110481122508323,-0.4566437911711114
-0.8569305717411165,0.6347163093174377,-0.6452183303954347,-0.09130938759414946,-0.25651403599805017,0.24524733925399259,0.2771953664511111,1.1659722213248953,-0.031853229650313494,-0.30477703147802615
-0.49677072432756375,0.6701079839645508,-1.3976846521202433,0.1427650663568245,-0.2810044902992311,0.1778672968857553,0.10828831758042913,1.0934641597530486,0.1196152604152422,-0.21765925125270869
-0.8412982576066567,0.6734822217706486,-0.7280906501431048,0.14221360988476883,-0.2502379780294485,0.3009548183288694,0.28759312821238237,1.283357613744683,0.009432206260932986,-0.43315753448722083
-0.8690604081101803,0.7706414519334097,-0.6341799510226802,0.10628525427045316,-0.3196907996127155,-0.03641951387566063,0.021733994981603357,0.5059984202715558,-0.11327309817038228,-0.11213702128628197
-0.2572225132652314,0.4664016107813348,-1.4393947079081226,-0.11021020709303016,-0.10528375198406645,0.2447083371286067,0.36586564645993824,0.9490528799095409,0.1559743105135794,-0.39899573612165934
-0.5537267846863303,0.43411009767891146,-0.7805462470268992,-0.14627653084471554,-0.14968075725444885,0.3988327095769011,0.2759261061655154,0.9501298693174598,0.29961079018260484,-0.2918057838596756
-0.4820458509783742,0.24562226982236574,-1.091096295688911,0.14087755242968225,0.14349137939654422,0.36095931236114814,0.46138291275995535,0.9311691864777831,0.2133851287127983,-0.2911757232903281
-0.6330884613935019,0.28994728622139926,-0.8196716066452474,-0.1831383709909157,0.0819994064763599,0.4611954482801643,0.5772418744354767,1.0836931001917138,0.13363941696341633,-0.4230560412545026
-0.7305237127538103,0.28338916082742494,-0.5779912166244873,-0.1621540297113889,0.10123694378317298,0.4052473097466355,0.5858706711781565,1.0679431502877506,0.0034274043311019915,-0.3204117830914602
-0.3977775596484228,0.34890799710569387,-1.41491001863338,-0.04621071494488059,0.01862729962207071,0.25126808553141144,0.3036363769804011,0.7093600122388182,0.20505949245085875,-0.30250438090269377
-3.3434812464275794,-6.8598434341636025,-1.0297162544342584,1.1874547437852738,-5.884003568989191,0.9022679790981305,1.971961933099956,0.06019909651540684,-0.30450662836427766,0.12973219199918337
-2.6149605537656626,-2.434618971435703,0.18216636510449435,0.13273317527950498,0.19422638103913312,-0.8765931818489092,-1.8021683474084609,0.19374684491144217,0.28260075240853955,-0.05678768081874919
-1.8092044630675936,-2.61780210156829,-1.5993820471491533,0.20839912982796852,0.5734441867509922,-1.0403555136780953,-2.0407297110692624,-0.07879547386326961,0.3474459405056729,-0.0747205832125632
-2.4346599905706166,-2.4626749653305526,-0.27275163802098235,0.2826542424847806,0.9379364745011239,-0.9293946552349954,-2.0816961707090655,-0.01785413425524599,0.4496744520532325,0.009899911991509613
-2.59829344583561,-2.9241881014454805,-0.815410180559415,0.3621640977457412,0.4182288756621978,-1.0408787645945687,-2.1565798194939902,-0.35544866950960113,0.24962146919992664,0.01189220473913701
-2.2879824584542465,-2.2514817988401874,-2.3681719661475107,0.35932135375186697,1.0922690644297324,-0.8686835711592606,-2.5977906177004866,0.09601238378224727,0.9717330372354429,-0.48674394548737426
-3.324430079919168,-2.4718438466670962,-0.22454183575916303,0.12442340251878506,0.6325108711317287,-1.052041964615599,-2.194346567306851,-0.27229870358091773,0.3717357661234114,-0.026894074645829057
-1.9908832417762623,0.08560782972682504,-0.8585834389433868,0.19843178268157347,1.3279760483208918,-0.26880121411010804,-0.35849688603464713,-1.2227798952132451,-0.013517299738886279,0.4204275003664737
-3.425290039027398,-3.554941454718154,-0.9718361477244655,0.6859014881886228,-2.4057583928839463,-0.03873076594768392,0.48956075065203164,-2.2600662169010834,0.013375751379212531,0.6384750211170402
-2.9375005106272014,-1.0872786963762566,-0.13542844676839094,-0.05149982219576653,1.3178804925640457,-0.5476465039848634,-0.8881908843441424,-1.3415045751725032,0.20312409030573003,0.2557926662379122
-3.1806817661029654,-2.0507086165072876,-0.3882677686077761,0.18351957353744522,0.12644981875534453,-0.5719472965998418,-0.7450156344171087,-1.6394384876337065,0.22829276680107974,0.44161362058528675
-2.821089621025645,-0.8479898464840631,-0.559957842423289,-0.03853563808873957,1.4631484085306956,-0.7216672880549471,-1.068715558841563,-1.4432666142866089,0.008956848689141528,0.4006162671285912
-3.097350477954202,-1.189085284070164,-0.33561531389841165,0.10963915450406794,0.9418453114740796,-0.7376450298513645,-0.9789970189765974,-1.6260164147662477,0.06967623379605176,0.38019239872400223
-3.0383867093023964,-1.2308430952773506,-0.722719587557095,0.10849262767543905,1.0925059985218535,-0.5751846048562728,-0.6801372604029299,-1.268157959798931,-0.06312189976906579,0.35896991221230157
-2.5786774329729023,0.6252627002246095,-0.019125987429455676,-0.422633015924308,2.724609724526743,-0.7724661666160209,-1.2637233979578246,-0.916984628772715,0.2567062331174079,0.1667140296459197
-2.433148502201722,0.11664635240362448,-0.7036838520893305,-0.07437096446467048,0.6517058282454943,-0.008510460693211194,0.7284859272588541,-1.7061381498369566,-0.33616367952191006,0.5373513557019861
-2.038607866425695,1.5958055900783974,-0.3673481108209135,-0.09131452480028547,1.9709921173420097,-0.12263414935745953,0.15365540596312896,-1.6074841853237556,-0.0878508785483647,0.6068193188121422
-2.074396158057754,0.9822707559940603,-0.736272112469921,-0.06244461823371852,0.5256158268705352,0.12770445446402937,0.9421878040652861,-2.1711046816799318,-0.20177845850743564,0.6156067515817455
-2.033081690887999,0.9707425238631011,-0.6492516267521954,-0.00727825797054202,0.5698376068114482,-0.03860946459973075,0.6402203063715654,-2.318328365567126,-0.06747432413177128,0.7340138062957594
-1.9670696503686125,1.7686090564776302,-0.208968385526807,-0.09738557995286672,1.2806646984794827,0.07482226752920715,0.661028956303784,-1.9321520430921668,-0.03574298323800705,0.6720421538687728
-2.260253011672797,0.742097866056061,-0.49549462544753314,0.05481545220779392,0.04239009385037454,0.23058474814802712,1.1593573758969238,-2.1109365041685284,-0.2726425346862379,0.6511999771141932
-2.3037336020723282,0.7972999580918524,-0.33682144648747175,-0.021934718289418138,0.9004008231597018,-0.05093063986006725,0.45581339255170605,-1.573033142375252,-0.01386997638746813,0.5788912208903174
-1.73877211169525,2.5369113808872643,-0.008180056757143504,-0.3678516966931536,2.1468397789425753,-0.12099603216458209,0.2731353758920671,-1.3945995119617198,0.05687813596338713,0.4226471591852487
-2.231782223642239,1.0568108977257047,-0.15873025122419562,-0.02125886900153687,0.43776119515168543,0.0659399881872857,0.7843663849486505,-1.413549700433686,-0.11011525589237997,0.49666825787784474
-2.038471937133415,1.9708346224112985,-0.1006763041828722,-0.10715013910124103,1.0848735766230302,-0.030615079086581606,0.6059040229724377,-1.4351883422964438,-0.19702922364161715,0.4816875251434257
-1.8475271183775552,2.5195549401732538,0.16102830018074787,-0.1664692698470629,1.0159876009270357,-0.01549178240606476,0.5893145862555373,-1.6741071659219298,0.04724192090449643,0.4416261278637874
-2.317879781918884,0.8157263551779244,-0.30258142581262365,0.341581806082738,-0.6547089271286661,0.10066429769051709,0.960270956404923,-1.8583304324919714,-0.09299623330829493,0.7191325583580114
-2.463946998465832,0.4546379670099864,-0.2772603766003484,0.4188472280424851,-0.7111769374497373,0.08331799147620356,0.923869640119162,-1.9982633449672895,-3.980158365147686e-05,0.6907321250908804
-1.7857254224955457,2.7549077722811783,-0.4311532828722987,-0.08557477080554805,1.6994943426971292,-0.23358690958796047,0.03111062558010842,-1.5515511323873639,-0.03355281261253963,0.4955078181839755
-2.196042845953359,1.6864966131790644,-0.3092082985948054,0.0532796991423511,0.5689432650776834,-0.06086774528339807,0.30674664267702456,-1.2800379464930476,0.09402496559972531,0.3879184778979781
-1.0244708430204659,4.705556804412848,-0.08823171078359808,-0.08765872356969177,1.2531979212926452,-0.2512745205557898,-0.4360260962984475,-0.23879951945624772,0.2670318014141451,0.052455095675764014
-1.4444728910198028,2.8857201194500917,-0.33139205212516565,0.43514198903693035,-1.168413989935066,0.1564049225087568,0.5162998953179387,-0.21940175544577814,0.11585917451100045,0.1602627352848545
-1.524693503573473,2.7283688347176347,-0.6739106999064532,0.5482083381618937,-1.182742304464935,-0.03949973458925439,0.14436735271581533,-0.21641541280886192,-0.014827417542867104,0.2142794349971477
-1.279151195521333,3.316625843630468,-0.6035018878976061,0.419044082928682,-0.8667155887671419,0.16087156821796908,0.3559435548261301,-0.10773398847657728,0.14664049971191753,0.16711992380410698
-0.9206701182553234,4.5501839134441076,-0.2934809418928889,0.22373996021079828,-0.27108553741464175,0.6075812688810198,0.6531531114111044,0.17375447184643672,-0.017007774292343913,0.12004821541004193
-0.4368207712395774,6.237364366978447,0.008761428932272304,-0.08062069115015806,0.9148469362510756,0.09591017547531411,0.13028773866274218,0.4079877771942445,0.1227723827552614,-0.08556637159516266
-0.45448131496779437,5.6594171925337085,0.18393600080952963,0.29625391005262125,-0.8619645032324728,0.33107666533820995,0.8198517515768593,-0.03438338284484459,0.21886965166140235,0.04702412105302514
-0.9063677694830871,4.153910413723892,0.46708406180450895,0.47860174421303353,-1.9101142216640952,0.2572148529377151,0.7478299758755333,0.02305569040523718,0.4193798446880566,0.01170944149732809
-0.5844363794499817,4.609014481167604,0.17691189062272364,0.660030119508032,-2.36191914843219,0.1634199211561341,0.5058921419177843,0.3506594208297665,0.2652245522039681,-0.06065889975171384
-0.5908176347721472,4.471206987949217,0.27447766583509003,0.6271265109687052,-2.5173254810895815,0.1685287025226648,0.4885413996881588,0.24970444952912127,0.3462981867001097,-0.1240339926114787
-0.14644652870381142,5.572785517504008,-0.18898016444145554,0.6434599025852843,-1.6653654965580047,0.04909606087798064,0.07649839664274627,0.6724199119495385,0.1105714978741373,-0.09207185712384541
-0.5895253356119287,4.314072184395698,0.052062188467536616,1.0654556670003004,-2.9836450109914985,0.002606028738019487,0.05732059507298913,0.19144056277206933,0.37598817571790233,0.07992815736762718
-0.9418692131611047,3.56516136588237,-0.27541550740871784,0.9243741902720949,-2.8011516307033926,-0.1539555774696489,-0.8734447271422673,0.7178025609202654,0.33497422556273587,-0.2784035864094592
-1.0797936832456503,3.3282603769134522,-0.5040210418549647,0.871923018371222,-2.5194680161807415,-0.38423932107852227,-1.0804667909634054,1.2455486602956707,0.3389712570109657,-0.3473213789549264
-2.0653749737396656,0.035303715385155775,-1.2073538364845966,1.7003099043319319,-4.600000631298047,-0.06724351430047919,-0.2668001997043792,0.9325766122448963,0.1630383552985397,0.10923056509578408
-1.8125131625578927,1.5067554944860948,0.2940423738503026,0.8673204237825572,-2.1542003125471596,-0.6034669649304424,-1.5530618266903524,1.089359269833263,1.0734021292095683,-0.45736283597433147
-1.925774348398168,0.917731137721794,-0.8016432282644617,0.9751633225435725,-2.1620689828090103,-0.6781098431393179,-1.4954457613289418,0.9862588633235105,0.3672572438294214,-0.2495491071643148
-1.1355579353240597,3.670367471176938,-0.5286838739030607,0.3805270397218705,0.6404650937781837,-1.034073693446477,-2.609593844513642,1.7148590403672082,0.5218147392862793,-0.5712991082105615
-1.7621203437822242,1.578574094526446,-0.541431307053051,0.9502805685955414,-2.3575597403583304,-0.4742619159131591,-1.286534356616906,1.1666121528824351,0.43961392978411146,-0.3146772496517775
-1.6874972669432546,1.758227993933595,-0.7457347037888774,0.8849892504736661,-1.7516297371846885,-0.5087339094927241,-1.366432748234795,1.247007282451379,0.38524725362618756,-0.3088136782835691
-1.5681485742975974,2.6152060514637716,-0.5612271405804842,0.8257505266869273,-1.1632857153728169,-0.6069052994281912,-1.5944397993282642,1.4271926095216532,0.38246829534017535,-0.4036923036069057
-2.102956256313705,0.9364199550719184,-0.8019678389017642,1.1903920421197258,-3.697650560508543,-0.13213206721391177,-0.21085768678088213,0.34110816144233663,0.05776401107267852,-0.037508354162391996
-1.7438924289126578,2.084589069514488,-0.9615305404113756,0.8754974696715518,-1.333945474708403,-0.33636648780710776,-0.8090904925178194,0.5313145053758411,0.2612742892023859,-0.0004827888813363829
-1.5048223884149805,1.5363918218150863,-1.2463251897101955,0.8050318849180608,-1.7967578343866972,-0.1876518064165639,-0.453939135521893,0.38566809481378694,0.29036185253535657,-0.11302718259369865
-2.074934943475733,1.101035938280634,-0.251088776681905,0.7299938130283503,-1.1012667652124295,-0.458513913986141,-1.325970409424379,0.9118321945513579,0.6614220184502014,-0.3058774651971088
-2.29920004451166,0.13958091756374424,-1.0266373941209472,0.9581419103394053,-1.9302838404543423,-0.5166560639458475,-1.1059962080500065,0.25435392936304513,0.24817965982598697,-0.12780711610461648
-2.1503829596334914,0.824932137083538,-0.5413949248688837,0.7745170677970878,-0.9362033575384459,-0.5550496716054364,-1.381912071755891,0.8035445446799999,0.5071035558973949,-0.24205902202456148
-2.0405855744173618,1.0286903673449175,-0.7831029371693048,0.9498470755828912,-0.9087655067065468,-0.7497620816064706,-1.8779927039733417,0.8043166669203434,0.43048681419535995,-0.1989469222573149
-1.8372985553285424,1.8265899347911718,-0.7494854802059618,0.6579424580684532,-0.5384104858841627,-0.5281952834616167,-1.2131585267050153,0.26535038383660037,0.309805358905547,-0.1694993256689129
-2.069217512530578,1.5094745200679698,-0.6467098521133572,0.6696041994438485,-0.9942751325364524,-0.4448012504390944,-0.9948395740209045,0.14746010850476238,0.26763023997330143,-0.12347304409073782
-2.1780409084201495,1.3615895879708493,-0.41817597389910394,0.5372585729968771,-0.7041535815251524,-0.36692705898118755,-0.6805247368093026,-0.21740796926929778,0.261609747904574,-0.060164190820316966
-1.9558541295314342,1.7295932938459406,-0.6073335738320698,0.6330611058197666,-0.23342095289307924,-0.3260773132261649,-0.6074326348211522,0.007581310594507771,0.244594891055879,0.0359552619877373
-1.7969645247917767,2.4157195573043904,-0.36434085108232156,0.41064012638980324,-0.27221632305188653,-0.2683604590741906,-0.36026468187115834,-0.37068441038326577,0.1550669115375955,-0.007631225066709337
-1.9351925218930617,2.0398574992166942,-0.6757728942913087,0.39065835788618275,-0.8222602901567806,-0.1181778138426708,-0.09727664190917389,-0.5031365493661787,-0.003849210253779865,0.08192399054606767
-1.9896464464444978,1.8802242065761785,-0.5553681537011393,0.5309856119729992,-0.6033784252133807,-0.1613956057426507,-0.08120031606028723,-0.5437925609020478,0.09680973658676374,0.28999201264857793
-2.224537394708369,1.3720861258025574,-0.5726009146603388,0.47153863869701834,-0.261213313657071,-0.15839433955640506,0.002400256947260618,-0.7432171849139095,0.06892770094951532,0.2446053896353657
-2.273944648831528,1.2730617179064494,-0.5061858209344422,0.4132324713516231,-0.16775863617910391,-0.19833594671726587,-0.08462374827555631,-1.1435168573641652,0.2353700354491567,0.22864250982697953
-2.231424194841827,1.2166952171514878,-0.5825589302464066,0.38061276202948136,-0.10850197607957769,-0.13724093354437852,0.011353066859652275,-1.0382782715755494,0.30262323028069293,0.17308127213325525
-2.280521836868807,0.9452168881693452,-1.065136510308931,0.4108393191639443,-0.14412216815198448,-0.12222218618933904,-0.0003377565339664934,-0.836369645271152,0.03287897916166545,0.19919217361014502
-2.393017608196888,0.8197992489706754,-0.790435162941641,0.547598236076152,-0.11276107487053057,-0.22859189704026114,-0.29171163840638165,-0.8663974777352226,0.2946312906376886,0.1808792538497246
-2.536748609935534,0.5764429313785748,-0.7086092172203232,0.6815866042069321,-0.15191532720791828,-0.3427620047419813,-0.3759101024401305,-1.2954429813954182,0.23678826844420264,0.3152926261468307
-2.520173272923884,0.7243472635883255,-0.7457812049773833,0.37845824009472684,0.12319697421557176,-0.22228106237493403,-0.3216803365580318,-0.8791790167718613,0.24829727702842844,0.15503023048486977
-2.593723243745533,0.636118466418027,-0.8441700569449445,0.3915395363240243,-0.007214824379527562,-0.24081411965606095,-0.24282480406787627,-0.8151292021111256,0.13581947738239464,0.12706055538239877
-2.5565592156937536,0.7101563846871457,-0.7122684003042321,0.5112160221876901,0.1491964940099232,-0.25938185324430585,-0.2736321284379915,-0.8256615564426744,0.19535148423921836,0.1394378068852503
-2.2928304067977088,0.9425051932735513,-1.0098494019282043,0.4795614882844992,-0.23821618665966943,-0.21291154386984598,-0.33669701347946385,-0.3615564853849363,0.14780476430283843,0.08802307418056274
-2.3680149663431695,0.6794273558664014,-0.9826361233355468,0.8665750512697672,-0.514829575214912,-0.06892586891284018,-0.35930434929799393,-0.3272467832750187,0.25245931594647975,0.14472347813133474
-2.416858438605372,0.9798626418634208,-0.8059088775726675,0.471046171561362,-0.28983623759415067,-0.1600458890256449,-0.3443652619971761,-0.09757012704998046,0.22668287098955228,-0.12072858517161142
-2.576634453602039,0.332159346109106,-0.9802738275519485,0.32467715185883156,0.01887098085464994,0.12377731057377493,0.32285317385219575,0.11201893120361014,0.014195437681547919,-0.12248753844090236
-2.4901051709011,0.8285452464059254,-0.8316370371630168,0.23433276979397089,0.4043406111969754,0.07207042176777156,0.09178458024634488,0.2701937258813264,0.10084692588376078,-0.1850031140388736
-2.5544947761443644,0.6277413512595802,-0.8498530561092578,0.3296034358542903,0.14211276397902559,0.15491692960980255,0.31097111949676537,0.3255612052211214,0.016624077937796064,-0.13345333230640036
-2.4582341679590205,0.5139111025301898,-1.041234142306819,0.20822039635317952,0.3761678218023111,0.2326236772193881,0.4696795380332587,0.4640559543849111,0.03508992113556329,-0.2083908972429248
-2.5092620343814245,0.7166098613488401,-0.5909128902866354,0.20274140147239011,0.008074018528790581,0.2615040893437308,0.35124013628139705,0.6889823152387916,0.1121722647603489,-0.33245947385960617
-2.357416120643201,1.164966921281809,-0.6139389028711553,0.23159093479618217,0.14078476363894926,0.06052075581089192,0.14925387965596607,0.3160939403393919,0.09002252956925651,-0.11415455809525783
-2.3057160150942075,1.3914271737165471,-0.5306049058855304,0.27127368493649373,0.09566211006297973,0.07502658934674213,0.19871301723136128,0.36204272130253046,0.08841236028982431,-0.11883075530989459
-2.234202304230286,1.4531691169815506,-0.7056059793708815,0.32265529203491117,-0.17386011012976643,0.07392900576126697,0.19536968513979694,0.10923219136934295,0.11860437395019154,-0.08719872119160782
-1.8950201370276787,1.2879269721745572,-1.1120559134180634,0.4542099782864134,-0.2583041330106271,0.15189514147949007,0.32573969820273074,0.47647796541572845,0.09198600438318631,-0.1339229502412086
-2.1717651193577465,1.2167684472927378,-0.7315078678255283,0.33935285539790205,-0.4478169529228346,0.2604044078670626,0.3573021904973295,0.5330697563041901,0.19148731624679213,-0.21548653631644907
-2.1943750350634565,1.161809991928941,-0.7450262132598248,0.1902864908502597,-0.10646741132904249,0.41819489848718794,0.6747665290622403,1.0958385651397429,0.004365666514649215,-0.28723776538104273
-2.0003639131774507,0.5679564039217643,-1.2581472701814294,0.1636952978988065,-0.3082026718264721,0.5283232534343011,0.9463177084675485,1.0577451181226674,0.05493291223420753,-0.35156479630085574
-2.0895321103097015,0.7993624722728738,-0.8967898000297811,0.24074952815249417,-0.04162200657325945,0.3907297088395631,0.4976837022512968,0.910844424081615,0.22749238204647457,-0.3021208831609737
-2.2207097822667357,0.7769774215204673,-0.885814759445559,0.15413973724046195,0.07402870262465455,0.3900936986326611,0.5029322406771738,1.155795163801316,0.10865763632687601,-0.41676181473706786
-2.3552945173508424,0.5788787995946398,-0.8078781540846036,0.16163876071856695,-0.012987857607118283,0.37695828188448993,0.5096196981266289,1.1017019922725346,0.09612768237408635,-0.3191907527181023
-2.426463475837902,0.48624878592965515,-0.7332541081706981,0.1424335516504658,0.09156064701618234,0.3382342460489564,0.5010749491208331,1.0578214265291404,0.008378656548709907,-0.3379225330763607
-2.252832803865162,0.7188499084700092,-1.014827089703392,0.13086163767280526,0.3287950525774076,0.3629377594053833,0.4711137935719702,1.0021903967909191,-0.04686616105498985,-0.4325668346507093
-2.5147661203834746,0.4364448298079231,-0.7882553997539941,0.1680349352983601,0.07765472889464918,0.4466185292414676,0.709032241945903,1.2066364189172563,-0.03597153848200001,-0.3651835052357873
-2.477455816970748,0.59921793020003,-0.7812734337164009,0.08387925419768714,0.09020814242597823,0.3762270019004312,0.637136071237435,0.9999061729585392,-0.0897583258852828,-0.33958293772339165
-2.470159556847674,0.628395445515177,-0.7613388511848602,0.1344011085044384,0.18350562483459357,0.3938831823410812,0.6470897181499801,1.0557713545665344,-0.031493582219556324,-0.29922426538659613
-2.4472695650737784,0.6207631936682028,-0.7240721538658627,0.17481296183340353,0.23548261979960547,0.38342302752703583,0.6481841914520735,1.0569450380511378,0.036263448371253656,-0.3235403331531051
-2.534482620387982,0.5924386726943378,-0.7134728867478167,0.09592820412183863,0.13870268739172728,0.3814987908261817,0.7336273333577141,1.0368275070254631,-0.05704081771879198,-0.36236646396910344
-2.336542562230664,0.6446776118014154,-1.0758432018427329,0.12763412341260463,0.18308753206666717,0.35121805265538136,0.6319653014587612,0.9520681846403611,-0.06692236608163168,-0.2842530346192012
-2.421320521065019,0.8262861429123948,-0.41689985114947903,0.09304378095927807,0.3144591726408829,0.3511294990308679,0.5476315439375673,1.0652047235332196,0.18469388743633466,-0.3179392785731058
-2.268604976769381,0.682661643711912,-1.0570021157223732,0.09009284394677101,0.24297377409303225,0.4694598153246234,0.832158933434606,1.2130465140564188,-0.13515206069636093,-0.36057473253831873
-2.3850982081528267,0.7892199927368647,-0.7956949081661698,-0.049525131064019116,0.15807289890507975,0.516584322325049,0.7621382965757508,1.1326126397628982,-0.036938395854881,-0.43230827562578855
-2.342493861347978,0.7551533541553264,-0.4838122754815023,0.12073561420209676,0.2854278289496031,0.5347471921473888,0.9142543087010491,1.2966757529990758,0.1188275815904043,-0.262569871487643
-2.371523518754885,0.7244404494126828,-0.6983851168796902,0.0705817901649534,0.20659450997651196,0.49371932661774914,0.9419057513629464,1.2338635651167682,-0.09754287206380016,-0.3402212093443618
-2.226388251680366,0.8852922264320889,-1.035700994719082,-0.02255577847195229,0.12120176691291024,0.4196106124106784,0.7615549415009968,1.0512201872944218,-0.07599822598363024,-0.32653915284847246
-2.2988017138531083,0.8865974715722799,-0.8028237288185808,0.019201845531438253,0.11369492166180938,0.47860765349294493,0.8000405932070949,1.1580473569909644,-0.025146146354820858,-0.3120446632901853
-2.3240601837781627,0.9077729905394527,-0.7506309629578067,0.14264499418758175,0.07457930474424454,0.42144838775131366,0.6811105215203938,1.0988280311654575,0.00869603901517511,-0.20266031521562378
-2.3994808098274474,0.8528567251182231,-0.7363294760708524,-0.016252706513801903,0.13245231561731266,0.48491649083076555,0.8174327945264668,1.2735362303357005,-0.1101343470689269,-0.37271010341819705
-2.3857903374607963,0.8813666888418813,-0.5631472551361503,0.051553391264770515,0.0757666987220797,0.42019456724597964,0.7198859342597721,1.0905974348848881,0.04829400871149362,-0.30634116673713346
-2.358945930550211,0.8857067469728108,-0.8126996189650645,0.1905267562804444,0.14892297965616572,0.40013154104101056,0.7529215336652273,1.1567377865676822,-0.10711695454362725,-0.1594456814513706
-2.388791235416735,0.9266396672841095,-0.8482292985395095,0.04471879303077427,0.0799484159135317,0.419003522135067,0.7193726225860477,1.111572159765581,-0.0756409190591969,-0.34777454938983404
-2.407840513085429,0.9081087590576702,-0.7811877014955503,0.10538870255623078,0.09390110300403454,0.38614640967916813,0.6807551334517198,1.0597345276785208,-0.08984666746210708,-0.27581574975736306
-2.42062037508633,0.8535109074084588,-0.7956654849748186,0.09925486068214541,0.16403075869808217,0.43445039915373673,0.7663919291987773,1.1291806724142797,-0.08696269705290839,-0.2687867334099569
-2.3659838130151227,0.8375553963626735,-0.9340017906361553,0.13521738801378066,0.19794841289025053,0.4314324600383625,0.7808569948737939,1.1139972408239838,-0.09800175681445468,-0.24375068573126835
-2.483844349478686,0.8828587333976964,-0.7450268787589054,0.05254441328281695,0.14274511444534144,0.41356519994282065,0.7497318637709011,1.0295889893779733,-0.08318888503357737,-0.26136568015021255
-2.3642037459868406,0.8737275488059362,-0.954613723526736,0.10315027818970046,0.1605495534895223,0.42930354197862625,0.7625178837309591,1.0806512555451186,-0.050724385389961955,-0.24814596306972367
-2.424558184870422,0.7378790456034438,-0.18658841587301855,-0.12575110585170074,0.16127997314993558,0.6905412156526728,0.8721750491236778,1.2245272349632474,0.2541458943549568,-0.42124523259194696
3.4398512957703344,-0.8370785274574504,-5.483661479731566,-0.7778340521727032,0.7768418518312188,0.9292858195375675,0.8202475483723438,0.5491232330764658,1.0737821415838975,-0.6703961261387117
3.93341594969242,-1.0128649347110348,-3.2353816104103528,-0.7618493908639562,0.1252385818516366,0.9641900376113146,0.15106736888721936,-0.36165880801233535,3.179908560765016,-0.527359407135125
5.881814300771031,-1.6380232090296172,-4.2795641809773715,-1.1415496404669423,0.2656701372362217,0.9594748327232031,0.10860539543466058,-0.6542307453997326,3.535859684495372,-0.6213288043041405
2.4040722998254633,-1.299051560290371,3.309312185958532,0.0235254843924949,0.0023413033461196896,19.61417340488117,-8.959997319888254,-2.107402129157211,-1.7842972173223333,0.5000979888499947
2.162118519643466,-0.7839683453368479,1.4242525698283304,-1.2158024394958926,-0.35255258031825676,0.39117842050006096,-0.3447217947585109,-0.6466765662152936,1.6761523267466514,-0.2403195705787278
2.0140450343300835,-0.5816571613076552,0.041419498455140036,-0.6573360684456181,-0.1143250344646548,0.1288965052306222,-0.321898560572807,-0.43457553384479,0.6878912558063479,0.3928131736900053
1.2636257220501192,-0.39928569208298564,0.37414982382777634,-0.34866363835767616,-0.04807808289595338,0.3031562505109691,-0.06546966949300974,0.13323535042025753,0.5911635793406089,0.5925314877764719
-1.1421724914007554,0.4411497695422748,1.5182746336468693,-0.49092839313343395,-0.5490590119126215,-0.7038770076661133,-0.57414823444106,-0.08379097034374633,-0.9785909481805157,0.031037753942834458
-1.1082257276460004,0.2989686028556527,1.3741078573342826,-0.5682492474930723,-0.33789683156855965,-0.46189412244938927,-0.1502156128626224,0.5357840712700269,-1.0682204791051255,-0.02935197245215067
-1.1283852192844677,0.24391794431283031,1.4677002279835847,-0.0456767423116233,-0.17979991604719026,-0.4942650739762328,-0.06712747604838055,0.9528606460559873,-1.2943333549276113,0.5359621147747623
-0.6951203617530035,0.4326144060834263,-0.31140674911811445,-0.4504258297763489,-0.20838162846322075,-0.2823944421356846,-0.05578032631529064,0.2945366895789533,-0.8478614553919106,0.1594596657803381
-0.5372528931566481,0.3899161722691698,-0.45399279505246176,-0.4093229364530574,-0.151731525938886,-0.18483748899132413,0.03450482233846658,0.32307739283437653,-0.6986707610020033,0.202388254013274
-0.7955506152553856,0.3523786490026815,0.13337643743602706,-0.28357122948173463,-0.1380084983460515,-0.12734906686756717,0.0321547480492557,0.561944129551882,-0.7836978481424026,0.3451206376854373
-0.7113333890115545,0.3302404552387833,0.1958633034603074,0.33614951281772093,0.03494006401757075,-0.24712471701007255,0.10509785089850723,0.7067714949871406,-0.8481158814073182,1.137993687029644
-0.7519882786020584,0.5604865019940664,0.07594738928906596,-0.002282879084065241,-0.3302012784113547,-0.5284900828902171,-0.4472862229010886,-0.3122056948417673,-0.7230611202165811,0.5230068464863216
-0.6620116811365853,0.6071729877458707,-0.21378402505163607,-0.08514533592383729,-0.40923533516595867,-0.6207481055591111,-0.5987110337848993,-0.5526943582412273,-0.6678569943168282,0.4452439108231243
-0.9079995907247932,0.6126548953359402,0.15623109833346882,-0.22986118273758327,-0.4220287474748239,-0.5452681954656589,-0.49161189025338414,-0.3237807783635788,-0.7135799806439505,0.4074933756240189
-0.8570794555967333,0.507071520836896,0.33826068790638386,0.17515688792838133,-0.21734370478193565,-0.5016822963296258,-0.27525276936671617,0.012973974125094868,-0.7764051059109636,0.7932106259183197
-0.8394699317877908,0.5587654475551372,0.21077850677988813,0.2090815215552779,-0.26966657634009067,-0.5677318963576201,-0.3935853039468531,-0.2390690385057569,-0.7875483496095586,0.5548585391293885
-0.8285065957681806,0.5413275397215785,0.38097609318221864,0.09544313410806558,-0.31103161920136796,-0.4847290074567115,-0.42149764669523593,-0.31943626669472613,-0.586161458863251,0.4761308761473064
-0.8609329415950483,0.6276048593539516,-0.05577802385769129,-0.1626023356179777,-0.3779326500461442,-0.6123343911519745,-0.4966781893770883,-0.36443018810964245,-0.9048102862270544,0.45943975871662823
-0.8843636799935206,0.6093770701999,0.20522566139256404,-0.20232632783253057,-0.42225938151335707,-0.5910183233110894,-0.5044332058634746,-0.3916939148890031,-0.6712278939613635,0.42898455239432315
-0.8775376367250667,0.581160018104385,0.4047221522173516,-0.1305293428098202,-0.3993963451385966,-0.5805528192998158,-0.5101308475573066,-0.40275314510005744,-0.6515721637784704,0.5168465434805636
-0.8006844053868308,0.6375004504372886,0.020681122709086952,0.060346581252358325,-0.37496692336515436,-0.6836532174766453,-0.5786125552165378,-0.5086507240632242,-0.7952275904446614,0.664954534705575
-0.6576220619116938,0.558354032266858,-0.20066537863041184,-0.0037099872363725015,-0.304936905948009,-0.5697431784403695,-0.4357779751017192,-0.2887532493064555,-0.754998825641283,0.6305113340808156
-0.7909263113994919,0.3867485483381221,-0.1071822863120384,-0.5119118894857705,-0.16231045388892226,-0.18963479277536383,0.08450597419599823,0.4767533536116538,-0.8413268495699666,0.09583601687045262
-0.557964282773711,0.34925897559044544,-0.2622179778022549,-0.03376037417754375,-0.049279804768914075,-0.24279526312589272,0.05310671707922077,0.4755613955695038,-0.7676903662244752,0.6847237940915426
-0.4534080234619975,0.2837529040846632,-0.3656331258680656,-0.3015799999282288,-0.06630669190174471,-0.1649088704802858,0.12608311405545025,0.5189922170959389,-0.693533335263004,0.284062962810316
-0.8016322266399258,0.3216602759752977,0.1537880091472224,-0.5126410681055237,-0.12544530982448607,-0.04025963880919848,0.19141816353938929,0.6443573180620256,-0.7263465839091849,0.08521460949450382
-0.5722558897172761,0.17131018780993562,-0.1124889955212519,0.3594965377912383,0.2507962779244699,0.045463319366680195,0.4740743456351315,1.2721428476054701,-0.8365398465835097,0.9829072914856057
-1.4502408798742676,0.35166479003723927,0.9809418219985379,-0.5727543095118565,0.15027085939273316,0.0847131468549935,0.871926000591387,1.0959026702562564,-1.1977424907196965,0.13924331154753106
-1.772134779076948,0.5013549337381598,0.9493080541422981,-0.4376284568177959,0.10451702337760205,0.1775933555771542,0.8219264546648127,1.087293622569537,-0.9591117421044808,0.12712596027366707
-2.8765277971169687,1.000263472466485,0.8104498259435191,-0.3669260082659455,0.0096569433631673,0.24426679259188874,0.9831966065333632,0.9678022423582245,-0.47270303546060677,-0.22282089974608
-2.2844516538741977,0.8733474796058389,-0.23760152746024799,0.21422804265851586,0.052648476974306996,0.38054611371373276,0.7099147287389499,1.2636372938735267,0.13843216080967954,0.0947436214979577
-2.248193092972521,0.9055750473468498,-0.5743934440928452,0.023324939061230898,-0.011720149342366289,0.35860591083381427,0.6277075957305147,1.1346418539181886,0.02364851814658851,-0.3872386128600515
-2.217521427690582,0.8884930030596037,-0.8601352197338652,0.08270624243330191,0.1259894375732881,0.43929136842681166,0.842538107057586,1.3365449229753443,-0.1704302089812427,-0.2744764241577067
-2.276216497916116,0.9571352656292937,-0.6942320431490414,0.06814473351894035,-0.009642927124257844,0.40205452683188525,0.6278597415142776,1.1277977420145235,0.006622463457047961,-0.15206886676259554
-2.1141539509163088,0.9234760044665478,-0.9424512684858254,0.16904726533169914,0.036052494182228056,0.3735366843088438,0.6402142105927291,1.1064291385908227,-0.007671051178395466,-0.22392808984818335
-1.734731403399707,0.7749013120076916,-1.075100662662013,1.0213883641670671,0.3034860967542187,0.42023381622713923,0.7747856189484662,1.2192102390113901,0.04143944723536983,-0.04606338789383964
-2.2656941864750437,0.8910417994644639,-0.6402133927842563,-0.17743635861084897,-0.008388332590708517,0.5583073503740797,0.7814043981187153,1.2593859082856376,0.15271496456827696,-0.562378566583103
-2.2167266860215706,0.8428686706424475,-0.5431042490107656,0.011108672386572921,0.09937126899091313,0.538011498019631,0.8728038079972373,1.3643558684796393,0.09182381285417647,-0.2758688957431562
-2.161273840829691,0.8376621615029707,-0.6336628319948021,0.3447504000713634,0.18988245362983006,0.48827333902752246,0.885102613520887,1.3607948929022076,-0.08054383750086798,-0.22989066209815628
-2.1951934344127437,0.8953386779604957,-0.772161647988258,0.14951127337647593,0.07513834449336848,0.4393758033460311,0.7418147020854631,1.2229756694421459,-0.11691743794560268,-0.4248140886631451
-2.2149383183147853,0.8733229065540311,-0.9719226384021107,-0.0922822972133469,0.0953795016196771,0.5353409307493592,0.8698255181864067,1.447780627782979,-0.07710149929427669,-0.40794027487512746
-2.2258613600793264,0.8247452740133566,-0.746101861710275,0.2739843673494896,0.20112555385785852,0.5740958787971904,0.9498021732537311,1.660708634019227,-0.06288380262237216,-0.06909405864526376
-2.374035039873371,0.9297407419845878,-0.5227015049869532,0.013936501362527538,0.010670099196713918,0.454174983526494,0.7094552523966132,1.2571699474550975,-0.09515164393275873,-0.38113771215388476
-2.301113504157282,0.8620472459326274,-0.20188212022083563,-0.14042891505138536,-0.018453874707509546,0.44362705028118105,0.7743211957095414,1.1324455566344167,0.29561887369154594,-0.5712282581828471
-2.1903799780358,0.9011239373611852,-0.7633617744835914,-0.0002222799245572896,0.04960381230685353,0.4049793872327876,0.7156926195615828,1.1643192318039792,-0.02986847690404328,-0.2699736635663857
-2.1513491982086053,0.9344108683163402,-1.0153364312845894,-0.11480078405527737,-0.0006072109612015369,0.4021542358017113,0.6493084810684818,1.1092562858269754,-0.08160278802346156,-0.3249681164228541
-2.231034003626118,0.8762339204161654,-0.619727636172589,0.03392721483955134,0.04446321752843388,0.5003881882527287,0.7520300949740267,1.3368272718422507,0.09975773133966688,-0.18587447578720295
-2.1410625555317973,0.8518353438709826,-0.5978575547219154,0.6217069121477236,0.1957616358306225,0.4182149941701452,0.7715058572817938,1.3855439775314988,-0.03251746331241797,0.2578914412146647
-2.2618578490404775,0.9728897701770922,-0.6479919341975587,0.23038051900137071,-0.019566288213046068,0.3101130469632306,0.5576703294301832,0.9665367902751363,-0.013552036728435985,-0.3118143191076586
-2.28231242502803,0.9865407018448776,-0.9006055215919695,0.049985090000347995,-0.02219723952397614,0.3909671582696075,0.5862443688468417,1.057869711028646,-0.1024431207852295,-0.40129906983610264
-2.308676422923286,0.9594685352888582,-0.779067720405052,0.02771257793264579,0.01991669023623032,0.4382310112223495,0.7193744216546264,1.1412636526813593,0.043182685298396764,-0.3503467479263648
-2.1133949584806397,0.9117579502445251,-1.0820399435133705,0.07943517149479457,0.08135704440133586,0.4249263929118049,0.7356286699505055,1.1951860926972209,-0.07528669194992423,-0.24507967586045054
-2.097072162413128,0.8486234148954132,-0.7057965056107542,0.6981516843942572,0.20633696804734614,0.45826623340314215,0.8012296234298828,1.2710862196644892,0.0014110597774232123,-0.2209162179957348
-2.2731813477820566,0.9253536674699638,-0.6304519487623145,0.24133075882668625,0.06609018894014608,0.4485370677495308,0.7386736525563196,1.1607132265337003,0.018203939547360697,-0.35470750240109006
-2.2751396897039475,0.8944451325696182,-0.6042962954819164,0.40769047516353135,0.1588018285710525,0.4521363400844098,0.834729537921308,1.3332528810460162,-0.10580681546786498,-0.17861525031179507
-2.333849994891152,0.9618411869408976,-0.7080619043095326,-0.11617406303043264,-0.03500620860701479,0.4155983408924811,0.6861065301848831,1.0963667626361626,-0.006154438835427395,-0.5862726304165241
-2.3322382254178677,0.8811055129804206,-0.20525356615215135,-0.11787833216446815,-0.018895114358264943,0.42496136475454405,0.7565212931381154,1.1648860658523095,0.2790223712168423,-0.36471585426998215
-2.2731493222886145,0.9383339716184291,-0.6804330257592545,-0.02183202267167736,0.018714484931079883,0.3491288238015372,0.6916746047900683,1.0999248383629685,-0.039955591511058285,-0.27291805172629885
-2.275853345962518,0.8844573213759799,-0.4290456613907704,0.08674815860267882,0.04444059681975889,0.40117609602148435,0.7387450010621261,1.226153213862526,0.07638066859226826,-0.21845670181593146
-1.9658524715199226,0.837668561519869,-1.0810517915783713,0.2802786258209098,0.1514434160374347,0.40001104101064777,0.7665569223318525,1.2247521296145831,-0.15723045587989445,-0.42292647277277773
-2.033694881756913,0.7970237744417664,-1.0505655058862455,-0.10615822951079322,0.11228427002535273,0.6235379352979986,0.8955998403933516,1.4873955125642133,0.07704991510744456,-0.5352524740166794
-1.869899210972013,0.8109490975684316,-1.1289342707124719,0.27744594197588124,0.13443326123801994,0.5464846078204821,0.7230091599740269,1.2811337476257667,0.08159871198437284,-0.1963760571481794
-2.2248557262046336,0.7391104541731219,0.3290466169425585,-0.3484287287336407,-0.04533602346652698,0.6302857371205861,0.8458936620495047,1.1884126055172513,0.6664570090761309,-0.6613138110791389
-1.3593628337942971,0.6864423719052415,-1.7209773876961734,0.4226280841601446,0.31131067134498175,0.4369717079777065,0.7989365363757444,1.2349945435807324,-0.07056472287560751,0.11698439394110188
-2.054946467596461,0.7750001738981434,-0.05811054336973043,-0.2418640262753758,-0.07142611835492609,0.6039382759165656,0.6854465984566741,1.0520421259741735,0.5374355014488396,-0.4938982920449449
-1.917573501832104,0.7978452508403688,-0.8101960943244864,0.0912989486573187,0.1242016220275049,0.4949376636486037,0.7384109080119716,1.2394437546980148,-0.06883037833200141,-0.005365826521833082
-1.8845148731586743,0.7898956839731122,-0.7499756848161874,0.1333376266470082,0.06594820674871082,0.48147103368436683,0.6558084693234306,1.1393460984101376,0.034956305048985316,-0.3158183096016856
-1.524862788229393,0.4061329966618213,0.4369420064879153,1.5385084720826574,0.5692279202811562,18.990057242883008,-8.21503336398132,-0.9803158447373698,-4.737738929967705,0.46034825562635306
-2.020067071598334,0.9618242298761668,-0.5736847473025434,0.5286792701576551,-0.0521489880970945,3.5176799854279572,-1.3920614168712766,0.10567339730405774,-0.9140300838351096,-0.12544535806106946
-1.7280208907815617,0.9589206855517598,-1.332899655831108,0.4703296227847215,-0.010649781499237428,0.2719197049160873,0.3491574272859555,0.44742620000688865,0.2162817116619591,-0.27331228287014914
-2.179690488960716,1.154507817270046,-0.2851000880079291,0.36870832041418095,-0.37627255040729235,-0.019309644448193313,-0.18024850881355078,-0.06677642936930492,0.18679221024277787,-0.14427035263672805
-1.4373977240735607,0.9598166790594379,-1.544168447000647,0.12145783149153336,-0.18510759622763123,0.09340493326193275,0.06193725347814065,0.07659431932203414,0.30184289803284603,-0.17319637674410707
-1.988468223218132,0.9766391936287955,-0.37077298012964627,0.1588729484470666,-0.2491416976941262,0.272184460199609,0.13342537614728417,0.42898767442254654,0.3940136563047545,-0.07860135945116596
-1.535859954372392,0.8570665561092796,-1.0284466137218191,0.8858551374635608,0.03890360456396502,0.18206334078069988,0.23337576515108113,0.5672514692642626,0.1482747015304599,0.2034808391195678
-1.6742474787863575,1.0560658209972158,-0.9432522629806139,0.3595619971669118,-0.3210792963006011,0.0028979401108606747,-0.19601222789496062,-0.18068085381839158,0.3026799551583555,-0.19258078761050054
-1.9421878220009237,0.9892788835555646,-0.20704116080124013,0.42270897379269645,-0.23780340328407346,0.11348463716666334,0.04088531813640704,0.12511161329287032,0.24142080476771857,-0.3282647564655022
-1.6230704944476702,1.0565084127504394,-1.1276178940754207,0.3487507130022052,-0.2974429857733911,-0.12325304523282346,-0.21642045246882005,-0.21222604824928976,0.08220273472753671,-0.1857689726699746
-1.4996545821823073,0.8839515425972228,-1.0647483968134286,0.409273986504214,-0.11699814948851356,0.19136186090567583,0.14454110812242488,0.3513623619910839,0.3592289519526602,0.04022345394061413
-2.00184507788377,1.150225625199479,-0.0027984932241572314,0.21496879588830883,-0.5644191047048521,-0.14660457089534634,-0.4771820456991481,-0.4980033423710163,0.5274590655586057,-0.06320726701431516
-1.6331536285390444,1.0841371147938843,-0.9809380928547726,0.5190813420995286,-0.30099637975581894,-0.14894247623656354,-0.2851627523783489,-0.2961430736326713,0.17580731956783538,0.1914881194666127
-1.8766917212281728,1.0877317898328662,-0.5957047622939188,0.13128285320742858,-0.41106679220053743,-0.030240553045342965,-0.2419737953588945,-0.13508744622584576,0.23827285278997315,-0.11120354414753475
-1.5981667109749251,0.9381829134045719,-0.8255339453290522,0.694508103214367,-0.11325777821441063,0.01139222421365388,0.027465464599225338,0.2298310228831377,0.13631801965521032,0.3249391783954159
-1.7370411257411689,1.0590848850507173,-0.8520308181363471,0.3634448169640972,-0.298123328623641,-0.007474692436752954,-0.14617358360616953,-0.09482203576701732,0.27978294452181934,0.056288327153477376
-1.152829245561154,0.9013591443645262,-1.350680081124294,0.21773581143192125,-0.29037657503547876,-0.05240886286650321,-0.21082994038523697,-0.234864360041518,0.42504843464761954,-0.10099458281344635
-1.8426047200627984,1.0144513908871635,-0.02506227710986859,0.2561188399277536,-0.4373078968252464,0.032950925022394016,-0.270139717276603,-0.1175997723465163,0.5229774942162927,0.07973020976783254
-0.5660195797010142,0.7713513520217902,-1.7285624657932939,1.034212248385684,-0.060635775079667976,-0.021851801282958532,-0.2818494909708581,-0.5030819098994309,0.3791548849711312,-0.0049008280730890455
-0.9217675409544455,0.8990424237633308,-1.0709584736657591,0.20528486129502324,-0.5001707263679606,-0.08818250997876154,-0.5636907166095557,-0.7443549580647805,0.8333101687914708,-0.24679596674108475
-1.1586655760950364,0.9008821463991667,-0.325145630617558,1.2782559577956725,-0.2668879133998105,-0.10819468513153063,-0.47451380705022916,-0.6063261038256915,0.5983127659340101,0.21524604873495237
-1.5763652863689581,0.9981343092596326,-0.3354992672038903,0.2030149534147883,-0.4660225794056156,-0.08182410002499452,-0.4437150719064637,-0.4326539765970574,0.28945667808113856,-0.15315827562737871
-1.525528475992265,0.975874500705884,-0.4984627529548443,0.1133319761250798,-0.40905797028672186,-0.10215130305562808,-0.3389487655243582,-0.3253726128251558,0.18825601066850856,0.005705596471754052
-1.8068205710496876,1.0242419323783791,-0.17958496692849746,0.4548300586336467,-0.3579917268187083,-0.14892684778747545,-0.30667667955346445,-0.16129160119314245,0.02482476627154621,0.16202386499025706
-1.9537572328282313,1.0334358311266627,0.4401381471637121,0.3779509114203322,-0.40477580475448577,-0.18683530964556205,-0.2601714126806136,-0.3959565942509015,0.503753417977662,0.16064399625767664
-1.8637230270207603,1.1708425074981164,-0.4520744290894687,0.44863260569464997,-0.4937287624389682,-0.44644242331198697,-0.6297041807571138,-0.6698945066625199,-0.1714072055543118,-0.15838782871244572
-1.8758919005144281,1.1064993035685717,-0.4718691059843561,0.12024685501742795,-0.42407598258437723,-0.2459530450279857,-0.33778850218544504,-0.3437798742847173,-0.07676912317096025,-0.008182219898131747
-1.621080465388456,0.9962038761028923,-0.5245899708546995,1.316097724978174,-0.1198910453565748,-0.0874874630502164,-0.25749952348522376,-0.08867204385871033,-0.03193775919650429,0.4242974674764603
-1.871368891700564,1.1226338342569728,-0.21075448621851037,0.5733004308814806,-0.40640666273348686,-0.22992624704748965,-0.40096538641674734,-0.5534906227486619,0.19270343737594053,-0.09127995895310705
-1.9870558222971517,1.1368850966094664,-0.41513983263521126,0.39896996828174647,-0.3672718710700912,-0.19122927216523183,-0.2957991901616865,-0.3109309307260513,-0.04531036640327398,-0.051779119789635855
-1.980558546599343,1.1653411075746718,-0.6746843391996721,0.18287205675007104,-0.41727651035644253,-0.18850007015907533,-0.3202583658205559,-0.24981582581086811,-0.04183753845775453,0.058606815244916864
-1.7745024500605273,1.1760405033007677,-0.9656632071785998,0.45716289778434666,-0.36965494660495474,-0.21537221706276677,-0.3787708229511172,-0.4041035175452661,0.10271103331077823,0.4013435418435508
-1.8076105556060629,1.1537658315376236,-0.7615492481985838,0.268907723010913,-0.42349334590780857,-0.21011218982371527,-0.37695019105967864,-0.4298053312579869,0.12147140914297248,0.15711221336899014
-1.5214331848195173,1.0251979816306553,-0.9997537913244244,0.275909033895169,-0.35137930969873443,-0.10477327752231388,-0.30230582485483787,-0.2751602305812631,0.23128587426723907,0.059843737531188414
-1.182900651544599,0.9352755629579412,-1.04795700919282,0.4074073892339949,-0.30725373362398456,-0.12599207515790062,-0.3128296717196056,-0.42782990656531195,0.36052091036531847,0.15311369444384845
-1.5538838233863517,1.018480868962339,-0.6067772979985363,0.19267934927757852,-0.442580203968087,-0.022414052408653778,-0.3585429879061054,-0.36445858451543606,0.45726350306828795,-0.028988625607022207
-1.6481044178536932,0.90088685481542,-0.5831160131129647,0.08266027925748677,-0.23160498644932082,0.13897048276145527,0.04955587014432783,0.2556691433256476,0.1583137104916283,0.04144686503999618
-1.7411528845307418,0.9922178925591087,-0.34934101344566687,0.2847548038901627,-0.31958358031027545,-0.021337899763805856,-0.17055516398910148,-0.05545802785143658,0.17152128310237913,0.1762441045338561
-1.7705126327744565,0.8854367770306332,0.0016888645880445998,0.2777125812680002,-0.24901932390560788,0.06369413195349713,0.008668227329545955,0.18883831431347375,0.35275781285573826,0.07492144169387151
-1.7351884742207386,1.0142566332494007,-0.9055420496950264,0.014321521789730082,-0.27606676922067874,-0.10757286422062154,-0.07307623628793292,-0.005319760367735502,-0.16723204325219362,-0.10208434724044617
-2.049351188529686,1.061246828110466,-0.17345529968675727,0.14868337086426908,-0.3572093323005588,-0.04425739361478557,-0.12317987750235657,0.05427563995839512,0.04987830656514714,0.08704738399092968
-1.5108523226612547,0.9126933910469323,-0.9478171923687498,0.31673854902074433,-0.21146139685429768,-0.04037438558167623,-0.07262231434924676,0.16450733790328045,0.04973345447831052,0.10073823927829342
-1.8130414205669025,0.8333194554631173,0.47334891357322934,0.8598582527860804,-0.10931906489150758,0.08772476541886383,0.14536123578163157,0.30828070473933017,0.5387319572577961,0.3707585021035925
-1.7851852658463687,1.0462320978352266,-0.3018670879573981,0.49733400500303737,-0.31832314879019,-0.22677034463874368,-0.26455075206923,-0.39590356892129874,0.008954202388295012,-0.1950763973738743
-1.9148805940871643,1.0356728301378677,0.4566306629213836,-0.02707323541100505,-0.5164645462561795,-0.22295147840162471,-0.32701673785897123,-0.5738566564438853,0.5767466463934224,-0.09240689940925324
-1.0329802367266265,0.9091550719279747,-1.572125556856322,0.461092206880101,-0.157997574020606,-0.24381432481353232,-0.19634860191455752,-0.2923831309067392,0.043892162598627174,0.4408260902632537
-1.827770833186409,1.099679009078721,-0.06592634008763337,0.12802709447436214,-0.5287144735693431,-0.17796518487702406,-0.42944461719994875,-0.54552895257681,0.37177186144772695,0.048968688143235344
-1.7673455609876436,1.036223217987002,-0.33345132343544587,0.15851941809378775,-0.4120422325900335,-0.08466135001159596,-0.28511948818629546,-0.25126899369938016,0.315114148235523,0.0855564529896261
-1.891546300110338,1.0579824779418945,-0.15107935021073743,0.4053800196417092,-0.31821442564391733,-0.15163584631239507,-0.21656435457865694,-0.1413965288965924,0.034007360482443995,0.45028488603179284
-1.6221793190872802,1.1093697395222075,-0.8845525394869997,0.5055730288123802,-0.323492590362893,-0.13659424384615537,-0.33922908554594366,-0.44215121474636954,0.18009693039807487,0.3558194651946867
-2.019462867696919,1.2141817966526915,-0.5675052363893376,0.40572998902485297,-0.4327575189455837,-0.13372625370124658,-0.38674963664448175,-0.36165486095989474,0.19568376468701543,0.2567519598144841
-1.9183942766140367,1.2513900643696876,-0.6182934446568045,0.7675081809313247,-0.41430337861458927,-0.25140950610902235,-0.4984220152873049,-0.685723213034062,0.30973388957429593,0.27802073202381133
-1.969718374698722,1.0772398607818352,0.4511496579955439,0.9653956362149775,-0.3480666408916998,-0.28442967243663536,-0.37159627854423194,-0.5648248217988266,0.35815668682949275,-0.02687835980738846
-1.3240686757734377,1.1498346659457488,-1.4043299804390792,0.46434532845988363,-0.44102526648735446,-0.4101989535384471,-0.6559853303983045,-0.999607247289085,0.16377496319359194,-0.01868350917499682
-1.6199252662545323,1.0875515819712311,-0.7828050824827063,0.6689857078132174,-0.3784722870816652,-0.026141196145275474,-0.42186551241579595,-0.42266281067492595,0.5548823676068584,0.10711297783974064
-1.5710963540037728,1.0754389789699021,-0.8474397496811745,0.5527544191322215,-0.35913673566850013,-0.10563098692787237,-0.4038391785739786,-0.46072761439191795,0.3182178472087693,0.08372055323101943
-1.838838126519245,1.0881910427740826,-0.03508971143047024,0.6940538548528812,-0.39283089592808546,-0.16353380499915765,-0.39951049226394164,-0.518440174972793,0.2920932380455203,-0.07425291871821484
-1.8660449102356689,1.1739932897708356,-0.6237000078995809,0.2743108819521903,-0.45931489759644717,-0.200226660045091,-0.4551692136337761,-0.49356742877916415,0.09759834237686256,0.08677349621354885
-1.4943668769595109,1.1226716539778725,-1.2923640057044479,0.18385795591896303,-0.44879849543761713,-0.20248150491637984,-0.4821292978382693,-0.5759012877548018,0.2779952163539088,0.053739931178330584
-1.7570028507092528,1.1715112338698634,-0.7910526433857534,0.30288012792574864,-0.4788980509475859,-0.1363453578311945,-0.45926322842861045,-0.5026956604668495,0.3972307160296528,0.21878682453428874
-1.8910518151874474,1.1592002763548388,-0.5304529078632729,0.14432253514340215,-0.5111343636446154,-0.208419846326024,-0.47160023892973557,-0.4404040970181836,0.14286349671173737,0.0172065254728438
-1.597672099905053,1.10760970430898,-0.8872493851772267,0.3118451345883431,-0.43125746867990555,-0.25071885453285486,-0.4384614688097317,-0.476512260391843,0.2552398393846537,0.27578518870961943
-1.671771214214345,1.100023123177763,-0.6458235631070538,0.2699153003357151,-0.45980075738584236,-0.163020147835426,-0.44812484712881456,-0.4554785867402188,0.30723127360114166,0.1947704642306668
-1.6085614604016896,1.0668414777548958,-0.7285081566230555,0.7489065182967598,-0.27732470348222127,-0.15654687005076456,-0.30624898285305807,-0.27617848471873047,0.2320253779359801,0.5898247473470943
-1.8333000507964787,1.14253487358917,-0.5562646070255738,0.21495084865753372,-0.44669544134280975,-0.13261792645394144,-0.37243351123186985,-0.4548844309249005,0.22781420228588545,0.07436040443856567
-1.9762392134048987,1.1538809917053277,-0.28412150922632223,0.377096936079073,-0.45429307135034463,-0.13209764351360614,-0.4231481887432689,-0.3686181319448932,0.16009701660206851,0.10197209227435924
-1.7989892187009837,1.0701167671054257,-0.026547339792472143,1.5110639450254468,-0.17328963251862303,-0.17089930261318081,-0.34743741715843707,-0.34273733363261,0.2543184661175068,0.6562290407775856
-1.8253450283038486,1.1414158870560658,-0.11185031334444272,1.3243992349842466,-0.2913476222657048,-0.26538837988007363,-0.4709050594148799,-0.8228189827932995,0.3554340299803102,-0.11015874344363982
-1.9802849501269004,1.3049943950378042,-0.6840122201100783,0.4755391755557317,-0.5590308284288299,-0.3570983048441294,-0.7279269756856157,-0.847788311537494,0.06755360616870655,0.01624236783047279
-1.8918505700250958,1.1529247439269543,-0.03456928433972678,1.8882607276585421,-0.15118928068196705,-0.34154132617025806,-0.39676506262364214,-0.643254237182656,0.12860797055368664,0.28653171549325623
-2.1035766012233763,1.2672736830464488,-0.10509635534936815,0.4087911669083309,-0.5686756689646837,-0.38168186816950406,-0.6141379366611739,-0.8680409219307093,0.21655592280199248,-0.18552433173456834
-0.5708988836765462,0.8077529806453576,-1.8922132308074204,0.6025364423971258,-0.15322533004257538,-0.23718840703803667,-0.28591509564900075,-0.5891812660655115,0.33013541353562437,0.03464243719966217
-1.5929938103387409,1.0326593291103858,-0.1605098540896175,0.3364521782193574,-0.5522348230543954,0.08314907070584336,-0.5608801709842611,-0.5329794443701722,0.8394570157330538,0.05107377552584611
-0.04239098846063033,0.655663184212457,-2.3090289819429928,0.2142757319324206,-0.2122212245213277,-0.0710954102414241,-0.3625201173509764,-0.5954386672614538,0.6784564260092811,0.08802044627999725
-0.4077532997143913,0.6865074653093776,-1.2961775396188404,0.13693792940128846,-0.4130434782817233,0.20583567949529386,-0.4774602288096461,-0.5882006850936781,1.1371014841695588,-0.20537218972090068
-1.0209105626824693,0.7600121937127207,-0.30232034447282585,-0.05056953536169359,-0.4212233755636134,0.15075921911649848,-0.31219387108484165,-0.3719059273629554,0.7273642875642513,-0.03287821281398683
0.2511213452941929,0.5415250981866524,-2.0663415099227684,0.357590382234239,-0.203406068907658,-0.0783675291060506,-0.42679101707327205,-0.7115066114194443,0.790582518917135,0.18363129075312878
-0.30361160781956426,0.5790028688018448,-0.8932728715473204,0.17273203439341245,-0.36098007669835763,0.20761522285737297,-0.37907989203010656,-0.5264671204397442,1.106470529538158,-0.14848919408976946
-1.2723015940958988,0.7172891209412751,0.6346057616118393,-0.04255562328623848,-0.5106241258008692,0.1281937854034817,-0.4465565047015891,-0.29883803034403644,0.6366675409678877,-0.09459626777418312
-1.1755629752540577,0.8528128101953766,-0.15624574242690217,0.21254903673251538,-0.41770412528328765,-0.07986642788958523,-0.533766009576854,-0.5672927349153893,0.2388477031654157,0.31936016236268433
1.1791276165983302,0.21479977309216178,-2.596359887199421,0.14037919250144343,-0.1300090525431735,-0.2573427212706464,-0.44632965917015727,-0.7420195785621599,0.7753703171674514,0.14338091111557824
1.5298810848921678,-0.05082133428955462,-2.170496175393969,-0.5433207774963328,-0.26302730622756276,0.3363488038143563,-0.28589071262627747,-0.5118529984597576,1.7321022915727566,-0.4241883419741805
1.102708501656565,-0.06148316431056532,-1.0504422337112043,0.17790556972494606,-0.1329548595746223,0.5085979297257621,-0.17215723601954758,-0.03451878402867059,1.745953650015484,0.3744639761289642
0.39007102378901665,-0.003884645772707024,0.12202949084113297,-0.28240078203005475,-0.2038645616326757,0.3991915477971005,-0.03806102890921497,0.1395258204662571,0.9966080767545469,-0.12211150282252248
0.8544881213151867,-0.0884239284033126,-0.8160657567995773,-0.3774287226209262,-0.08622121726431956,0.425339719072932,0.026908619047198254,0.11896646493076686,0.9146830862049067,-0.20559387852835734
0.20222365478593632,0.071174270905832,-0.3487791552325338,-0.20883212744781338,-0.054159148850493714,0.5871227555222704,0.16199130247495602,0.36834777742459635,0.76502815656707,-0.0632167907641076
0.36947041334882197,0.15052367051597015,-1.3667453090985455,-0.07423343671546878,0.00965665848880825,0.2977758657200222,0.10364413983276746,0.243960000994985,0.4783456116252195,0.01394551855680972
3.1382256276653893,-0.6989586251710816,-3.4482566017366114,-0.7680285596406192,0.15827236311194834,0.25433026306006673,0.09456649782576312,-0.10176883014129202,1.2901522876100744,-0.6123755616970059
0.31028686273881995,-0.18498579404176363,1.8525589408447207,-0.4654806055115198,-0.45579528843212547,0.6705789373521909,-0.2175314484927889,0.15635821000843214,1.5562401160938522,-0.3290976753993092
0.5684151967655444,-0.10610969596478147,0.3188816311263767,-0.49884084886895497,-0.21599019868260638,0.25357084113076067,-0.1744003737803309,0.07988925260581117,0.39140719848377237,-0.10145495936658411
1.7353738300309383,-0.44133083008846075,-0.8749235127812768,0.8895055216912326,0.35104788145180177,0.21951674354670933,0.14880149424700903,0.2119867858933209,0.47894618368422304,0.25088127220327067
0.2557572222188624,-0.2149890723318723,1.9854941320040613,-0.21489693407420307,-0.22227553957958918,0.3877575109279474,0.03897080918670874,0.059484694972259534,1.0159458431492112,-0.6094446999976147
-0.12971724495326226,0.22231681902860181,-0.6477734278042668,-0.2568032473883839,-0.01936560070513236,-0.09766610501267961,0.08052439739038762,0.23365635692675474,-0.6602008190603254,-0.2574737864822997
-0.020972139802041274,0.12252369746465479,-0.2857384227873609,-0.16009087263563268,-0.04297211666787245,0.12525452781423266,0.06312842829584646,0.40750921476029783,-0.16919937999861326,0.048686218780833894
-0.8234050629077277,0.3642207024046102,1.4741101781182784,-0.16891465836332714,-0.4965347583306035,-0.20975641445971294,-0.5899355552948694,-0.1466697705448253,-0.3496589489093096,-0.09679307561432443
-0.8297961810282505,0.5661054314370795,0.44484319918601595,-0.17796634120152033,-0.4351557794915526,-0.3015425019281429,-0.526718531733526,-0.4669966464123934,-0.274025920731204,0.1433849624164424
-0.7084718401727444,0.5366106303834669,0.09451644828895099,0.43059222119182655,-0.2277468556508545,-0.3136197936388001,-0.4496101507478337,-0.17309911440371292,-0.4600064397062199,0.7928693027706641
1.1945328637626724,0.046892277710205287,-1.885442528314632,0.2989399669249865,-0.0358777656836426,-0.3577848207435259,-0.4417235575976685,-0.4283204627615732,0.08373468524824927,0.5803368605874707
-0.32998272142955026,0.390255702002075,0.8315973035681267,0.39025262602303656,-0.403162753301018,-0.02734855549874508,-0.5456541391726315,-0.6637380244477478,0.5539012400691254,0.07931841208026619
-0.32659428536619384,0.365885216631283,0.43367156977418003,0.13298958725648327,-0.31113465323498574,-0.2703507213621262,-0.48594737571296676,-0.4567551614732295,-0.1332985916555874,0.19941032330633884
-0.22048818562834865,0.32908689860495477,0.47400417340563267,0.7130157819128856,-0.19044285900635824,-0.20556722086481688,-0.5456740710623017,-0.5485873670277157,-0.3420080885901058,-0.032499535829364726
-0.4475547424363618,0.35071746195238873,0.8746573830366132,0.14250305256988244,-0.24528371902082313,-0.1969681434456128,-0.3180002525968318,-0.5284642721531869,-0.14673558200213568,0.022595183502764855
-0.7326936432177151,0.6365125654315216,-0.47374125625167424,0.34014286791351656,-0.2255978613482973,-0.36359076708467386,-0.4526773753836649,-0.5014602400814961,-0.6848868534034945,0.10890459163168062
-0.5323662727591802,0.5418893809705279,-0.27746902859639094,0.24394271267609732,-0.20364106437572108,-0.3228115822384208,-0.3615290844977999,-0.4833531015784596,-0.501566570984549,0.3515827432777858
-1.1549167084075365,0.4936571458222886,2.0885503391982074,0.11427932201701772,-0.48281422313977546,-0.3996384456709608,-0.5095166190886531,-0.5764228180187871,-0.0039168929764270164,-0.049756806820972756
-0.29506513908221954,0.29820345877907906,-0.7399928605869036,0.4391801242376686,0.1697456339872575,-0.15480077712608542,0.1715555371692655,0.17270451452073535,-1.0900884305188474,-0.5115978976161444
0.38178408314324547,0.08607249929393457,-1.08610696096276,-0.05938110852940755,0.12510328587783964,0.08406412081400294,0.24561885039957718,0.13003926460174361,-0.24894424326650846,-0.3029279501462715
-0.21769843243854833,0.30281366353119354,-0.03421156870966065,-0.20885287249802054,-0.2443093035426458,0.0941689483593781,-0.1716180204716061,-0.15577556158500078,0.10797482033803658,-0.13703076801349515
0.5092208359956704,0.19084002336597516,-1.1205336629110076,0.37862348052089356,-0.0497706674787586,-0.11714382829625244,-0.23412406192180188,-0.3536700986100557,0.01738555115076455,-0.11696359366368385
-0.5531343180451562,0.09486271802375894,3.2292657264448783,-0.6644314185976709,-0.6224007577638687,-0.043818710793692435,-0.3048070648588148,-0.7241802471408619,1.7826344234739169,-0.37643376480844126
-0.40028251277078875,0.20266595871206183,1.8256561728016971,0.16065391382238192,-0.10973374066339142,-0.5219611064312581,-0.1653921485683225,-0.5299277312518652,-0.23341256612318909,0.7224484898593476
-0.6507742987538938,0.4287443597448378,1.1374000871035372,-0.16801780317926387,-0.23807922585626523,-0.3612159442307631,-0.1897232012289264,-0.8418437083378126,-0.23890066147319236,-0.1588988410926937
-0.7121894227890508,0.5183151651353362,0.6984344042352705,-0.1729110779109087,-0.3485042988261785,-0.40059600295870873,-0.4199242952002627,-0.6647079865932668,-0.32629900029424064,0.2244234876786951
-0.8742974722137883,0.38754126851481113,1.789450495654399,0.812885626420906,-0.14249393529028193,-0.44143349239927804,-0.22192337505680074,-0.329561645815168,0.051517101239991266,0.6070404837505706
-1.202373858244339,0.5133645338019885,1.578289667548916,-0.35414733259935205,-0.35970399961399246,-0.3238840898917472,-0.1978463899716243,-0.5148960839298107,0.0013422123186377197,-0.19753677005101097
-1.0698831145247143,0.5830173016791713,0.9524820064718152,0.2947885181262896,-0.26128551309018855,-0.5443106497353333,-0.3559514164121557,-0.4927482568971453,-0.4341991036555498,0.2601788687442205
-0.9683699722494856,0.7623976867540135,-0.272741196992673,-0.009348217037035955,-0.2731845192846548,-0.3151717716557545,-0.31674775925898674,-0.7448334605537907,-0.2809296860777011,0.29071746967955686
-1.606118431669089,0.6397844487405906,2.49383496377522,-0.03044454066885742,-0.2996793277037349,-0.29078755219570496,0.09120705130706785,-0.7666648015197027,0.7386001429886319,0.23846597389740284
-0.8472809349478236,0.6915408849859542,-0.4066512531538526,1.6107968170775175,0.16321017616131517,-0.4377107951743538,-0.13887897134103822,-0.6229647150348522,-0.7529381620667159,-0.14524510370367405
-1.2251627786091346,0.6489752849156251,1.1854635683212087,0.7341895702725509,-0.22894233194088515,-0.2762051569990695,-0.18970283636321417,-0.8412936532461148,0.36652095482358826,-0.7893559452882787
-1.2746713324118193,0.5634109356424288,1.7061117442216256,0.2835355341484791,-0.19134470223835545,-0.21162644160148286,0.0008298771291979667,-0.6254126535898237,0.6419524229914716,0.026312492157377305
-0.8651307749121646,0.5991056120097275,0.09733318659104073,0.36410989660938897,-0.13177809103064503,-0.25633564877258574,-0.11553616002456599,-0.5954608479782463,0.21734989631851465,-0.30449608118206767
-1.1549924173191946,0.6500623086319393,0.7720408611933715,0.19734020433662525,-0.24152029477302225,-0.29039262399522,-0.13929714799563817,-0.6668976183363026,0.16692297521766858,-0.3713158314660695
-1.2303254764432048,0.6079047651007805,1.0836426019077336,-0.1933728411804276,-0.3063219760424515,-0.25298231308815017,-0.07811515922846114,-0.5254649829124802,0.3757526384776626,-0.2034683055908687
-0.4138978480873135,0.6429118338239238,-1.5800779843774264,0.2670265012682949,-0.04569238373547215,-0.19917862827412028,-0.13305976561224453,-0.42048753942790557,-0.2685183051918875,0.12951654612739955
-1.0083363686490883,0.6583562037107875,0.12123151446863209,0.866768373658567,-0.15084298989205017,-0.09342724876366343,-0.2119752852803664,-0.3576205016246725,-0.1017856045501843,-0.44055360898033075
-0.7078238934751374,0.748104235315306,-1.132649788626155,0.08497688996702853,-0.2796273174139959,-0.17223561201742546,-0.35009743143810323,-0.5501175867053932,-0.01648118664326858,-0.005939674302760998
-1.508281775752297,0.6789454242169682,1.5084208898269347,-0.46945349774501477,-0.41666843018212574,0.03620056695930166,0.05732627713397346,-0.45541911860283213,1.0195654555314537,-0.06275219672604074
-1.1614625462674377,0.6476104016334441,-0.08465399950159447,0.019651948674387697,-0.12454491411295797,-0.05654694538512931,0.06251790824961385,0.08308914479256611,0.08481933724273981,0.3827932866489052
-1.2395318685330716,0.6925501279983078,-0.49422460014660424,-0.23328390368572038,-0.15226983608024963,0.042385948910538526,0.13051567589849408,0.2159025942048895,-0.0817413149159704,0.03031672348551312
-1.3128719757451597,0.5733195350830678,0.3614821209520442,-0.5631963596065642,-0.2168930957175889,0.1854233807644473,0.2902258528846794,0.24531134912634164,0.5186573176560126,-0.2916481660339023
-1.2506739630186967,0.5329273076850511,0.28054875623685904,0.48227866227396987,0.058290447724126615,-0.032020639374296785,0.26091242286863486,0.7161392199859593,-0.07031207777731195,0.9725408158504961
-1.4506198339796579,0.5760070761607061,0.0782958254505331,-0.053306493695902145,0.020002266406629342,0.1248105598314095,0.46554160408721745,0.7976158923488007,-0.1995482258192784,0.2315101508730783
-1.6496432014315872,0.4954517082409724,1.4329831648459015,-0.6106493533705848,-0.19801992033298377,0.105898369234638,0.45728021233624794,0.48531740831071574,0.4361836512077438,-0.3621168189007097
-1.1806761955376195,0.5640845121014452,-0.3448401754643099,-0.21249113367284506,-0.012174354723359777,0.11909273895615574,0.3769722304899011,0.47827608277620554,0.09029087496969009,0.014655991919209011
-1.3509719733144228,0.5642225006597018,0.3469548642540495,0.005850308161063745,-0.003588236597137268,0.07489129366650604,0.40203953389942854,0.4887670541377929,0.1079831814245115,0.33772798661218534
-1.5669276495337965,0.5766843662227473,1.015020077580565,-0.29328408903382375,-0.10765026510343241,0.10322604569462158,0.3980124810027484,0.28125053176259407,0.2639119348750592,-0.04583175244939019
-1.2976170058663883,0.684071576424821,-0.6054197991702146,0.07509839465073315,0.03534542032990689,0.07250031392289513,0.35820246568686365,0.3187820750217464,-0.25500395018060723,-0.06308352058796918
-1.6532583082953511,0.8179113777635736,-0.20467451510482482,-0.2538665488862208,-0.18572251583859584,0.08061487633618014,0.20796740157387997,0.2466617572115106,-0.1216429543928808,-0.028307903066131904
-1.3974010279686682,0.7649043729632893,-0.9732902215197283,0.2021572631084375,-0.11083701201658873,0.2477034011082291,0.10831648026804984,0.6079582119374853,0.17112767498915332,0.15040656009238926
-1.3113527214779355,0.7727743160338598,-1.2693502034059063,0.6286941566998928,0.07567961640700337,0.24312344053656348,0.27551716471271276,0.6782664487263901,0.07961632145707294,0.553989405482712
-0.7975030763344749,0.6837404235486064,-1.7873452951342073,0.34835639934807405,-0.0056323831973759675,0.2773477094814694,0.09421179646317568,0.27318110049396616,0.21413843675730745,0.009042559473835591
-1.5851635590661932,0.8423316162959463,0.30380313082560717,-0.11985169293689141,-0.43188295107517083,0.11625449457678347,-0.1411362436306334,-0.1782451767749109,0.7874458659224712,-0.126802572155754
-1.1889725112034415,0.6248745504464073,0.2653717792892941,0.9017908171995093,0.0039776160152434,0.024379325864852384,0.13880247569140097,0.29050958367802604,0.772197054275712,1.0318493377510756
-1.3350211492542765,0.8727462343805266,-0.5973188826880822,-0.1604488211351328,-0.3910510771568676,-0.1936252502515519,-0.30305359142190885,-0.3191705895097389,0.13433339287034357,-0.16964568348283393
-1.3668797603110376,0.8305283226292056,-0.3865380074103002,0.05586556697933436,-0.31340985340494887,-0.06339216545408413,-0.18133534489237293,-0.10238512808802724,0.24448194621002758,0.0656148835400503
-1.4570119810147244,0.6975683882285442,0.7564274642682839,0.9245993860453419,-0.08048300357624028,-0.0711073081495501,0.04284470106771948,0.10328086018750719,0.7014275232229563,0.8471577077004552
-1.440743375802903,1.0202665445536656,-0.8484272236348995,0.06519724326222442,-0.4656878890505018,-0.29346705610469725,-0.5849751910438976,-0.5659624945725835,0.016866055752705562,0.021131920258362746
-1.7387987722797653,0.8607824178154712,0.8487857237539019,0.14267256976992326,-0.4234892822649116,-0.2153452377234862,-0.2743414154522116,-0.28907847687716315,0.5410515214580076,0.2526029798908899
-1.455854442567715,0.7803014573723996,0.4279767288383665,0.10748037368149513,-0.32166707676975276,-0.13086307224112587,-0.1364361685900342,-0.3479094916517758,0.8037419857534309,0.032223927806003055
-1.346315511452739,0.9067208285164248,-0.3940137340216834,-0.17695780308660555,-0.44571007645395994,-0.24865932992397258,-0.37158826711698667,-0.615014690475582,0.5752512095760397,-0.08074188321763694
-1.3861274445641825,0.8897649681002014,-0.5203216484615919,0.3214025843772281,-0.2625741384920396,-0.10148397668735334,-0.2843881913449785,-0.24577796900404072,0.19776218022518663,0.3523972051854034
-1.5244718111341233,0.7963688682932595,0.5749854949218177,-0.2293659654477243,-0.45230912302656356,0.006376510869663655,-0.2449385230364419,-0.4114152906531188,0.8977980062915102,-0.20892791694950036
0.769104458553964,0.44351376926482766,-3.297162428071165,0.5133948605876484,0.04823872787561126,-0.12174573641498265,-0.34215876444863347,-0.47527042355891447,0.4393929200453699,0.7658163728770988
0.3533087522376357,0.39028602129889867,-1.5074075942549288,-0.30029128379433384,-0.3413056174165144,0.11858979591500331,-0.2885793639771185,-0.5984331868986412,1.2775519786811538,-0.12698981318983452
1.1215829254119627,0.1800608765543266,-2.2232789008150795,-0.10083788205845923,-0.19187571811607906,0.1922373190238932,-0.2815306408049558,-0.5665203861370077,1.4677542156010392,0.20844978209637255
-0.3887772497891248,0.4392701522686935,0.4837831429296205,0.06603285023011302,-0.39760966849710483,0.3764511757839855,-0.32910083967491377,-0.3577640680886617,1.2738772278459276,0.4484270468934862
0.6779358883513924,0.3200860220842913,-1.9760026021449342,0.037957380657624426,-0.20745253475820358,0.12665346407209455,-0.45125710064600744,-0.5993096153897471,0.7741607015260272,-0.002629950769028676
1.3335127338033566,0.14953183537703185,-2.494270378643824,-0.44268961342206764,-0.2991697812930724,0.13204213135180762,-0.49243839306590764,-0.7985324965585858,1.2699543730222995,-0.2037066846388687
-0.3126806050282149,0.28893788267837045,1.3684845369398988,0.33845462499623163,-0.37843649884063085,0.34420976987444746,-0.3000112320816915,-0.3382956719186914,1.840098615094174,0.6626070611367526
-0.4176347986420181,0.20737838651580645,1.7853982280060248,1.1670510220934924,-0.10244519938014791,-0.29454437708026115,-0.2614977454888128,-0.5005905688501784,0.3959714823175704,-0.5320630079927696
-0.5825967421457108,0.2630653735394726,1.6609651639824738,-0.31818162835914476,-0.3978540809667883,-0.17656178634491423,-0.3005218003885139,-0.49377023050852736,0.7148226763421293,-0.4069360456169003
-0.6101956146618199,0.33918213921762497,1.5066324035906427,-0.30377937040036884,-0.45053830127092015,-0.3433689777687522,-0.4480543025912417,-0.5980471357872867,0.5061902069598226,-0.11537408799158429
-0.8716893847238639,0.5101871657498809,0.8373260395166229,-0.1909933944336139,-0.36826984982424976,-0.274333198055963,-0.3205330891925693,-0.5660755405514709,0.5258587306909421,-0.10421301535887707
-0.8274922012271098,0.6275858887328165,-0.09168513539219217,0.32400519267412575,-0.24683616876336292,-0.44636642810474547,-0.4542831083333976,-0.4159943356702912,-0.4448257172554105,0.2845278769652106
-1.136024380399896,0.6724348083732481,0.6908895347353915,-0.07382090061466878,-0.5135536957705189,-0.41941543317995467,-0.5741704123429702,-0.5513318165231538,0.0720003757937114,-0.07965806375278826
-0.800791894245813,0.1373408425893366,3.3565387853525475,-0.08864968757115058,-0.3564188653333133,-0.14537038463852264,0.059127203908717854,-0.5794654621634479,2.3226034962951663,0.12935632573743774
-0.522115365577067,0.31943922757515864,0.896912109582632,-0.47018878002967834,-0.15042079078385628,-0.42817545110821265,0.009586537341671447,-0.6402564830993,0.24582244284561494,-0.09830320790618996
-0.5400924987631778,0.21575136458464075,1.8406621344665413,-0.6386000325249365,-0.2780204100562092,-0.24456603584178674,0.03718210904012354,-0.7242243292504588,1.0319179862077128,-0.32303628596323103
-0.2647891699069873,0.310309508573567,0.6822097314551916,0.003385828568700865,-0.1284669310917487,-0.4036572590520837,-0.16926570595988835,-0.7080724456438922,0.28475526568881576,0.3641738638744498
-0.2338533328168168,-0.041385961433600786,2.8520551419207036,-0.31965177177392534,-0.18150345573728735,-0.10815611004653511,0.15503757888355146,-0.6008495665922676,1.5781825399388476,0.06847953474683846
-0.4260028443776377,0.14845627749213394,2.2494382341852837,-0.7853078646830239,-0.30640745205187975,-0.5303507688581786,-0.06842293431292427,-0.8370308007342582,0.532231536123003,-0.1325798873873537
-0.23508254777242546,0.16430483512711,1.5365494087802882,-0.6585226098036511,-0.3169409315459135,-0.4439621983932947,-0.17698049223958984,-0.7569807382318886,0.5803057008105547,-0.1745850613629983
0.47344311247373305,0.4111552415087469,-1.7524984792900757,0.6734606704041967,0.0748447041024394,-0.29352674263096035,-0.4133977796321568,-0.5945831858280323,-0.33203569699824936,1.4129526260495382
0.2659701077440245,0.4131511733761799,-0.6000539324011562,0.7780453360949732,-0.15673431033067312,-0.23693447723349412,-0.5780206349792055,-1.0824057340287176,0.0996361801985989,0.16018900176039558
-0.10806707739158605,0.36198732466829053,0.8601938045607203,1.4570752492369297,-0.057880196700207054,-0.20313504039351735,-0.3651174460054995,-1.2542791981671115,0.616083972944468,-0.43520389591192177
-0.051006296241461774,0.17078862981257567,1.5746469216494696,2.2546890645150226,0.21502751584263857,-0.23506290621416717,-0.18254647567612226,-0.9610960463315303,0.8582035196161621,0.06304367213163876
1.1061866369078008,-0.26489888945143153,1.4593577779705633,8.534869187572385,1.9258892302606396,-0.35126919137794843,0.5534933449675623,-2.3801986564308812,-1.6628358131751109,-5.458377624269305
-0.32252250675555155,0.6876002687441646,-0.8892701983944901,-0.05685067828711366,-0.3967066311474911,-0.4713264197529042,-0.73079206406211,-1.1499938494746265,-0.31693060315024907,0.17444651674110617
-0.4980907677851533,0.3956821243856201,1.6490503635670928,-0.3599070555236355,-0.5575938503685774,-0.39669670461363227,-0.4734035372163332,-1.1513580894602966,1.3744501611523334,0.01504574046717224
-0.37824223084933545,0.24539733898177038,2.0023136419072745,0.05975328229220288,-0.3420523823844105,-0.6730681162430432,-0.4304849975282274,-0.964702579672675,0.5589112692209499,0.1945244877890455
-0.40166687472650997,0.460683486398362,0.43140289569946916,-0.1731616198638786,-0.34982341089744434,-0.7434080904451488,-0.5460045592389295,-0.8756286559836435,-0.46880600876500045,0.18019455424654182
-0.34041532753060855,0.43912627463618104,0.8946729992214751,-0.011383136371426435,-0.4539880752599332,-0.5350784119434153,-0.6267337717394276,-1.1569424649256872,0.4068423030041505,-0.08401260737803395
1.9356737266036064,0.05068420790743149,-2.9022364841107904,-0.3926707626239985,-0.054854169939422937,-0.5729421331000248,-0.42619150482098106,-1.3375270300841984,0.0794484129280862,0.3261231140360707
-0.11904373481383271,0.27226168292404385,1.7245090024450143,0.22525914559595264,-0.44832918155073004,-0.012139279823544421,-0.48039704962689356,-0.9298851421086823,0.9994910297912831,0.23803951171978024
-0.30067159643527336,0.46373408106677966,0.6438187425859304,-0.0185117136248026,-0.3831825071388117,-0.49013618468874093,-0.5272409879422819,-0.9613990005999467,-0.2516704099546297,0.23424662608743554
-0.13972141767895468,0.41673808059540945,0.5470407693343672,-0.44803456035211436,-0.5230780776206654,-0.27811275960601295,-0.5341819415063996,-1.0348613630357877,0.79589887080956,0.13908096116736623
-0.11338973978617187,0.42896410754971404,0.26769752588611834,0.19165638297532483,-0.2517545727843462,-0.39192351866388714,-0.40254153069738563,-0.7878334963513466,0.18808448797725374,0.9509049362877221
-1.006390246221255,0.7483853387627203,0.6260097009021891,1.0263529363092887,-0.17081480696392087,-0.7131786378995643,-0.4064396430876247,-0.9892080009187988,-0.7678348930614406,0.1989730189547492
-0.8649598710759453,0.8219231216429844,-0.4590378934288886,0.31400640126671964,-0.4168685053582369,-0.44281317715011687,-0.6901019343597056,-0.893275768538701,-0.24586195887697126,0.2224050463692768
-0.3450947999990126,0.6210458136097557,-0.7061546232099537,0.09929492736193118,-0.5009223384703674,-0.6592706195685974,-0.8531322182112724,-0.7705307345509101,-0.2104001828654184,0.17894480702434537
3.5879905785153032,-0.4366038254456291,-4.3303523198633895,0.7214838445334499,0.18646363581119213,-0.22328467781423303,-0.5516322975415554,-1.1685647353564945,1.2889926786832298,0.26105838975597495
1.3738670669177426,-0.06124697935754176,-0.1376002694604465,0.18066959993100568,-0.5033050155660492,0.334626222005645,-0.8465622758577601,-1.0518513584986697,1.7905182399804833,-0.2573950567629512
0.7986201692896211,0.04885719170330258,0.5398587196825388,0.6120101202331188,-0.328313300190648,0.03231454116882014,-0.6405474038843646,-0.9975694998840564,1.2118594981318667,-0.12865212178960686
1.217338985249396,0.07722853055778804,-0.9724520173672505,-0.46502304897694297,-0.39065737085142976,-0.2883579444715872,-0.6950928549595768,-1.048326189332647,0.4242484545511002,0.11312875591776327
1.3369014810183373,-0.06683362977074532,-0.1292365496588809,1.3841862755990997,-0.024653381260321953,-0.23652336512329933,-0.5955199496146741,-0.7044592325585569,0.5981096052299683,1.075506580249702
0.7608891804034397,0.30827144255424227,-1.7385053274585818,0.5889986190543102,-0.27720519499837015,-0.33862677614333286,-0.7491531901838958,-0.7505687463507652,0.3877841653620241,0.014565005132469458
1.8714247983815622,-0.039678287838462674,-2.4868185999540704,-0.003026250793558485,-0.24778025442651558,-0.2776220075101033,-0.7022234865262974,-0.9615178410333224,0.7551623078914539,-0.2980164126277737
0.48514351815951917,0.14233272920741485,0.46912213121845786,-0.10700044647877228,-0.6997632702010896,-0.2277707567870275,-1.0476246445728006,-0.7526880784350805,0.7596777015609735,-0.4061274111062468
1.161018401149916,0.11218545131938205,-1.0362335175694648,0.06752740910300965,-0.4144172357826391,-0.3395259321527371,-0.8952733219784418,-0.9700145490822394,0.5308374594291654,0.1916302708909164
0.3369834270234587,0.3434700636559788,-0.33833020329313657,-0.2373798017786023,-0.6409520109754167,-0.053671863214817206,-0.9694335786150879,-0.8009195687583497,0.7491321027858745,0.10852020958627599
0.11582629360000697,0.3877699486205649,0.04080647893948893,-0.11711871012083543,-0.6178560447230529,-0.3419126088479861,-0.9995242483101036,-0.8647325022127217,0.34257032370069584,0.21022682804252044
-0.2871875858776213,0.5377490604716397,-0.1786969362767368,0.6564299205387241,-0.377178889594184,-0.49543661846886305,-0.8353035801309246,-0.5552177170121583,-0.2781729873687068,0.7258067905407188
0.5350751905322685,0.29580560023915475,-0.9536635906325982,0.6142416974360383,-0.1641713120344398,-0.5222404146087071,-0.6163096774965641,-0.6224742975901957,-0.19284959814042058,0.8459901472163719
-0.9510324515360439,0.5424916474579271,1.565942459591584,-0.17006416468656232,-0.6602211078223826,-0.4196689601105847,-0.7313824798549242,-0.5831922316481706,0.03768000575775154,0.10669904179533331
-0.6537133232603058,0.5565347764965953,0.8659854657121377,-0.23204118434835935,-0.627345505704676,-0.6089946512916938,-0.7836996952143263,-0.8653253052881702,0.12881460655860294,0.16004044162497671
-0.5322795333284649,0.5618734095119261,0.2668353753584383,-0.023401531762002787,-0.5446899746963273,-0.6252289871781885,-0.8382563984025475,-0.6710306669139096,-0.1961389445404475,0.4019066003615851
-0.32576122252930034,0.528111964297753,0.018358218701406172,0.9240460409834577,-0.26239185667964277,-0.4787048927275817,-0.691996469256945,-0.5966539192940887,-0.003258416441062251,1.0173112970006968
-0.22806030507442743,0.6055946578195555,-0.8561107245184133,0.423005534667498,-0.3054211946938226,-0.5088834690566082,-0.6692398392262443,-0.8942720319858061,-0.3348418688542768,0.20166292517107917
-0.37383735295570636,0.44120835377331474,0.8314551107871191,1.9684077792137282,-0.10568166599410206,-0.31165021790428526,-0.6255742387218018,-0.8087602387579059,0.22065155432743724,-0.051899257649861336
-0.44842279209159164,0.7057249885412781,-0.7202070792101873,0.4522137977679382,-0.47947109896743956,-0.6497404072222466,-1.0247223055228074,-0.9710775502888582,-0.63749949923617,-0.06346972678205798
-0.7115565494875011,0.4982725442048049,1.7258754516102848,0.3671390894709562,-0.5217924673947408,-0.40766323923639863,-0.6671092912533222,-1.126504490085131,0.799769560318371,-0.13941735575250877
-0.3237992470412055,0.6087955493604733,-0.0696459462182972,0.25236736103984825,-0.43146730710965236,-0.6859377599086429,-0.8106020321278553,-1.1528663829121364,-0.3445267954863969,0.053814334521364006
-0.9101322119471736,0.6972405624643861,1.05367011836778,0.032429688628339316,-0.4570739771652366,-0.6838041061092096,-0.5737560846950781,-1.097969015342413,-0.4619029667065028,0.28113912457759116
-0.5529383114014572,0.5353134954758518,1.1242231157991993,0.8432170829162042,-0.3362844371669547,-0.604430996904142,-0.6676880706983267,-0.9028591457774651,0.11513412246474442,0.688778986141551
-0.7994435157463664,0.5554894616925198,1.6520598421085815,-0.3154607053665613,-0.6296144161249584,-0.6211634005374868,-0.7755010073640946,-1.1824290916320304,0.16014650917917833,-0.060814473036484955
-0.40780223175861247,0.43174703401568604,1.2463878965491324,0.7754390538577123,-0.26199209297733056,-0.6640375031667475,-0.5338468304786975,-1.2107237228038608,-0.11536022586069786,-0.6043897092631769
-0.11124200915364917,0.4463763174936141,0.23495627835477378,2.3946947141391712,0.1706009705642161,-0.8469466421337609,-0.5350551344473343,-0.993396661099102,-1.3777615380569235,-0.35110002504220184
0.11484212733933498,0.5935590743643737,-1.2436348018589047,-0.12694376568517257,-0.426968150197498,-0.505063393891553,-0.742505878972938,-1.1092066504852585,-0.2125768651939998,0.1510188451841887
-0.5711761528923202,0.6003180022918357,0.6941339679062623,-0.13971302614731024,-0.5978643580894868,-0.3474406590736847,-0.7581497670694511,-0.9476303360368951,0.25602854558068333,0.2391606234599556
-0.08433030355191119,0.5972171348686746,-0.7605880993714058,0.1152127932315326,-0.36184852052120114,-0.6120759186419166,-0.6941313378472667,-0.9511862697270784,-0.49556221550975116,0.5541137309664442
-1.283648165582442,0.6198356459788524,2.558605476248718,0.007224420997469384,-0.4661693260497891,-0.3586346983015198,-0.21545616651319532,-0.8204052926856813,0.6915829005104451,0.6760850963416931
1.1225964410238716,0.23890090159601296,-2.0508806099740124,2.6193892134067442,0.56366819384133,-0.5668103562933666,-0.1203539924200876,-0.5808605449885422,-0.20399901156095235,1.5945664102479715
1.220696363464368,0.19930529643781514,-1.555915965481393,1.9833539621222407,0.12461365569900232,-0.16377266634735166,-0.3892051383517099,-1.298868452679613,0.721704796015979,-0.8549312351499577
0.9228138711187311,0.24503687308628633,-0.792797343723474,0.9017605688257267,-0.2195410538492886,-0.33158751221412447,-0.5845736730585414,-1.4734927195929088,0.2836161656480548,-1.3586175479419855
0.522882482980666,0.22795196828519193,0.13512541411679485,1.3660736745429563,-0.13030090470040123,-0.22238556886829783,-0.49361896970082964,-0.8802119645057045,0.6110153571074575,0.02614230004112463
-0.17100918894980144,0.2125579838499455,2.3632870029473443,1.0722948132283483,-0.26283974873253657,-0.08729895974778895,-0.31814226025206366,-1.1267506853776272,1.5175849989537222,-0.29623711286390186
0.7417508950556041,0.33537619087840675,-1.268770674154094,0.25709085406261,-0.1587571745056096,-0.6594175411605336,-0.4967964031160208,-1.239964051304365,-0.29601573458257835,-0.11436743398330305
-0.15845361087646587,0.5839048307492325,-0.24433704085343144,-0.1768429181993078,-0.5466863710190077,-0.15427310233631625,-0.6188957562788382,-0.9656620786408975,0.6214376888347469,0.12620040452510553
-0.7526569690415594,0.6003765725216762,1.1487561071823784,0.7343399667494155,-0.39607449745868123,-0.46479669019364694,-0.649663446589778,-0.548631316835379,-0.08221983541545731,1.013635544909496
-0.15998053151504865,0.5312958620223178,-0.2861182874791468,0.5587070042790387,-0.3425151317904087,-0.5341951763799132,-0.6722310402699028,-0.9045978870223057,-0.4063091833773423,-0.43261328283363626
0.5469427565864049,0.28127483163418965,-0.7892179761738022,1.2498056213852433,-0.07928635237585112,-0.34996260672176666,-0.5081603291052528,-0.9434845276172765,-0.28106087348106157,-1.185900932433086
0.7585405413692939,0.30770689251090727,-1.4451848130599354,-0.32819881015463925,-0.4508433883441813,-0.22415693993419905,-0.6575837461420939,-0.8707941210176503,0.6138585728251554,-0.17529091669732602
-0.4856718145244395,0.6058242112783682,0.36467278168743084,-0.20524961716382595,-0.5655954259430608,-0.009241847609027663,-0.5814989687951639,-0.7473627767709956,0.5414846305280742,0.34619590229500075
1.2819146070765415,0.11473350048126316,-1.8380639793325249,-0.23070681839414345,-0.28935966325461854,-0.29191486308478787,-0.6270560989848961,-0.7088146801442609,0.3750724820218369,0.18429289872365096
1.1797579721251252,0.07686594232114026,-1.2378544836480514,-0.4208959674988928,-0.4307808632256853,0.002854859504616434,-0.5550286608006605,-0.6366041456988243,1.1161572570058949,-0.0995238951038824
0.46190000042721535,0.23213636687623446,-0.2312566282855955,-0.09750069282958806,-0.42031412077566455,0.06909795816433079,-0.5675717230567366,-0.4486450014298074,0.7458405031530879,0.39579704202485866
0.5682389970545577,0.23535103412817873,-0.6432986781099903,0.06841500369911559,-0.3185942758563525,-0.22312298024261146,-0.55884226604591,-0.4358454747484707,0.32266603823597345,0.6282418428006517
-0.2522738962575733,0.43415119804804175,0.7817190699788558,-0.3546562794403295,-0.6346210998447556,-0.23451922465311015,-0.7825299940910031,-0.7255974577824881,0.17015013241779464,0.16857080956010564
-0.4721647663334312,0.5283163616523,0.5420126917442203,0.1417035833655173,-0.5378035589661363,-0.41810233014359377,-0.8317837515323604,-0.5082613464440224,-0.14400933068587052,0.6233225251608114
-0.8358743711294669,0.6673115390129827,0.5145962776211223,-0.18361667603789739,-0.5372678490278722,-0.397102329861607,-0.6499648207967773,-0.6606258954789511,-0.22576694803801617,0.29268284676885103
-0.1817871320137983,0.5606175938433846,-0.7254920901849815,0.33687421326116884,-0.41269872888101977,-0.6167190661762535,-0.8205435014789018,-0.496019263813461,-0.37368128589314964,0.6714524121383169
-0.4765538392819112,0.584477047343631,-0.24251080812961137,0.09117999214573116,-0.4709710943839763,-0.3319115178212501,-0.70929654360527,-0.47279465092727335,-0.17739332327200139,0.22216921785475485
0.15335170484330893,0.43284932741565607,-1.0708273178263574,-0.05202021432240009,-0.36256180327334603,-0.3233924757066784,-0.5515265203048354,-0.48908306934995927,0.04711047101243082,0.19898850404552387
-0.5886644925359286,0.11516030655356187,3.4502754449279056,-0.17403852470915585,-0.5904139794717197,-0.15671162028195276,-0.32449433531197747,-0.4601706336268686,1.917807984693611,0.22577185010450124
0.21852827929625002,0.36772130285260546,-1.329714391031116,0.12131661772181936,-0.10145923551978117,-0.47294749231027683,-0.4013151536282063,-0.3257883863495388,-0.8359859828557858,0.2218139002017772
1.1627569218633051,0.10684654032015417,-2.0445861404938457,-0.2618570825259444,-0.20075983411220816,-0.10466456816316265,-0.4067896229293388,-0.4222706158829397,0.41647468196818516,-0.016417937711466875
-0.19832269959432813,0.21681748680928536,1.1340719490665139,-0.09884834858401817,-0.36166367207498645,0.16282615219330462,-0.231861821336092,-0.14317174196318846,0.856048646747538,0.2095467742989883
0.15165593281428036,0.26485974895839925,-0.36112189100747333,-0.2316667446551618,-0.21035846273408926,-0.2847535388458742,-0.2735766237841094,-0.24792644113093992,-0.3778007742615974,0.21932762004238318
-0.2699225039125466,0.42918143455609525,-0.13128155653802293,-0.2779722087259863,-0.4237828912492791,-0.19728010559154172,-0.4634751801716405,-0.24808699974294812,-0.11073362805380235,0.05447144288926236
1.1995288111989595,0.03333626842377653,-1.5639431398113164,-0.3127421430744712,-0.17470756932802822,-0.27143041256595263,-0.33650399656289676,-0.4352328476695921,0.15911658026252706,0.14758689192226768
2.7436350551738284,-0.30030858533389004,-3.4188520010642103,0.30359599778790086,0.10135966430094721,0.22959403027542094,-0.2655069098574131,-0.41982271182341485,1.4467042930456284,0.8014846166626294
-0.11113529500240325,-0.11362513508908509,3.8759327181166414,-0.7745088303363324,-0.6682628101388609,0.1503668293770224,-0.18896573941314151,-0.5211787421398925,2.1400554011087016,-0.10245755815708225
0.39761687736147705,0.11869044408577459,0.2917590113828807,-0.48894537443674196,-0.2657673116242312,-0.4477697383865921,-0.4204400406386426,-0.42271508084415665,-0.7704780824571338,0.3004743032686527
1.2963858053400024,-0.09084377481856097,-0.6416474826488899,-0.3401980059063754,-0.1460405673298899,-0.06083077285418152,-0.2534356251457177,-0.38665676969840274,0.15612548496510104,0.4290608417910237
0.658218244319971,-0.012781072075771066,0.2170534664612713,-0.5995858192902024,-0.3119644701439536,0.02580412558603843,-0.22998326270330097,-0.09937816078541342,0.19136002187333648,0.04858219594581331
-0.03612352733128333,0.26416753601357307,-0.1530158249867404,-0.3101606021199902,-0.31554941231829536,-0.07035060387573189,-0.2873556744255335,0.16549788318478453,-0.2047018399172072,0.11852507677972077
-0.8260742662109597,0.3621666939801204,1.5585928099955202,-0.4549343611980221,-0.40276280175860685,-0.3406241419269679,-0.20070962607736534,0.09354168928575411,-0.600349611390826,0.14396217140576206
-0.7100073509906688,0.3295703190564056,1.6194853516210466,-0.1501034477007305,-0.39004680363786165,-0.4816269815447838,-0.36454957834271917,0.05760761906484994,-0.6318031635547842,0.3968638472652344
-0.3039821215121064,0.5649338799750271,-0.8509228160548301,0.0757131097839197,-0.20836313039343837,-0.37493257178886163,-0.3368983549364151,-0.21361859011311332,-0.7889451037980906,0.7018632075348966
-0.4642535822808057,0.5102427020110515,-0.22989692818605764,-0.2945664597377235,-0.3343248668073896,-0.4017341870465686,-0.32171544780872785,-0.1588868095034269,-0.7477796490498811,0.25279002799237404
-0.9885757809860779,0.5698772303002068,1.0852067590281884,-0.16939271419870708,-0.43809395772328363,-0.491318716772984,-0.3545978052271784,-0.13540459619476578,-0.667675179609485,0.4523312438971015
-1.0021567265396392,0.37512723438764267,2.384749328600125,-0.40901590947536853,-0.41599443774966866,-0.457127308301767,-0.09132994067916443,-0.2546614226759217,0.05145423595367045,0.1617490174345685
-0.27778404341756757,0.5101935095698626,-0.7202011753737335,-0.13617346917946907,-0.23391705917440106,-0.6307039391403351,-0.33810179182889427,-0.2620553753639227,-1.092375782837102,0.2704369609612824
-0.9122572054961772,0.5615955898655719,1.070314378202959,-0.36157061494612897,-0.4196554965008398,-0.37290062600100976,-0.2148341474693672,-0.33859150114110215,-0.3085721547969803,0.2243787292140122
-0.6445403444656125,0.518746230828271,0.4182977299991129,1.0949976196098505,0.040201772107521044,-0.4803937812173484,-0.08353100390278351,0.086759787148665,-0.8229857250811062,1.4118997233544683
-0.5595395407458016,0.4817963746994362,-0.20959149387968082,-0.12939019709408942,-0.19744599127317852,-0.2745935248173033,-0.07817357013766248,0.08277407488475949,-0.7186960499429045,0.05833816343006994
-1.0097697659334308,0.5655348344703188,1.079419162568958,0.460468647056383,-0.25965060051462613,-0.33305071662169883,-0.21783411573300787,-0.06489665074708356,-0.344159359872493,0.5351461424807445
0.1406310702211603,0.36940365482526333,-1.4018587180058897,-0.04726901305216961,-0.08710745896423593,-0.3274898681884591,-0.0751550181391621,-0.0810439827510919,-0.6136799639976495,-0.14352845158680275
-0.6871803444033018,0.34480439627573894,1.2956053480922496,-0.3390316317372727,-0.34619619151439207,0.05872104552805223,0.046107056914052626,0.030427149880805394,0.6794987564655406,-0.05832753684929841
-0.40503349647525977,0.40382476954269364,-0.4281254009698429,0.05244841008903107,-0.08606468966387285,-0.2756928673876582,-0.055823184930666826,0.282523971046752,-0.979709826020471,0.12528139864820811
-0.6738433149036668,0.4352484005625178,0.26793426406906484,-0.22181483410256503,-0.2004903322224009,-0.0693780137097187,0.03599563213080997,0.23307100397988023,-0.45080455736955766,0.07072900776135256
-0.6783256310586286,0.34615848247417874,0.9210831351708448,0.02181514617107943,-0.14763640205168832,-0.14560372417879852,0.09126165883938442,0.3183557151312416,-0.2388793622825568,0.4091753392375971
-0.49019628302571017,0.4708875554019967,-0.4906828857768352,-0.3032510245132113,-0.15963390363609584,-0.36959128128222535,-0.0010893341033642605,0.11088535973098977,-0.8985854905651256,0.061970309590140625
-0.7483823310871218,0.5893622713361799,-0.3975013680422954,-0.05526898484964629,-0.36042732968832086,-0.04399206794731244,-0.3026618772703684,0.214143521354348,-0.08364272774151087,0.13675081164759745
-0.37885051821444293,0.544616975712873,-0.5716348507760993,-0.04200134721325532,-0.3098940509759607,-0.4861178955641482,-0.37575767054860837,-0.20154873763859155,-0.5986186751818107,0.3236691136809224
-0.12282511173399792,0.4506093298965294,-0.584734039339792,0.6687226933758328,-0.029917086025460102,-0.12327785294861103,-0.09431407482125964,-0.096088120852726,-0.13516022502592132,0.8352981904923055
-0.781881980843524,0.6614665458636476,0.024979710369210373,-0.15416493548552163,-0.505593282657838,-0.1934004926325526,-0.5112040493131563,-0.2705806745308499,-0.1702222422581308,0.06665156562044008
-0.9172654479554013,0.6014314724302137,0.8930222186423067,-0.10329864951382754,-0.435863403889422,-0.3090022915820723,-0.3428443700495841,-0.3487362202221294,-0.03228966156054887,0.2489263058551373
-0.7242084299944755,0.4687302626220019,1.0861013917936597,0.10420491071230249,-0.28579922490266135,-0.3560112848722623,-0.16020005091084089,-0.2760522443870799,0.09963348686559555,0.3337280329618908
-1.0687071130414842,0.534253980326499,1.6347202569986279,-0.2514270890104422,-0.36549020518168146,-0.4992166465212643,-0.1393900541608944,-0.41719094255892575,-0.21699472120253935,0.03434453208877643
-1.2090343271128983,0.8609714558771057,-0.011724951711240026,0.09684230005997811,-0.2656264281097147,-0.5690762517265522,-0.2109517875761092,-0.4497217420005029,-0.8760863014625794,0.4967652686664845
-1.0537197965360658,0.8156911805084853,-0.28771397426589107,0.3892907656176788,-0.43023118880222627,-0.3184143136896034,-0.5210406162820816,-0.22769169458204888,-0.03324944379873268,0.2261282942023663
0.2609895555178939,0.45644222289150144,-1.5633863775713617,0.13726667717817603,-0.20937210925763555,-0.27889623278983494,-0.36964009310404605,-0.43377237946089936,-0.00272271474719403,0.11194096928094385
-0.8616330308629783,0.6855080065117014,0.2909416138910237,0.013414200146530714,-0.4608797293337514,-0.09371432537816055,-0.3238304843896242,-0.33958132594572105,0.3309458664334919,0.0798984480208455
-0.45078617819607014,0.6504594446104771,-0.7480172920594516,0.3893236959000646,-0.23899120578921626,-0.2366517248088783,-0.24780175374405602,-0.3516359957845796,0.03022592091536426,0.2486877889776446
-0.8767266798534377,0.6545469547995911,0.7282158925141791,0.2272616318347828,-0.4190959922088331,-0.08992420501719621,-0.3219139673583637,-0.5181413140991354,0.5933252766206917,0.019929730373479664
-0.6705142626609544,0.683027361167713,-0.3414350367513159,0.37463967512190915,-0.2688468432089056,-0.2724826684720658,-0.3007698379156579,-0.4476138859464325,-0.12225873357046775,-0.06235056770117782
-0.8083158615080649,0.8319514274522708,-0.8986814871465604,0.12258486872935354,-0.41829488878933957,-0.4177817960179126,-0.5302816395528925,-0.4885466826495842,-0.34526244428301267,0.06239893746875757
-0.9333434622845119,0.8580939866724454,-0.44750236605948784,0.1248914123607891,-0.4818756468871945,-0.33502004209914094,-0.5671619744612771,-0.5510927489681344,-0.12533451517252733,0.26279941330303574
-0.9302652122118619,0.7459347907499945,-0.08424266812470128,0.3926407269600829,-0.36456757912414867,-0.3912463149403491,-0.44045891901390527,-0.27578904993095327,-0.33703990567655306,0.2786243902886174
-0.4640700977535399,0.7457987306252332,-1.0806979032573096,-0.14100086791450275,-0.49759248397490624,-0.3804648979906056,-0.5662516127080878,-0.6203411789867038,0.05462697141795357,-0.018671561330414088
-1.0855926362859292,0.7601290468139503,0.6296176922319184,0.0676173528171909,-0.6291431083229113,-0.2675486333962492,-0.6066373046081662,-0.42426927324244795,0.5772561151506891,0.15787900699345458
-0.9871780983357973,0.7227053026882413,0.43823757153956644,0.37438922328838653,-0.31984620157502874,-0.3674247065668732,-0.30582609858864807,-0.3639334808683928,0.04670666884375714,0.6238524728991872
-0.33431072836672737,0.6920284164440452,-1.2009849466640716,0.7299902810310668,-0.18611897574662475,-0.36044116850976143,-0.4841971681808052,-0.5586349187426635,-0.5051149805457187,0.07322332177425288
-0.9675101362705042,0.7751161357197751,0.009851039946408336,0.28611004074529284,-0.4437211541950976,-0.23213985232451498,-0.5071622159791511,-0.36332500573201737,-0.06758933170478151,0.21919052139045062
-0.948649746842554,0.8454350872028678,-0.36102028052730645,0.18465368575313412,-0.4541896835723692,-0.471528700848789,-0.5227283565653953,-0.5637796650088523,-0.2698122473822525,0.15890443121296094
-1.1796568231474922,0.8438633688652382,0.16177334507735056,0.33610698936980254,-0.47329245078239085,-0.34230459569540056,-0.5406144550901556,-0.34226333922907265,-0.0983554983417766,0.38162051255654905
-1.1412039971832224,0.8090636753950557,-0.06785870416982712,0.4770139726554735,-0.28898801833278615,-0.4199943922796695,-0.27892990322970884,-0.28592086416682905,-0.45004642513121657,0.12309148111345478
-1.2628417847501263,0.9254552001002765,-0.3616952049140087,0.21822289200641729,-0.46982195418337386,-0.28977055833201965,-0.44030281615637357,-0.3536630207669548,0.023688070742083747,0.016244804380039685
-1.2266676076539111,0.856461898738386,0.031427436510818925,0.748762814563421,-0.2548332385624388,-0.377113260027272,-0.28064527010427204,-0.23370979066226774,-0.16658286989328255,0.6560236453888282
-1.0958644734227412,0.80473632059002,-0.5560807652737729,0.47189899781241257,-0.23293538407291672,-0.32534487924907685,-0.2570963255982881,-0.10110185836164653,-0.6861922571742223,-0.09389037240910744
-0.947944078386629,0.8503173176724284,-0.816707142477037,0.15546253960316114,-0.42066667782648626,-0.3317170597772588,-0.4416133195695549,-0.3272481682054775,-0.17405858565636384,0.03238501142443316
-1.371125667461224,0.8543282633752926,0.3464829351662203,0.5622808301431527,-0.3422909068441312,-0.25149203613967525,-0.33471589908094657,-0.22512935038438536,-0.30962586618697263,0.15918738128873994
-1.0937972664851707,0.9563235705541537,-0.720908608545791,0.12974042828784327,-0.48908437123677173,-0.4514983395012998,-0.5803059867117804,-0.5919032065572822,-0.358992059220185,0.059759390043169575
-1.4665434449394783,0.9648615887747835,0.20973444981622202,0.189254142745583,-0.5026480609428827,-0.4535630765066536,-0.4612909677698092,-0.421495803055967,-0.29961138785718155,0.2550741678231218
0.870158936103296,0.344919707125562,-2.4291327549077306,0.06905653792132062,-0.10796674417531525,-0.306755305696138,-0.2485365887132918,-0.5413324398713577,0.2602128067240885,0.24318236094819268
-0.6832904894515689,0.6384866829162525,0.595819159851447,0.36750420584712873,-0.5153156179088675,0.052393928511809525,-0.5606631621380089,-0.4842419932084434,0.6476570846994956,0.2220820424338136
-0.6207009652128711,0.6780126674776272,-0.18562839930178252,-0.029593967328615963,-0.5037709069235151,-0.2530495724260395,-0.5996890292174776,-0.48744816935276114,-0.06865456447657506,-0.0028498190804757775
-0.578738085551078,0.6153849403703996,0.059724478224076075,0.30609995311166976,-0.42844034277136717,-0.1749301168638846,-0.5793578654375483,-0.3444088902667333,0.16205675266773212,0.32721322646198386
-0.44685885687034105,0.6029679086351564,0.03482234199640591,0.13569518286186463,-0.4680716583422164,-0.25747978483520606,-0.5866726140203381,-0.48631033202308305,0.08411287523363946,0.10491993574651301
-1.2741892035901299,0.9424949807302471,-0.029896646866433767,0.36166810434308555,-0.4486092046409926,-0.5700519449065843,-0.5700485704105049,-0.4871771526127866,-0.7359167948397348,0.2858344836738907
-0.5135382055871714,0.7609927492325174,-1.0938107260699736,0.04318744581511769,-0.39936268180446677,-0.4913053827531433,-0.4818946130882804,-0.482070012604047,-0.39275808120478667,0.1421750186270128
-0.27907973523194335,0.5647510466132208,-0.36425893689087996,-0.1891651256110256,-0.4624880015226621,-0.4828152043106894,-0.4550433392784994,-0.4663103012409741,-0.11932309700336811,0.04794071614221181
0.34101110818688624,0.0025516834930370746,1.5129249902797446,7.326981065294565,1.498670952934305,-0.28408112845789785,0.39917000950198833,1.782467425937628,0.11339988928583276,6.325581709199058
0.9439292819963631,0.20674578670705832,-1.2100971174065283,3.0044015917663547,0.4853997558419173,-0.31334909769138664,-0.06216896521116934,-1.0265792692153268,0.05822564800055289,-1.0339142680693723
-0.22043887946256827,0.4438204594461545,0.7093665808454975,2.095353947653488,-0.06858811349484514,-0.12710183156542953,-0.32719028286604057,-0.8046886873062671,0.44148954445014393,-1.0128787648446722
-0.19251524019627927,0.5186321462125477,-0.10393541785322799,1.9860929020407452,0.04404868765883925,-0.3329132090665233,-0.2980561455085793,-0.7729730526619899,-0.3944092574512928,-0.8893833985683686
-0.4381057780046051,0.41876804337277257,1.3402056651161203,2.4750874045778817,0.12897487083134482,-0.40688131130845334,-0.09672528449751876,-0.9989427863712972,-0.2379664143159135,-1.7621697016763924
-0.24890802357452887,0.4042069972118408,0.8203476941685207,3.321202473860562,0.3756509132284078,-0.6017374483838381,-0.050118560558736105,-1.074923495657811,-0.7705222153294866,-2.0381335342428146
0.9267836786739975,0.11814267592135093,-0.9573409133982064,3.6281838618938766,0.6771907595535859,-0.46384099736967094,0.1601119115199745,-0.9162870830935282,0.03137396115271122,-1.3836144674225093
0.04728005182243286,-0.018464244404468144,3.201756550300012,5.147841191057469,0.7476672184732512,-0.4952552202672798,0.338576574236547,-1.9320837309582382,-1.4605395685761318,-6.392999434335704
0.1657252665631206,0.10788888783307436,1.8108815678700942,4.277304088017447,0.597197357071154,-0.9149507629087034,-0.013830258593899485,-1.7911999544905532,-2.2126037702668344,-5.455066017691432
0.5234190371890824,0.3322615986179679,-1.042363103331461,1.9952302901483818,0.2076256880908225,-0.5300364972472664,-0.28047161982760294,-1.0308117077042118,-1.3609699162265794,-2.1966183927217484
0.985990799662446,0.17146230081485708,-1.1710771889853173,0.900720191018605,-0.01983718136463081,-0.24953806151642496,-0.2925696598705306,-0.8408794273139072,-0.21087469983524412,-1.1332019963831976
1.107894806776657,0.17004332063870153,-1.2443824239025914,0.8815647828893171,-0.09068078831927856,-0.17402229590236737,-0.3590941861342573,-0.9095825717019859,0.21180765114431296,-0.9559268463204411
0.5658403557294536,0.23273996923475018,-0.14047958729355112,1.2209517185841041,-0.10112665867532772,-0.19006670148987387,-0.35164967232812194,-0.8692392255790171,-0.16654567406736145,-1.3238008052457404
-0.17101729251858042,0.3872630987307411,0.8377489508886431,0.7899066643853601,-0.3524765107774544,-0.24942102849719056,-0.6214217886488465,-0.6439390567057518,-0.45741149020539,-0.793314699945775
1.4740798858069226,0.11827805184237218,-1.912506254793046,0.8567972547677385,0.02780605610437494,-0.33836351684373284,-0.35069918338799855,-1.0299310858610462,-0.241512654809692,-0.8966250516666898
2.575342466031317,-0.2970395206409758,-2.1476970425298663,1.8484082279694676,0.3095047762522271,-0.21327321275747144,-0.20731831876619292,-1.3482624387889515,0.00374405484714869,-2.4801499716232764
2.3069954052774864,-0.27843892774564116,-1.3416464964698265,0.5370358959915044,-0.17040495164391728,-0.1612770648046078,-0.5205451440613119,-1.0053044216007612,0.834622452348035,-0.9688605995760281
0.38993292991129375,-0.042570287306684475,2.5645310888361745,0.39759085951578976,-0.4956086079885795,0.037217024637684504,-0.617279507026643,-0.7411860300872937,0.6983140628260212,-0.743294024050199
3.103156129925572,-0.5434466438879548,-2.2034305486875523,0.46272819016118005,0.1432548156283985,-0.5378249239850426,-0.360148075897352,-1.0886242790611562,-0.28506286798855884,-1.2869706863029442
1.8485202013193347,-0.328042906812658,0.2336834758053682,0.34585129521726815,-0.2820981736077371,-0.0026958476809196183,-0.5104530710517929,-0.7447360808536216,0.7988852783534326,-0.7339503157857823
1.950570313848403,-0.3084688195891467,-0.2600936358247672,1.318778389093296,0.07811853044615188,-0.3171987496736417,-0.32528033710811927,-1.08357502491855,-0.30613959869485774,-1.8303679726627131
0.6586574504674592,0.04677727382869382,1.038823638604172,0.27594700904026837,-0.4348818303062417,-0.3297006709598302,-0.7171005701044861,-0.7914511039571477,-0.30148959630641997,-0.7895477909036084
0.184154298415053,0.14803296898988183,1.5255327728619372,-0.3992318171717976,-0.5188589690608456,-0.5012966414725272,-0.6124503173664279,-0.5936255762339169,-0.6090958875140992,-0.07350884583820728
1.7864339092650277,-0.12453436699838955,-1.5015893552942357,-0.3434321435338867,-0.27347169663022003,-0.4911202856922286,-0.653852527065272,-0.6618034993591333,-0.22403140787010098,-0.04228107739848223
1.4260222615848381,-0.026683614483906652,-0.7415264474836112,-0.06104110791321216,-0.3338003297772997,-0.10398069749823244,-0.5694783708329266,-0.700935858127018,0.45566755191048186,0.011034918400655251
0.18072650286017594,0.1489623204562106,1.361096780799056,-0.1797546366481191,-0.5835976480791708,-0.37498370068808307,-0.7578470625116959,-0.36074588337571406,-0.2539935909023922,0.09720729790877972
2.0105538460741355,-0.16641179246175522,-1.5679197398315856,-0.3356424222578251,-0.28448067500777874,-0.5205778954091452,-0.6769845620707466,-0.7863657524206528,-0.06351690882474624,0.04607579815626661
0.37994251409559443,-0.037326096122158585,2.273883285807785,-0.3584196829083734,-0.6151462883636967,-0.11475077563993388,-0.6327020153779042,-0.46505733831762114,0.6336052244482121,0.06996147037513593
2.687937884195883,-0.334384631649387,-2.4246269842241928,-0.30673572553731904,-0.04935851044466919,-0.6058154170951494,-0.48189791701926543,-0.9202942657469023,-0.3197714563696274,-0.006196190355058284
0.5000688995144091,-0.009780154712748325,2.094365253269991,0.1461344919788459,-0.48282109383198746,-0.1327056905884797,-0.5760950593600385,-0.6832295274616018,0.3566342589657476,-0.04282646841651364
0.7419818670470382,-0.07419574783176949,0.6819446030576534,-0.414732508586179,-0.35322514974697694,-0.31224513630919876,-0.5459867952818062,-0.11428628588619537,-0.6440257314613836,0.26727681572049045
2.7034566927593824,-0.5023495203698266,-1.8402932570981303,-0.683352658906687,-0.07490999256917054,-0.3520994856806311,-0.32189195834665535,-0.5313788051067132,0.006223721763552829,0.09946304958361493
1.0668611100971674,-0.17126614245952654,1.0029832766762496,-0.3893197924241321,-0.48338062833014306,0.19010902123529283,-0.594384818954581,-0.2725479013585371,0.6193947345792948,0.3282748019056243
1.8183205653644006,-0.3199520801773059,-0.770650015981699,-0.5413963272254023,-0.21413815177836387,-0.30097119966567976,-0.45670923914686473,-0.2534279603787092,-0.26899068035957413,0.15697721288054026
0.7530306595969015,-0.12721735809022172,1.2643236707451568,-0.48658681698779904,-0.4400147347441787,0.054494046967178245,-0.4147693768658494,-0.17194855971375894,0.5185732932044521,0.258618924782345
1.9560554382464783,-0.35567956032873066,-0.8181861660376711,-0.6159322312000416,-0.2345419106925268,-0.47800752191845874,-0.5487756867053533,-0.3390775004737304,-0.49008870868200455,0.1301822688235321
1.01657825178677,-0.0486286233241211,0.13480322729612296,-0.44152082037925194,-0.32184954038142044,-0.1500741324319317,-0.437937310356192,-0.39323450806652643,-0.1398024601662831,0.4476381547291207
2.7310205636437663,-0.43977735479116786,-2.23865362830712,-0.5776545914469406,-0.18631241603126644,-0.16036909557928616,-0.5662511862141772,-0.5179890091638253,0.3402148254051513,0.1277828494330144
2.440301764576742,-0.5387524170964229,-0.527056240897017,-0.7453570242963484,-0.42121306100070416,-0.17637642851393956,-0.6834587062178473,-0.36610222130384995,0.4663618359367406,-0.05177732298661841
0.9577011589501785,-0.22824176748959343,1.8633476579312642,-0.5650541584252002,-0.5055988805936052,-0.10520346562173649,-0.5220648708384119,-0.24709380381479404,0.15529306895149336,0.4506562646785342
0.9635515132698289,-0.21792431040348814,1.0589510404204492,-0.7679334775195361,-0.3162842655534835,-0.37845864761642706,-0.37522586153206866,-0.06290647595247172,-1.00666339739007,0.2888618658540988
4.124774492142777,-0.9332554124822399,-3.0122595610110667,-0.9652974270387074,0.1465025709399123,-0.13982890039220802,-0.12141388557620875,-0.48775578219878185,0.19232414188307762,0.15545808669610076
1.767248405953351,-0.5266075850562385,1.4793921540982184,-0.5558143743617394,-0.4481048559332062,0.13485949879066814,-0.535544197530486,-0.1405294473936011,0.604468622527715,0.4379358118758138
2.953331201752094,-0.6999135012028603,-0.9226997670259769,-0.09159314716489736,-0.024177039695167452,-0.0667099900686023,-0.531880724796164,-0.24663578056695182,0.005700424906247674,0.9086163497191766
1.1689018642038045,-0.40330223826875944,2.45167143411999,-0.3556616746588698,-0.44508508636334637,0.2044184251494565,-0.7542881583633495,-0.2581135976960257,-0.21874176493363726,0.5030858241823415
2.727168526409576,-0.6940079382174323,0.16147158272837525,0.6181706845012075,0.11222711953763799,-0.03859578289342294,-0.5877679235746476,-0.6718400726425859,-0.2537637568029674,0.7610296413954947
0.4715357202858626,-0.15980998482384315,3.026274099659166,-0.7370692962251663,-0.5633661633871819,-0.08955167152632602,-0.47319853787060967,-0.6188704944173227,0.337271061298053,0.1815774164360769
0.9521435726349411,-0.2523063809014646,2.055102612342586,-0.13353289935134532,-0.33069974971776084,-0.3463501550624277,-0.6221229708869782,-0.585765622748668,-0.049012796677007975,0.4942336890611631
3.093196417835487,-0.615011647936064,-1.6789374837110622,-0.9307383502642402,-0.10575491609886545,-0.8021178425171818,-0.6093977278344926,-0.950897394478184,-0.9916432703089519,0.0024127321953369514
0.7956121613539416,-0.6391809256219495,5.495651273196003,-1.000201661853369,-0.7287817122533049,0.3811769112510875,-0.4666126297941064,-0.6041052129114243,2.0917964161240157,-0.008226405358723035
3.2221312206806343,-0.6310982735450544,-1.8989677992101703,-1.0148162209131593,-0.08788462425443685,-0.7605667146034115,-0.680311267892855,-0.9367332058494072,-1.1743957443569588,0.17778709605439966
3.4523806684927747,-0.7907135107260564,-0.9933494292020439,-0.7466342717886895,-0.27587459729471325,0.05033910643170508,-0.694584635357683,-0.7963704096571473,0.8160124704880917,0.34553572370230573
4.107425515888659,-1.0201747364045668,-1.1593523107864927,-0.9318065889863133,-0.31135241753991744,-0.16733247096870033,-0.760646276834525,-0.9221387574600381,0.9631280149341327,0.11345491583796719
1.4316989511659055,-0.6548791658274105,4.120960383319174,-1.0191543786054622,-0.6095703908001758,0.16281094049176634,-0.39236936774053105,-0.7310983646701743,1.5863500170064218,0.28018117175620794
2.2283176498147084,-0.3897107105672226,-0.3452601584963914,-0.866213939858867,-0.22402839937720123,-0.428413962756584,-0.6412640518859843,-0.8395802841468671,-1.0161058583018607,0.52954484152237
2.267807810678355,-0.5917252976253624,0.5772378061011834,-0.3620596898279493,-0.29717668395228697,-0.4277039041755508,-0.7702293904564154,-0.3488158186725492,-0.45598090021547555,0.7484152883950136
1.154711337338805,-0.5614800523511367,4.143154746846822,-0.7915938698334518,-0.452102197512139,-0.07326899504683966,-0.2047142428344177,-0.8235474793523759,1.5003694803552177,0.505494177209135
0.8455496333194138,-0.2234593885497292,1.7858946705772538,-0.6495923274637062,-0.37767509194234494,-0.8231144291882171,-0.7399917089621101,-0.5517437498318283,-1.3006391846425207,0.27921751608500495
0.31425712149320845,-0.42902065515388904,4.954978272968218,-1.1579582794425534,-0.5351155113948156,-0.7231958085259103,-0.29435440811873936,-0.7004176290193367,0.07978691679202772,0.025049388022002555
0.8746497949331282,-0.15719098288927708,1.3694232500862515,-0.727977754629552,-0.4053733312322527,-0.9432660187371469,-0.8225951526975689,-0.5948488514234169,-1.667514379432872,0.33727417875611715
0.7175933002977792,-0.2048718135781833,2.4827591687474935,-0.844853278517537,-0.4259093363590716,-0.4518336821921346,-0.4419193829338872,-0.8403155686597665,0.10823477045964765,0.34978484838013235
1.4864116998995474,-0.1458246092229888,-0.3111260079719244,-0.6352929572518489,-0.14203005962973894,-0.9010087049672005,-0.4968950507740918,-0.7697277337774477,-1.6833430414501813,0.6081149939999253
0.5044158618513036,-0.23210478320782907,2.9953058749074453,-0.7831553737437644,-0.5559317579652915,-0.3889228785757855,-0.5009787213243205,-0.40327460387689745,0.09631988114406083,0.2619610268848085
3.2279085277514143,-0.5084889285563744,-2.8929048217726843,-0.394540268249478,0.2001403480288199,-0.6132136009276807,-0.22731015003870664,-0.7001485063643628,-0.7432294203068186,0.9597849471113088
5.130161360022682,-1.151285422274744,-3.4929665843804196,-0.9504996301126949,-0.045902514627126044,-0.007695715915829295,-0.5290133250415815,-0.9783028079895807,1.2921329600599225,0.07899089742486803
1.7574864330077333,-1.0682672700981446,5.839110450886726,-1.1111439496694182,-0.5736441759992378,0.5348052216589925,-0.009539184553135233,-0.58799120132738,3.2250877357213668,0.22309609818849802
2.2311013964973765,-0.7430724102922989,1.6859007525475058,-1.2058516645919675,-0.2145503963407437,-0.6029124902422174,-0.3770427539702071,-0.7224673379304822,-0.639191531117734,0.2672748148736867
2.1830478752239215,-0.6035557034731982,1.1634925545283012,-0.7970323933806408,-0.154377319359179,-0.310304630124818,-0.3668756539236628,-0.6668570209428296,-0.6120669644550696,0.7239733079578751
3.435120789241795,-0.8696218381736185,-0.8104110518847053,-1.148893390421258,-0.13907958974512585,-0.5266123707650143,-0.44781940868737025,-0.7964246041063606,-0.37195150167904406,0.14914513583225075
2.0096059813090648,-0.3985133517309887,0.13987237368532424,-0.5929080864853036,-0.3535093014711666,-0.1765066891213987,-0.5935642575668016,-0.5395265625279785,0.10149828637829779,0.5459185261429528
1.8725233958065257,-0.43746248509471597,0.44180050224272494,-0.509560439890995,-0.3337086690043004,-0.5915319694836245,-0.6868553904380955,-0.3451564067807702,-0.726878710387549,0.5712013711285967
0.19913387669785707,-0.4056040017025933,5.174641135000639,-1.0223010278639282,-0.6642410022026787,-0.6820542558032539,-0.36809883726612785,-0.3823701716615229,-0.006027976138935793,0.1587626750332179
3.6641894025170214,-0.6242896968910632,-3.320191901330984,-0.7538794691622189,0.1588554182278767,-0.5485181969490167,-0.2909405564547078,-0.8360797122735076,-0.6927028241610828,0.5936271743688429
0.9368581242093375,-0.41490663215903734,3.5279498394571913,-0.7138529070907546,-0.514323143750071,-0.04441927937173944,-0.34265064819481705,-0.5399751847645624,0.9166160646082245,0.5689711670156087
1.275135234023779,-0.29147691701571904,1.230602417071269,-0.8566964466849301,-0.3543478851343251,-0.7110475946627783,-0.4811734469936954,-0.5377582677283843,-0.7758067365884496,0.39481256754668065
0.8203793041563192,-0.25158578597404535,2.138988160182059,-0.8088786888205979,-0.41286491427419564,-0.8133469743700465,-0.4853265252730185,-0.37148109355010367,-1.1460360500255105,0.41720774136583566
1.5831434104938824,-0.24003019167673745,-0.09709499490922283,-0.5979742425194707,-0.3562353396955294,-0.694347983539592,-0.6818190671843433,-0.41174488830751793,-0.9156976860504976,0.418037841766787
0.5335361643211111,-0.04191945101094198,1.2685069669652347,0.24726437742156043,-0.3006000771873763,-0.6677893410918461,-0.5967339904598787,0.06808726405291267,-0.8497185551214019,1.2507987088362906
0.15295556560973064,0.14730664932857146,1.3389441924913537,0.2101873212765366,-0.10402465830825498,-0.6491833629482141,-0.22622644199140468,-0.3446032670484129,-1.3252598392292596,1.1694512800654024
1.2980681071898443,-0.08658928798667659,-0.9040055770779649,-0.4846642057708611,-0.3655615250407001,-0.6658641161505742,-0.7905884767782602,-0.24553935544900488,-1.1209137515388277,0.026216533479323397
2.0545085347136522,-0.2774605173264004,-1.044575906460545,-0.6466249642307121,-0.15092563322055416,-0.5497614245370205,-0.2083933572335092,-0.5484333556149422,-0.42324083234444476,0.42398331323249533
2.9467949796926405,-0.6011347299606576,-1.2002938559682668,-0.23344281535757908,-0.0076524578380805655,-0.17029384612347567,-0.3015372265223846,-0.5626263943645126,0.1638207522020362,0.7007860243841676
2.4563110816115996,-0.5302472576283558,-0.05227719414701366,-0.5796726398736328,-0.22950384157311818,-0.22301089469181848,-0.288734248717626,-0.6427584556013927,0.3946633544960632,0.32098935316022104
1.6565653750236649,-0.3116903027128317,0.6454442888055786,-0.6098742380560387,-0.5569754381287559,-0.17796973305302743,-0.7760498896091593,-0.4153989098287642,0.2241433801565124,0.13690100773006908
3.9383089453432367,-0.8551123242664568,-2.3554194912193926,-0.5707546186737762,0.0300824521993381,-0.2963649043073944,-0.41249922680672296,-0.6447967113714864,0.11857600377188142,0.4443856033217804
1.2473389953489669,-0.7099653965113044,4.651225551084048,-1.0541490477335853,-0.6257458323858437,0.20839422351454906,-0.2737866241331452,-0.4576290948766553,1.8454045221029156,0.09793896868587851
1.5635571054501678,-0.6401841428787551,2.6921890519187435,-1.0154411443188216,-0.45593348903180203,-0.6526271639879795,-0.4610581492641886,-0.47540732317715345,0.4329484407746513,-0.03970945313394004
1.434687874942457,-0.3296369094316091,0.8195718156946523,-0.7708442896927878,-0.3359263808422383,-0.7488394291251326,-0.665962948768759,-0.3537220330222228,-1.3149986737861856,0.2715231506752521
1.2929533446261323,-0.5969207583738828,3.1369894947576045,-0.8816847058349974,-0.5631003891668258,-0.5128582044626661,-0.5483579167447513,-0.29136711528376474,0.6122040698930424,-0.022906601375547488
2.1531943319114686,-0.35746742141496324,-1.218548591699287,-0.9056641452792138,-0.19027007536076856,-0.9620684492929386,-0.5447931844691701,-0.4961272047337741,-1.4277515013145372,0.11217761801380097
3.3825349384210437,-0.7038680929704679,-1.9995983834201978,-0.42426887100267074,-0.1314305632607282,-0.40032207850373824,-0.5158186335835018,-0.4302993552839925,0.36320702318152337,0.3987201729956285
0.7949079487603761,-0.3460935913702001,3.1591011528586908,-0.5511694772626021,-0.5937058575145985,-0.390208211967762,-0.5717797867786593,-0.1579645989436993,-0.08244384730917505,0.40142873774102167
3.3272545781417655,-0.5618987651332145,-2.568640953385413,-0.5705773960939803,-0.05963538274507477,-0.4896554739796311,-0.4903128314901032,-0.7144155611038762,-0.232347708589203,0.3923855639689642
2.1188322941149456,-0.40575705970335235,0.14674114121373205,-0.43221637857317596,-0.202335678058895,-0.27784265230128935,-0.25441934867838867,-0.5456779995713377,0.1079305356151306,0.783882815626088
1.974036592938914,1.8345012309422124,1.4200638285196314,-0.8109957306371052,1.4604265013528661,-0.42249463471059934,-0.7447581473267291,-0.2630970413277538,-0.46310766872320086,0.5261836259305316
2.344995158908525,0.6622563282779172,-1.8100312066363664,-0.31655254577568126,-0.6044331868305527,-0.015685749667762486,-0.23723654772601574,-0.5583625470391209,-0.11265875029378798,0.33225079388941053
1.9390539799009203,0.6014881913051047,-0.13725582378970844,-0.45857376114646603,-0.7585852533798402,-0.29139674839263563,-0.27156762673140755,-0.5439625609583192,-0.2940701529346645,0.1702913164174898
1.150707622135882,0.754897101118821,0.9082105109624369,-0.3319526994539055,-0.798077076605273,-0.404282694527526,-0.2502133006862007,-0.3395785244087017,-0.7606446885726473,0.4165158535574696
1.30022298746522,0.814329461877133,0.23411463145972372,-0.3030680696635535,-0.5804162986079857,-0.39682682915187734,0.06679138739819576,-0.553022417441905,-0.9195769060099104,0.6072094994120983
1.7917317267552129,0.6093007488202431,0.11702459816699241,-0.11323258113819597,-0.5766490132031297,-0.43871043349178535,-0.06769398981974552,-0.46360584675491306,-0.7010687093303604,0.46908197951926084
0.590203519791663,0.32122229488957343,5.487884899346223,-0.8810186700149645,-0.8981102390639157,0.04406652821624124,0.3268442893441499,-0.5016078784708289,1.3858835094909023,-0.08446956357117065
1.5139722540831717,0.16077509908765034,-0.9927852160477879,-0.3682318461099421,-0.4287128660602692,-0.8426454593599418,-0.7459269037906117,-0.14994630103400708,-1.746243204627055,0.221374774844874
1.560165280525386,0.025784949238922963,0.36562350546147643,-0.2392956069455648,-0.46924671363507087,-0.6283633864646752,-0.48506795960292004,-0.28878956486449553,-0.6681550346946951,0.37356181318567466
1.8020445515980752,0.031135552468336377,-0.3660925942426461,-0.4341278448112052,-0.6905371352786355,-0.4470978413046576,-0.8000836610618239,-0.2762915593259326,-0.003161166434428893,-0.01155768675966302
0.9412168919324325,0.22425354226915237,0.8065024700325839,-0.1927278554779983,-0.7199797178809867,-0.44570612735029447,-0.7700504322196918,-0.13327552552318653,-0.35284552463694074,0.3107518742790619
2.107150587542194,-0.005002297476717756,-1.1212658465878989,0.3069194560103202,-0.35717295354885076,-0.6242061871822477,-0.6647621312111885,-0.20477445998444468,-0.5905688675871981,0.4532676820241308
0.4830260512363556,0.12580015097234112,2.8078500660939114,-0.2398492747715218,-0.807575753727537,-0.43986680935071565,-0.6023865263946747,-0.14764354160442367,0.0758616036753537,-0.060118419006119535
0.9679396859726063,0.24725180014179512,0.558897226573322,-0.16313099819962731,-0.5059963905453788,-0.4245264153883193,-0.5076988463821532,-0.319367769550644,-0.3723156421470015,0.5130621761844887
1.490115968870238,0.16262146989350826,-0.8275663862254681,-0.26781492472937074,-0.4581855393886751,-0.6373214873676243,-0.6499578916854617,-0.11371291736426374,-1.1388862677157197,0.32873587297647916
0.38274604441524873,0.12345363981680321,2.7528139664021043,-0.37520039814800527,-0.7139218868202765,-0.355821361513397,-0.49495435247970887,0.013414581826980083,-0.20237552760074193,0.16787789108948545
1.007726551459632,0.10924033244521503,0.009315925269506494,-0.11427801065197311,-0.22037463892818798,-0.5464574639863855,-0.13813239339346584,0.3554870827399227,-1.5811723788186545,0.11371915139561294
-0.015080434920750941,0.16065937996876525,2.517179892584689,-0.6119088754272889,-0.49875559581104484,-0.06965471897066886,0.05232565605154364,0.5673020420445161,-0.4689665163982505,0.0021254047945778224
-0.009354495458723622,0.077705235438012,3.1788977143195702,-0.634703080895841,-0.5225527749700083,-0.4806400918813441,-0.005800958389397525,0.42520298649481736,-0.5107844465292201,0.004640007968987965
0.42625271002027787,0.12200186510102654,1.3100656093415834,-0.21830030343384907,-0.24499796717469868,-0.4071559907488634,0.12956752228861942,0.4943502768295334,-0.9025898773616992,-0.08021559499615878
0.6580931805759802,0.2688231377166106,-0.2525902391908365,-0.40988914692284284,-0.1787891626176401,-0.36799411950092925,0.11729616205869917,0.43392787184327913,-1.537523516629333,0.17009910549450646
0.19392474306408322,0.32776870185655943,0.8619818672122599,-0.20301311155179286,-0.5966780344209908,-0.2823933378398681,-0.34630453744201395,0.5688763226612948,-0.3821413889406783,-0.12412848480972367
0.36701292900965865,0.034108759738228266,2.0349674847578814,-0.3857171867469112,-0.44174780622873266,-0.11396213650569786,0.1074936134630077,0.5757057547252575,0.6232025782175654,-0.30116846897915656
1.0211288237173397,0.17812861808057687,-1.0531647275681593,-0.23589854329637028,-0.1654528575253224,-0.5322510379052074,-0.07137784964582385,0.5899169831561782,-1.6716500498048847,-0.1597994140103166
0.34932842240509693,0.24148193714480307,0.7423135938369456,-0.39212760297684585,-0.5084542160556681,0.05116692945883555,-0.11240735225862315,0.6662657624463936,0.008926008496713081,-0.23095928638317353
1.6233058975719423,0.07852688946790976,-1.5421856988142086,0.08156140194655348,-0.012423865879410648,-0.3545250584063961,0.15633513850977973,0.29146403454090075,-0.9686486705873298,-0.06441556687312926
3.1697592463100634,-0.42144160587442103,-2.3302304838639953,-0.5905985107208216,-0.05012684992371939,0.0034880959983624132,0.2347198398759137,0.13811366797317765,0.40590520394617075,-0.2669594244398634
1.6477537456547329,-0.18531970836316797,0.44204057925133494,-0.23568244215003675,-0.4650819517503488,0.36279308807467053,-0.20788587122922106,0.5942833830335932,0.6275179625665239,-0.15618797464051384
0.6571026014496797,-0.4735342192706422,5.079628977419123,-1.0415096971028484,-0.5437279061036621,0.23290641752063385,0.49684235898167944,0.43978186376727413,1.8758106952951714,-0.5914621542517103
1.3724460508879444,-0.610605656115514,3.647923524755144,-1.0592904276710973,-0.1863032723935156,-0.09486578942602009,0.6559400885841675,0.32326245994044867,1.063567627033186,-0.36325414189673305
1.1820564328477203,-0.8361592649872674,3.7332674205843324,-1.456793731317062,-0.09221359618249521,-0.3628005981419691,0.5144697703448083,0.07936653450728949,0.47006410539756865,-0.5573365967981379
1.0307168551073682,-0.25686555352051615,0.021085192212375776,-0.6503977615644903,0.1869886781043667,-0.3296700015668727,0.2607979834305593,0.29402134854699685,-1.6716000493208385,0.162302842058772
0.6300757227431767,-0.309519386564328,1.210981251898467,-0.4388872786931271,0.07185646794695652,-0.013874413780563064,0.28095929323544744,0.63817988013869,-1.1507859460813044,-0.152311243517842
0.04034799223386355,-0.5693770804796068,5.073647695197045,-1.0543677982768247,-0.32976957566852455,-0.26705378390960977,0.3995508255377511,0.30675376155738004,0.7932817276552855,-0.7085079300336617
0.8540141007909896,-0.17044365374953735,-0.327719827660031,-0.6043281674901441,0.14586649905656845,-0.5240924858082304,0.1901157867911614,0.41229453063670085,-2.009773029219488,0.0032931965105781106
0.5610243369187168,-0.03223024526498846,-0.12203045402482916,-0.1395999150939359,0.1617044763600419,0.14086140207768535,0.3865187145097046,0.5639432448028197,-0.9249736505321217,0.49459249995796245
0.628147045122388,-0.3032585445055441,1.3758204673282455,-0.746756879570208,-0.1102008076842596,0.21137156525557052,0.45823359768053146,0.48581205065893895,1.0147514230132069,-0.309813103724376
0.5433788426665315,-0.2141739925589138,1.0622888229023328,-0.9235896086427565,0.0644614855464046,-0.22415462895825622,0.5596218936128874,0.29985593807650385,-0.44783386202818837,-0.043195098602721665
0.30719993366725645,0.013315809135831073,0.05771547276410709,-0.4875217960842956,0.07509459069347238,-0.43965334738517875,0.28083633900678306,0.6052284618639014,-1.7701213556336206,0.35132016863015086
0.8601304553171074,-0.16013607824122292,-0.10735598316772728,-0.15724436211618006,0.10450604298223491,-0.2678756578919873,0.28278349799303637,0.5190098654601867,-1.0319420320542585,0.17497679649552764
0.3602566795683489,-0.3712772026445411,3.0952793326416264,-0.7207185384129605,-0.15183469008993955,0.07727428846900339,0.5901135200712301,0.23458400587212766,1.179647924763761,-0.3213432306016554
0.23809818263296278,-0.03221758041656005,0.5168986209386552,-0.6306019488652103,0.07237661332200312,-0.5136125521356173,0.3080753315679378,0.5481188051601784,-1.927666731320109,0.1599195162158824
1.1080887276255407,-0.1743035464592853,-0.7696109047430879,-0.18032287437033923,0.0607035825875717,-0.25809134771801223,0.12364674468851873,0.55847900674691,-0.8775443575182474,0.19302590193221547
1.231104187456269,-0.08745725242901785,-1.0465496248680672,-0.24947472258476097,-0.05154242663520224,-0.07532313424269607,0.02367891827221977,0.17938039789668375,-0.24882363529449772,0.17032945648411557
0.24562792834894437,-0.04012244371408153,1.4290672459964302,-0.493431028349495,-0.17867638880892292,-0.12777227994344195,0.22698891114140926,0.22354668898788277,-0.11458052280460367,0.10691877008453729
0.8420811173674947,0.017216696691367765,-1.0703821499407398,-0.5555190384183575,-0.11322912502134455,-0.4880205905014615,-0.043332996158669944,0.32581869502658617,-1.1320028398841997,0.025849938585501647
0.4035900567391673,-0.17185331948830707,1.5607015675808518,2.3492073039022734,0.5122654242279581,-0.294106268853466,0.3094418428170403,1.320299599421212,-0.8974517228202424,2.729139542405004
1.0816637168146683,0.018026325180506585,-1.5382570716806099,-0.010469790075390843,0.06298730747321084,-0.18884648952193872,0.07542251664560154,0.12195967756325962,-0.8253675489878395,-0.18255452089204371
0.8499897945689956,-0.046810743445412785,-0.7105613716586117,-0.04934278729355706,-0.06420401869791029,-0.06705187211539274,-0.034543188513629725,0.43305707507026175,-0.6090987188483119,-0.16292050331728342
4.179094865382652,-1.0565545382525623,-3.6870881739813766,-0.7855986290612741,0.315722206347929,0.03439108990652445,0.25345087970162905,0.321818375944909,0.31745012571519926,-0.5215978186207431
0.8745933684677544,-0.6102916132945344,3.2607132060602946,-0.9154277780148756,-0.3773264420202079,0.5233940346531354,0.22251200944119068,0.696387802137506,1.0467751106697598,-0.3119541656465534
1.3754942250845752,-0.5545249237615503,1.1721903202312833,-0.9067277402353476,-0.06079925421898368,-0.0052280855159977414,0.27335033207477316,0.5362814186905369,-0.22408730699463808,-0.10373567671040775
2.7902342607267756,-0.7523363283297115,-1.7370053740268168,-0.6250657322765644,0.1462098528849355,-0.09884257653133625,0.0808098968932606,0.5591196468751883,-0.45540637323406596,-0.09996301119189123
1.2334806387140032,-0.49948653706668983,1.546426011881425,-0.7527369522004935,-0.17450649814417818,0.2390231988442544,0.12803590256761094,0.5955672311767576,-0.09172571374092602,0.14644935591631025
0.9530868485350825,-0.2293168152072164,-0.18552377316764904,-0.4364545063568755,-0.01017111016515245,-0.2507353047541789,0.10092722879146782,0.7178085719597622,-1.22033703275209,0.038684950157637496
0.16604070578016925,-0.2291144442821431,2.26706745773625,-0.37944500134502307,-0.08707344845751479,-0.0645912124493733,0.26497163694457654,0.7208805244791774,-0.7591757252563927,0.18513642993815924
-0.30481906770824824,-0.019067418494676962,2.1465895509523483,-0.7259544449479962,-0.20162685445121978,-0.5703732920300124,0.1209068076387263,0.636245672599849,-1.9483872306026988,-0.08394584349377344
2.946184477887451,-0.5926463749843077,-2.798760225820431,-0.6340628312164235,0.24533407038135163,-0.2355548074403159,0.23260448991136443,0.07468075078363783,-0.40257259617379143,0.012069799590373225
1.6018542452522566,-0.31842453419446776,-0.5695512464067382,-0.5779620020626536,-0.30560456939400543,0.31074022991959144,-0.19969950435683773,0.39795257521437355,0.6485370441693472,-0.1644290152927789
0.8143676589220806,-0.32287302789559663,1.4446605530915322,-0.6750400616102035,-0.40373315238230595,0.006560560863350936,-0.21049284096276985,0.5480590490303628,0.38504274195002053,-0.22091504983508814
1.0936169642191704,-0.17133651135272226,-0.3594411196591041,-0.1100042782855028,-0.08899931043371404,-0.12429240117946953,-0.1994247286068969,0.5276385276428723,-0.6521497485164554,0.35648151579154325
1.692742433915943,-0.3508952554178815,-0.8671205774286408,-0.6447321451474993,-0.04342905107809563,-0.18155906989855602,0.016907988588479687,0.32891425511671246,-0.590514930151177,-0.06177293091535669
0.10333499044697203,-0.08280088352077138,2.0365448691093797,-0.3622027307804513,-0.24187820365855822,-0.029855517975192262,0.13106598140879652,0.4200271269659508,0.12113282173371566,0.24079693900011623
0.4292539860499925,-0.4386231250054831,3.12834052937032,-1.0160449649662104,-0.3072283484045942,-0.14047336411328534,0.23267568498992866,0.26102739474904485,1.0154745358308754,-0.5776090798364351
2.6214005520001407,-0.5899330371234848,-2.1463559406511385,-0.7126878928761843,0.23086826984298264,-0.6359977808145383,-0.02791411275350998,0.11869699321576284,-1.6228822445298134,-0.0875134001827469
0.8844218287417824,-0.28582501115647685,1.410960844704595,-0.7532913955936076,-0.35392780128529366,0.11386797667403492,-0.0977963769454948,0.3502573273873698,0.06935577540534277,-0.040219503253981805
3.6206787591772356,-0.7580325136107934,-3.218504504300087,-0.490124684605475,0.16098106392591893,-0.06593936228853092,-0.0782469624109134,-0.013869217870318615,0.3136367288004853,0.10279454429907407
3.7931883527128303,-0.9977262451830692,-1.872924964659476,0.007354071354039578,0.1580569684681521,0.19002538656702878,0.0058416571298801675,0.15512083373133215,1.0949234326352413,0.12959124997225457
3.885308399992695,-1.0985639410582455,-1.4142561947027106,-0.8543497884785622,-0.02098897477689358,0.17716223213158638,-0.059665141566911786,-0.049382477539450326,0.9145299028678842,-0.4108841046594414
1.826422565061148,-0.5926597742438214,1.2204604551715186,-0.8362377506517599,-0.2851378490268713,0.3866729051468493,-0.07252522306420729,0.2061163910082893,0.5231438999843253,0.12327871427419398
6.737043421349351,-1.5719885952640145,-5.996332901324498,-0.8896021533912029,0.4312372478785496,0.1957636404941644,-0.11194982759233503,-0.5752733099508833,1.2912942335256845,-0.040334829838281495
4.939760823513315,-1.5330414250257365,-0.3703047125523643,-0.44125461587317966,-0.13386233666085226,0.31672836856914705,-0.43462359179707033,-0.33227830228545335,1.928126808223172,0.10446139564586787
9.756487788079918,-4.022511532677372,1.5537823418435466,24.17640996642174,6.903668012411639,1.4903336835827166,3.23782523174169,1.2985515890318182,4.068122300296091,4.767076307066926
6.792060053758456,-2.5332379805220904,0.911715078655704,8.85627112139713,2.4499696695172792,0.7978921831175353,0.9202372156151021,-1.7890844928114586,1.9540346239337965,-4.617666054686409
6.136559590253124,-2.34494954277151,0.9856677053496031,5.690198318199335,1.653468218651245,0.3545515922664029,0.6090330555262256,-1.3155139603356636,-0.1466330925942252,-5.936590835192052
6.449656668827328,-2.4835072564723975,0.5844601990366329,6.728994047745194,2.1293711273381306,-0.03247974071497403,1.0601230158693957,-1.56723088608642,-1.309663041392616,-7.616222146716698
3.5966777463362107,-1.67469323323546,3.307970139759549,4.488088484307861,1.1554444047140704,0.6644418442225943,0.755986854108206,-0.07712609773489734,1.9457271648226093,-0.9879889395951816
5.5827434305015435,-1.839668980173354,-1.7095458090044737,-0.9353474827907875,0.33473593765960474,-0.4437100350217803,-0.008956684271016136,-0.1544618551416997,-0.3371218200189498,-0.8151059377229041
2.801336142717601,-1.3669888691224308,3.5217664983950705,0.8521109758488,0.11078352549710375,0.2381776534408189,-0.04040068847978788,0.4512500421744616,0.14167333443398533,-0.1402189374347476
2.4335018153266708,-1.1425942433747842,2.1417237360545625,-1.5539092360092555,-0.053526593715290685,-0.13903704559667054,0.15893328063585171,0.5426282320530176,-1.3461941776218656,-0.2014083136417235
5.182097051461632,-1.6899920900919518,-2.1531428514500712,-1.2594231385202994,0.2554851888612083,-0.126771293472587,0.05527216372624809,0.38245358623158315,-0.19990746517447106,-0.4508162080538414
3.7932939867539854,-1.9037974748683784,3.415278503143316,5.446206250262302,1.5240180545022415,0.2113409579807202,0.71574769539323,1.391555063509446,-1.3372292425054886,-0.17815663089419337
2.0903348959755967,-1.0622431809242388,2.1928285541333548,-0.24970134131048327,0.1839352462361711,-0.31808678020433684,0.2521444637451544,0.5721686941003645,-2.080754216163156,-1.409328745013182
2.331125393530755,-0.8824456038693975,0.7170578339166097,-0.9136522381897333,0.0029800412083357763,-0.08092349476093544,0.02832803840476614,0.48715726574160595,-1.273846797463505,-0.24369443738511837
1.581379109362059,-1.218522831377839,5.213035207181733,-1.1802095780127388,-0.26491384154351494,-0.31944744868588737,0.14658577690528837,0.5333226468987187,-0.1702581757288336,-0.48434865753205
1.2957776300021386,-0.5135838983482776,0.6448289694243106,-0.9295340331418145,0.04311712011337991,-0.628641465756568,0.003415312494191749,0.6371798938390878,-2.508972093981477,0.19962878719543645
2.0752138721777205,-0.9196279615338858,1.052078613108399,2.5210678010479337,0.9603813434624046,-0.535948228791805,0.534655877752203,0.9916458462788725,-2.5197424762191294,0.30158608772058537
1.4910971751886988,-0.8596449637743852,2.46548999196307,1.306213466248223,0.550312031904593,-0.689232873676317,0.5207164048927572,0.4169184717992098,-2.644558952724975,-1.6675218985999063
2.5386633314508322,-0.875696263834527,-0.20810551038165268,-0.4689442960389834,0.23988396213489982,-0.34753241571133636,0.24218043684788762,0.33632351000515914,-1.7395663864641169,-0.9392521237715417
1.7399694407930866,-0.6277915982312074,0.649837854550568,-0.49176274622178384,-0.0688277164288964,-0.299679962023223,-0.05306863054506471,0.5240368145664164,-1.3838322645892607,-0.3657622091249011
2.1743314142097248,-0.687005261065672,-0.12460485102364706,-0.9511935788223609,-0.05126297054087952,-0.415740364681511,-0.06049864207154401,0.4379976938128614,-1.4126591616906132,0.08079049395878703
1.5202763270728235,-0.6512614081087955,1.5704206064158686,0.14796749565693285,0.22130202211029876,0.16177011552331694,0.13962140252154334,0.6866912790700719,-1.3951441659808916,0.8148400805383851
1.9194097023022267,-0.6325556872505036,-0.15746096207666285,-0.7129595205457899,0.06162859008865279,-0.3640441656053602,0.03553852675265266,0.6696854652014239,-1.7732612102021303,0.07412576996042762
2.1089944028062146,-0.6462244540124821,-0.6177694563963231,-0.3404111428929529,0.04095635037759124,-0.40862095261657083,-0.08641070311547165,0.7138118087484374,-1.4643482715215674,-0.12032454377200688
2.5294365820090623,-0.9804059528309942,0.5995688329425506,1.4310437564517349,0.7257561353922262,-0.49615097025608745,0.5512456974504039,0.6639914968859713,-2.0804352837785554,-0.1794924190853884
1.9133153455760488,-0.8873111406465616,1.8214133611641183,2.286251981115389,0.6513689295707481,-0.5095965526253325,0.4229022138075181,0.0010641517432231032,-2.706350240542086,-3.4701070290318268
2.151596088468248,-0.9535382008205181,1.6865369429854487,3.17060390429143,1.0575574544613875,-0.6133039972138211,0.7621336592447094,-0.1799138649626646,-3.0076040614365467,-3.35582430562987
2.068276255044192,-0.7381279061053436,0.3562217504300123,-1.0637250654831323,0.0410584165267822,-0.3648760601410766,0.23480229338860922,0.4617439257398335,-1.3959135715018487,-0.11289662380855586
1.038883972998818,-0.5281550154915876,1.9873309604078235,-0.27301097613018416,0.07872912514952718,-0.1365596279442627,0.3271486558799008,0.7693993408065282,-1.4406412727591125,0.45881788895964615
2.7247225890736075,-0.9706836058369795,-0.1695826373284354,2.046965124249379,0.8750344284721556,-0.40047315856930704,0.5194245320009089,0.4035965628578961,-2.199937451534164,-1.3923549230024959
3.0217217621691232,-0.9929088665634535,-0.32473840492512557,-0.7949662695423644,0.26376537520297794,-0.26756361875729656,0.4907285730657786,0.1344664671539376,-0.8673840753776233,-0.6055780203464265
2.645001708654215,-1.023567612808802,0.9885826110247774,0.19560297442189276,0.300247775452997,-0.02531136591450037,0.43024097898079544,0.6171056827190577,-0.4372380244357302,0.08209248774947865
1.6521752620097043,-0.6608232557831477,1.332189006614196,-1.0026017359206654,-0.06330838715799765,0.07857800474453147,0.2831683498974204,0.5815540048566107,-0.5626392762120016,0.19462349815762878
1.077151996365064,-0.6551223560951336,2.46465882560139,-0.19562217982871594,0.16294674955993174,0.15856709581617445,0.48732104665722126,1.1526767706207945,-0.7901624638024343,0.9847238918783543
1.5069647800892674,-0.6458655275612932,1.1082879055003083,0.37414906070339,0.3637423888032577,-0.0842947478026995,0.5361138870216414,0.6909312637520089,-0.8848878247302499,-0.04454691368043756
0.6223385449788887,-0.21849880109171804,1.0372115001842444,-0.408237216980398,0.035704117657310575,-0.12037243991536441,0.3588755965138148,0.5827759067798507,-1.130898564255877,0.14728450221587558
-0.8712189579070638,-3.1279470037047052,2.66547434916424,-0.5379970168198912,-2.5173115418560914,0.15381890877044135,0.964526117923061,0.6139163931824871,-0.2858731471428891,-0.20117832357751578
-0.876365830676825,-1.0552548007328049,1.5937600724070289,-0.6829693206308239,0.4484000699702347,-0.8122035145705113,-0.1258949263892539,1.0693281477354175,-2.2960908649620864,-0.0525273296751842
-0.6150255849522274,-1.094810319649695,1.1461992398249559,-0.6550102755708236,0.2921350822759144,-0.45499463286918673,-0.32790312605928845,1.2066458484366531,-1.2201889408456732,-0.028731541830767048
-0.5710270311261995,-1.225762884521239,1.8937985492519858,-0.03506318254173713,0.5197759294938853,-0.4157616167982879,-0.0562718592306563,1.0858444021582523,-1.0531504810786056,-0.43115124663541543
-0.8660795142410566,-0.9424010718985774,1.5352429925407516,0.4899016153617307,0.6480400033517031,-0.6901330925483072,-0.03836532333277388,0.5355846067419485,-1.7829042903596004,-0.5409612838621718
1.6828044818184866,-1.4512989525660367,-2.576354617438356,-1.0125433361726908,0.5219327445465036,-0.3636037654915708,-0.37407233029983494,0.5712905274497859,-0.6010406696199875,-0.4077504143482944
4.909336265822832,-2.579294797634142,-3.268466390471691,2.022381627742413,1.462825970625227,-0.05525449040792227,-0.12125234546692316,1.141584028574051,1.312072392565641,2.726438929195897
2.4305607605404353,-1.0689373873318282,0.3863326202549622,-0.6802223222608816,0.12496754633598642,0.6591034527229832,0.1522558333093585,-0.2881478707066799,1.3665870934673254,-0.3436481851384614
2.751646309796012,-1.122216042638053,-0.8061669702286274,-0.5512199672010599,0.30000096607592547,0.35502399537059925,0.013578689314472122,-0.05244902223523142,0.39471916171507276,-0.25942249595367783
3.768010577831798,-1.4207767360536396,-1.7424775365696266,-0.6495451547325829,0.5321273647953979,0.2835541026765852,0.2870278504587016,-0.1945112275287563,0.4953399349923782,-0.4274176780212893
1.6591778020554757,-0.9249645898289918,1.2869216796675738,-1.0896871534958206,0.03329043307354085,0.55441770907113,0.042006619967865935,-0.019263461489615184,0.42112852662458616,0.08993852145956181
0.7934212308864692,-0.6612118627773432,1.375553691164927,-0.2440361059822362,0.33596008645858866,0.1286523049475778,0.17274119158019047,0.3312910584663102,-0.7078876920941563,1.0615315317607594
0.36849943571987576,-0.5770077954396038,1.6898250148210374,-0.6419132515284134,0.21221692017355548,-0.15225924260545737,0.11913239089155762,0.24450710728266703,-1.5504478859366808,0.03396984177042449
1.4625526951234977,-0.9273362668322442,0.6071902308325734,0.30586076385890654,0.5631882872038078,-0.27859627980242757,0.22189329410271955,0.3863121770858047,-1.665363460375888,-0.3613467849923924
0.7023959684455269,-0.6078313361341495,0.5894755743746715,-0.13610778343257662,0.41066905861024683,-0.1209337391082155,0.4396990436916574,0.2595733001264604,-1.3520532363925337,-0.875199809909746
0.1581752804331857,-0.430194936543168,0.8418779650442659,-0.8888679035648556,0.11897860791235002,-0.01376771936288815,0.1921332879960563,0.5435947653649985,-1.1926965672760166,-0.04893076322362261
1.0754418587242527,-0.7596553644452331,0.4586169086993127,0.9464254967709339,0.7434702954437786,-0.22287196537547865,0.3812402374769467,0.8852051465924925,-1.5209363267460871,1.3381328170473332
0.8687961905955736,-0.6224419759443318,0.29140872916913324,-0.06774623089967381,0.4719081838816801,0.018570339988214026,0.44655787284063625,0.34893518538646107,-1.0197105483473219,-0.10911124079967288
1.6864788040091923,-0.6900222152855146,-1.0967739417469828,-0.7531413649547496,0.39052840292617025,-0.03623308184752777,0.2607709138346062,-0.034969983910250114,-0.7604331549559159,0.21353222034273153
2.927532448388575,6.308720263751977,1.3922228896116398,-1.7404680134838677,5.974659461829214,-0.3353610887408934,-1.032802289897678,1.374861285181024,-0.35232786492465235,-0.08360082181522657
6.103887686707663,0.9134605635525573,-3.538511398941736,-1.4621564054562912,-0.30630666209483987,0.7248192252877002,1.9497409837259914,-0.4309007385632791,-0.19584990599444435,-0.2544688976061847
4.405756953398361,1.091120887201038,0.7948621842553139,-0.5689304521681187,-0.6168917932883317,1.2639492020653762,1.8974678633358182,-0.161078447575649,0.6572841138093827,-0.048121706911357275
3.892856706482403,1.3270046476649622,0.5784216028701844,-1.257438049297731,-0.7983744834732412,1.1303362344435535,1.672027117538766,-0.21697504093106168,-0.007854221182373718,0.004528308125495336
5.182313688441149,0.9652542187769299,-0.9837877379218237,-1.3223033907470945,-0.46567092265573184,0.9714515729425159,1.9025731330638527,-0.20357398114474762,-0.19377082348295155,0.1840796429492718
3.4418714306606453,1.2448336331344354,2.5361056058143667,-0.2603855000297862,-0.5699575863245762,1.1727599900298304,1.9132688849159116,0.2591551107884501,-0.09603973955891952,1.353888737176592
4.643124215553033,1.2428148939322754,-0.8757887300913331,-0.7907167664944985,-0.4884666322688851,0.48229055631160667,1.709307619534365,-0.4464572325259233,-0.7246436009125466,0.5659760107500936
2.298653241012109,-0.26324110935384887,1.2984373622120815,-0.6140226538931945,-0.7357696127274869,0.11015923394246471,-0.3351367130689885,0.8146698483614188,0.03142102168462297,0.05490193636690504
2.1214511848152595,-10.385384578985652,-3.085126925428326,0.2315801724269552,-8.229172502845659,0.3727857816547766,1.4492717040241945,-0.6792740903482505,-0.32754212287310447,-0.24060082013881606
0.6723438626905545,-4.108699052724562,3.156976502581753,0.5027554512115354,0.7573707486033213,-0.6082820341192875,-2.4535588490551463,1.8993041937132435,0.8949019689292949,1.5532782143195774
2.2671918775974067,-4.1568536914176,-1.1732446602920454,-1.338954860649556,0.7557747631395075,-1.3439523845095906,-2.472174255206936,0.8266584452095158,-0.1675508502918297,-0.4619948899636923
2.5485698357587045,-4.391548753403581,1.5168853561475675,6.071349485530564,2.1553102935111723,-1.0628775374354653,-2.01167128491117,4.435561888030316,0.5350605410392605,7.903237109464997
2.3847950528149697,-3.849262407003226,-1.0852087603910407,-0.8605756498746119,0.4706146740821973,-1.1145101701255251,-2.6172321590627132,1.2773688953906728,0.1386243783453504,-0.3615952945003633
2.226259426316133,-3.9530248595312174,-0.9646997391643869,-0.916693110486742,0.3501795197477306,-1.1977452794400278,-2.594111055121118,1.510138821733653,0.13797211631360257,-0.5089118529359554
1.7686419984915402,-3.555891658426256,0.05751643695045596,-0.346265705016929,0.5837176879000056,-0.9899417327870715,-2.7470332313914843,1.6669290783630157,0.40436175419827297,0.18750767873777338
4.789705395467819,-1.5218310042579537,-1.3556348786087926,0.09881861613775025,0.9199581428039998,-0.2863980413445921,0.15474681416821526,0.016127750700251284,0.16406516524991005,0.2009234105958681
5.74179811539734,-1.1308384839640113,-1.809149787592475,-1.7199528017984835,0.8723175270816459,0.11980596160038817,0.12404872965291404,-0.612423106487297,0.9929324607872888,-0.21602128947238192
4.859841825748887,-1.5637493742354722,0.5634066883269104,-0.9989228850346902,0.23577889663119522,0.3360039046970088,0.5313892458036544,-0.5444389416757693,1.1158115497852337,-0.012011828486120904
5.478231106763293,-1.6457774593712031,-0.9412110985437635,-1.4274695314618704,0.20926048902772915,0.39851977887528056,0.3490068129678441,-0.3264883487259128,0.9992955733794583,0.16208360614881712
6.170635799114283,-1.9217705551560165,-0.8867426792321192,-1.0543020045603804,0.33369298872886377,0.3911630182659487,0.3062680552664903,-0.2915403384425709,1.1984897282380969,0.5295297747845372
6.165974633914282,-2.0178562881384634,-0.08538179958738087,-0.421572171091586,0.5067103407987026,0.3660650437601708,0.5229271066196917,-0.21267281459434684,1.2274672829283204,0.6424977614125847
7.638762718125989,-2.318932739920163,-2.615066190559635,-1.4453680799050501,0.4038726898022415,0.37133633761171114,0.26329293646428525,-0.7437707369292218,1.5178746485033014,-0.6895689825544233
5.600093648389233,-2.1071913177608774,1.1382728271774933,-1.3243371464385694,-0.010069781120252164,0.5923407129417407,-0.0907930069167625,-0.08721374409655369,1.4096091179237509,-0.10054495567113925
6.319241938995399,-2.457321688166557,-0.14378398289312525,-0.7691778894770612,0.3778799347949357,0.08932856339426806,-0.13101118648398039,-0.2430392600217962,0.766114118177342,-0.391888359968937
5.313359141265888,-2.1968333125889243,1.1729676652561907,-1.2399475812150775,0.12641083546537288,0.2501492193878068,-0.19888479446015678,-0.2556190914986354,0.7111083924579519,-0.16167632869104276
4.351616426867104,-1.994427517104602,2.2531901657017794,-0.3360843006422125,0.2687665381181059,0.015706869368986826,-0.06176981678000294,0.0952706812187882,0.0675054385646124,0.21373485576014795
5.102978476653645,-2.0105339815824474,-0.18635098962116395,-0.6477763591215091,0.4047178208310357,-0.35711489069176844,-0.09529257421442629,-0.2265041880453591,-0.8662377340153725,-0.9010209711444253
5.810783752858351,-2.212445354783395,-0.6011685071277344,-1.560262855298227,0.22504695049591694,-0.1726000104919764,-0.13231175052083038,-0.1751077666753708,0.14103430534252775,-0.13062501610007538
3.6002953213400346,-2.034930734757618,2.785873530366078,-1.1878880418049198,-0.2893223090878603,-0.06825079338901674,-0.2664082459730093,0.2138524887635113,-0.2587112602079974,0.09756491519551257
5.436364046098947,-2.199777312315135,-0.550332677493056,-1.3842547290324754,0.3761146179192903,-0.37130393838093667,-0.05673335609303173,-0.17001296528243362,-0.5889282150283452,0.03150147548401739
3.7731528275160353,-2.4130050627155923,1.9555980762035445,-1.9004425625106343,1.0284022225641576,0.019282414733993697,-0.07085178954631777,-0.6952415769549801,-0.2219376603528928,0.1913190090677043
3.7803953074310277,-2.2594906036774716,1.4477264901962084,-2.0306569034236834,1.2362178603144651,-0.29455852415114303,0.44441740217772435,-0.845989071113287,-1.0377994842405343,0.35917615204802383
4.433362529485877,-2.5130253097925186,-0.09773022621278352,-1.0302605740928898,1.2419188622749602,-0.13815565481831596,0.5498640778137366,-0.654806568588129,-0.6328582916537695,1.1676879046316349
2.4071307080773896,-2.286280617849709,4.221851537375275,-0.08813969052118828,1.0045494200082234,-0.0446607797377476,0.45162491535681487,-0.7968862228781887,-1.2928656633840905,-1.0470140999440691
1.4903828175052158,-2.063783807513194,5.378484438941663,-1.840616180087662,0.6220641834896429,-0.5937325148329197,0.3836618550849467,-1.0014919329562617,-1.2265137094768253,-0.10066564785838217
4.320169186039921,-2.253667127491377,-1.5640612323328607,-1.4406145107404904,1.3060294178785075,-0.5696394409118796,0.4792461037495857,-0.8365742804362167,-2.076650953298691,0.7159534074784996
3.2731691140346553,-2.1915147788805216,1.5710479735626612,-1.4922162840106732,0.8927004204217905,-0.29210944766609764,0.4757704867717965,-0.7324668561778013,-0.9335826688067518,0.6711646649996149
2.937044981896995,-2.0481713207686316,0.8340120828321212,-1.6943495900460166,0.7996776882424387,-0.3348521414016966,0.27946776129495005,-0.7675040418164322,-1.0412071061884514,0.43368452444053324
1.9635774965278292,-0.8709240073293525,3.927552877393109,-1.2752061403058679,-0.45623655434326044,-0.43095536344510016,-0.22201926224556487,0.3709395880963825,-1.4249712737387619,0.32447441599353805
4.010421168320908,-1.1352999973253175,-0.39543080873547304,-1.4411547545883554,-0.2609824917244091,-0.7138182800968499,-0.5061630421491634,0.17628040002298723,-1.5311315389015443,0.04649554578213756
4.101117327136499,-1.7057932106411873,3.4373376439519743,8.96766621934769,2.3254521927421785,-0.7717029562213884,0.9253732249409349,1.4437658750483497,-3.293726948324293,1.819248973439725
2.414748343432971,-0.5782640341299686,0.7394958861475034,-0.7614941041452938,-0.25453832937170523,-0.5709399743245568,-0.32991662177230874,0.14984665213171397,-1.7370158776869489,0.5459559675653785
4.021757827869333,-1.1469392122570392,-0.289436483529611,-0.6776569751985749,-0.004980219089184003,-0.7516122022174783,-0.27944579447767104,0.15205283598725677,-1.6246395530266096,0.29884337787649673
2.090447995090286,-0.7996271773916883,3.4245141644710957,-0.055163535061930676,-0.3636972362442508,-0.4736115956696753,-0.39933396468651916,0.2381304586150767,-1.4060999758808361,0.25372791801325634
1.7876047533440358,-0.8964772664273034,4.193828591034847,-1.1789469294753123,-0.4294991561986775,-0.6180324077125949,-0.14346717949304996,0.24719504651207264,-0.8393854373991384,-0.019048725664964773
2.00597424582499,-0.5856209979485747,1.2981227269471884,-1.2878226464457203,-0.18063572207364964,-0.8621723214923156,-0.1879254865100597,0.10242193504828376,-2.6545017749585824,0.541433870753016
1.462643064396519,-0.8157674761478769,3.6513345642649035,-0.6002270337803695,-0.08614725707552874,-0.6997109936261772,0.059780120445824106,0.43948203321870766,-1.702374764906009,0.8601942439507265
1.7710472896156264,-1.086632843162443,4.234703405376089,4.460194453891868,1.3498632078262582,-0.9777547324599072,0.7980178676449898,1.4954662761502775,-2.257812864703672,3.571491312881252
0.8606743239706669,-0.8054641594371088,5.064280053094413,-1.471476939422724,-0.2145595255503767,-0.7744177074660421,0.3669282518129721,-0.019528708423263846,-0.8301881808342265,-0.2910098188370933
0.9656482334662554,-0.4724081244603876,3.1967402352141034,-0.7054070528862693,0.32360831801392054,-0.9613759050023211,0.309825692800715,0.7457451844978543,-2.730408124402547,0.62978791233625
5.261367842399661,-1.4475952641803598,-3.0436036295172606,-1.7130227291273243,0.45224612192301733,-0.3852911491571306,0.514194779588653,0.1061278546458272,-1.1117082594948038,-0.11137869629576719
1.911962273536643,-0.8357649865790194,3.0949503770203197,-1.0469970091521665,-0.14526629764314258,0.5114109722160466,0.4903820066277767,0.6805866960666287,0.055346345334754174,0.5683495393201391
2.54628665533348,-0.8509784483813038,0.9979895257651373,-1.1910056045732793,-0.015804950843216994,-0.10878196039966426,0.2868863113061987,0.49183454733833815,-1.0087211004689274,0.12423695003021265
1.6260951631789435,-0.7836594070832272,3.145109441598115,-1.148890314996667,-0.10946797073790412,0.18522819003065505,0.44178420792078216,0.6525693311565608,-0.3799335529768356,0.31650043452954724
4.700322454844172,-1.007108524793467,-2.609058154359309,-1.165048305051914,0.44908769595584536,-0.2820283495303025,0.2683221996963174,0.034451702254177215,-0.6868342684456801,0.37449112167991777
3.1591962640674973,-0.732299902891325,-0.7397435869477587,-0.999336166366192,-0.05691296439181067,0.4348553170813573,0.20775062612802467,0.2980830855735639,0.20661186035965332,0.27933063500536476
3.6300396433761417,-0.8539122496424425,-0.7565528777827069,-1.083723036773328,0.24042459594714163,0.05813476100168607,0.353613918020309,0.4660939769024958,-0.14571203347347753,0.3531714987835104
3.751647636131861,-1.272948929208606,1.164394155019012,0.7787150702182762,0.40274314968154906,-0.16207317354425288,0.4132649473608788,0.9984525739656832,0.004168800761684623,1.8552544590470295
3.1081006750606384,-0.7618157910073715,0.6666109255254672,-1.1306305044045044,-0.19024914812650193,0.34035251549603307,-0.003129409613478337,0.3386383910550618,0.20541876297134548,-0.07342562835036906
2.368868593931612,-1.055722493656175,3.704093462466079,4.4459751330204735,1.217489912386352,0.24177741441981007,1.1453755544767996,1.5018492504773429,0.4259017675503724,2.721794421421049
1.5396926145967746,-0.49371030122737425,1.9696749113213892,-1.2693616751698,-0.18757034275042073,-0.03275257856067615,0.4051737904219833,0.5304363691700038,-0.6476878903399426,-0.10859736679087786
1.4040392252146356,0.1896475772213809,7.831583431426681,-2.143261023054609,0.7971339063008896,-0.3914931550480843,0.589001622674786,0.7329207994751868,1.4917723297084378,-0.7791535520600672
1.398294537586339,-0.02848120340792283,2.280713687000212,-1.2813894577759655,-0.07958081705310159,-0.6803904577950591,0.8949380557944049,0.5836649455300412,-2.320249870335339,0.15079251669861252
4.47756126344772,-0.6970851874326568,-2.0484276329578464,0.015091032570680823,0.35930366441514544,-0.16110486310641275,0.5783311764891302,0.7587251277105106,-0.9398181220779144,0.9951042163524105
5.89287967127144,2.676138247727036,-0.9767730685072394,-1.9652988253997634,2.5154959629895526,0.04675723301268633,-0.5351556812848167,0.635486122692085,0.9180201471655175,-0.7499713363176296
5.776899323320373,2.590524753928688,0.2998232377642737,-1.7391524297042267,0.9735807812258216,0.4392433207064529,0.809071543747048,0.2067536517507696,0.6342499009094832,-0.14706094477829923
5.412592071894525,1.3008093022061116,-0.061389428792208135,-0.07600457808131127,-0.7044252651500628,0.8718216571754995,1.8923243104430716,0.4373927521321818,0.31514284557546685,1.5299723286460294
6.783029822388118,1.0672012006048213,-2.0543856123773834,-1.5484346052891382,-0.924607508027578,0.8245137983570934,1.7149594357656965,-0.43035179528587886,0.705693296746008,-0.155897351264703
8.701694861230049,2.079649246750367,-2.75494657376732,1.4683750976511276,1.6632806641346776,1.0233853476433807,1.3444097749409978,1.093461577008848,1.783882337547443,3.08917419371563
6.107427344507623,3.910641998403802,1.5942381230216376,-1.3855187267830267,0.545719405609607,0.9472631150112323,1.2681192964226085,0.27492892858069484,0.6603266250239427,-0.3169804818391013
7.6130245586446295,4.087941732829524,-0.34717130247037914,-1.9281634771379736,0.0767532472674209,0.8736234294278529,1.7302680131075163,0.403375404138005,-0.0897976237069558,-0.3457427840166966
6.215745527167179,4.575426796074455,2.471661403318199,-1.302882770219006,-0.08544498988365078,0.8181968130230564,0.9003965612598489,1.1009934614184107,0.18290531436347296,0.12038873725787766
8.816189900042176,1.8273568349394433,-2.269899579720528,-1.4227051459396556,-1.7532827084372815,0.6445415076020835,1.7099794506875157,0.4485214762937627,0.12343687107867136,-0.2813963397452852
7.797076088046713,2.2751235580485756,0.04081649421377439,-1.449702560059232,-2.0807541216711547,1.1502341599397155,1.2773284171136596,0.60287132167455,1.2704228544282508,-0.4218697706300448
5.9931462387766175,2.4562748075753,2.5684490468068533,-1.036038742756576,-2.5197378770632777,1.0116631976932455,1.1939040178607023,1.0380934372460229,0.34394320486596924,-0.13212579337895639
7.065183557410813,1.6889373421251028,0.5000311830082204,-0.11771459599598341,-1.8540874876814653,0.327051444561543,0.9111409307869538,1.298261372728365,-0.5331455410745246,0.6910003020739873
6.757704018768714,1.148151023404322,0.29151328655008407,-0.9156515533624062,-2.1059917271901787,0.5188540881191708,0.1945491777648,1.311277202647605,0.3864387385004779,-0.3457904683630136
7.652068267825172,0.42473899213807353,-1.6485647899448053,-0.6465595077929759,-1.9058032619370904,-0.09501861437958767,-0.4305466239720566,1.4215179441065602,0.5727501202290209,-0.3831138423489662
6.695994972752731,0.1688541906450143,-0.45473824757275133,0.2466779564029827,-1.600713725876144,0.08514458186965898,-1.0368533133165625,2.280271029505986,1.1552317278820088,-0.14184762366392015
7.683878314488036,0.025097847474309112,-0.7153276495465956,-0.9610976551906784,-1.7157404569793755,-0.36250361415398574,-1.182934168843964,1.767026212734598,0.7544024330679956,-0.9143878964275727
5.977068670526706,0.02589408877892481,2.3181408778803427,-0.9025664524776285,-2.153977562925823,-0.17226019143055574,-0.736295682059564,1.790920010443027,0.5686594646665072,-0.5906977959652485
6.671933429643744,0.02484539141164023,0.10227707892818966,-0.7745691530963545,-2.0092879132198704,-0.09273077303234165,-0.8553956793845482,1.842580759419603,0.53948216087565,-0.452477276506547
8.250353431171543,-0.3990706266856808,-1.6952063639411457,-1.1275320148719663,-1.8329097711046247,-0.1975096033589374,-0.8361437069281216,1.6913398472011145,0.6145251931473475,-0.658425934340431
9.36867389492921,-0.85224385651095,-1.4205638961752793,0.9620997396050298,-1.3928007155037867,0.05070921195850844,-0.7514690729009332,2.009378068522006,1.7044588239963543,0.41359327361051657
