PC1,PC2,PC3,PC4,PC5,PC6,PC7,PC8,PC9,PC10
-1.399910955177168,-0.8288879860980716,0.10600871720495783,-0.5868509705600174,-0.8152662547799981,-0.5067151921424846,1.1455003818023304,0.529912697625374,-0.6883242808015828,-0.23097965953620342
0.7445639538276745,-2.541866993918347,2.798973324887026,-0.8243814635032317,0.43689041508413484,-0.5665275521792092,0.9020576294608686,-0.20213952531330298,-0.1664820243561659,-2.71046151925884
0.22254111054567663,-0.7213119434188308,2.8110946313152647,1.178384531413527,-0.05921702568919858,0.5399880682091447,1.6454714251099432,0.7028034612311523,-0.2895814045166319,-2.33359089868407
0.4366200102115228,-0.7868461207926201,3.0652219694801683,-0.9687282860582028,0.06676573455831358,-0.8234056091162152,2.108564130075998,-0.10121798635565359,0.0016898049351843523,-2.1004270078087393
0.8356865271930625,-0.41680533849463886,3.3178462376355444,-0.6346406833560149,0.07459500227690471,-0.036062258624599566,2.116779556058042,-0.35195653011102196,-0.4317866604396623,-2.2516184693986165
-0.03352897672602037,1.6465621512554778,1.2250747323533921,-1.1638332575077497,-0.4983896920849046,0.29368012663306986,2.242626389089537,0.0909907255259428,-0.9697574188821657,-1.4983893026198438
0.10170610390959313,0.9990453629221901,1.1323898177358434,-1.3391842970871308,0.004948724059134436,-0.4206389385936348,1.587971756753896,-0.2753600990584636,-0.9004711887917299,-1.7645633963185936
-1.5134335356410498,3.941241889925891,0.36674390358692943,-0.7118713125601248,-0.6960932191149015,-0.25536883479993117,1.2077326607703713,-0.05096926138062489,-1.27650422839018,-1.2939253361849112
-1.114678320083611,0.7497892295052748,1.9438325788993347,1.665669342700159,-0.44219590204838555,-0.18082972004538772,-0.17576806722843002,-0.92882868446855,-2.0279420722304726,-1.4648115264287078
-1.7963499126706115,0.7658785336752097,1.1900988357825495,2.0650424396712443,-0.6017630009963445,0.058102624013577124,0.5348836257174782,-0.6649530482877674,-1.4000115273548575,-0.3147404653861544
-3.939257073485221,-0.013492942308574798,2.386787936890293,2.07978928455036,-2.742250573127743,-2.2727754518607726,0.5029714600721676,0.09565412515124341,-0.32979747172461304,-0.5552908087560836
-2.988387356774391,4.707076177133382,0.239046848394335,1.2940969295271514,0.3213387120350621,0.3273328553463737,2.240345301159152,-1.3827276393527608,0.6451535141468147,-0.5718661701442056
-4.152561867968075,1.7443314701912565,2.210026089727442,2.415762595855799,-1.0424877210024486,-1.3689039443635311,0.3703554808122017,-0.971156809171058,-0.35379971908860447,0.2759456081771084
-6.281455419353801,-0.43835854752107056,3.5036220166622534,2.3075468604326863,-3.8703389687630887,-3.2860319300968848,-0.6186730889374948,0.5944141508007251,0.2442372073766242,0.26563199058727044
-5.965419329221562,-1.6659645205876363,3.7363399838459808,1.5716681379752848,-3.3119101026088127,-2.4731927030146665,0.4116411134521353,0.6879449922604108,1.2731328398534816,0.23162260477219918
-6.28439912663204,5.76237966453564,0.8568060716071776,0.2471350942565389,-0.39154067463043124,0.002698349120932769,2.217632769893554,-0.7816602641109506,0.71321029421516,0.7028766680291039
-6.343026842991877,-1.8827687362954604,4.432036692648666,1.2048834288053782,-1.803307470746836,-2.215581465590406,-0.7654057321182074,-1.0646768776677928,-1.731157875051645,0.7422121132863979
-4.781794053091567,0.2631457961444515,4.330471278570998,3.8873626416297467,1.2130980518322352,0.6004176551494462,2.791576098966117,-1.4566798450976817,-0.0719859977444703,2.06630071383967
-3.4655832754884632,-0.875102534964691,2.9131674849777163,-0.021191078144659353,1.2671018984003568,-0.18454342381627753,2.502770824781685,-2.181781722020973,1.1728673339595084,2.271427840304547
-2.9790316657383253,-1.392269035798227,2.7780147608053385,-0.25589524067021235,0.9176645657192493,0.09107040330197358,1.9060310972223709,-2.03250390262463,0.09674492115811421,1.9622939980568692
-1.3818887874107797,-2.009811197505717,3.4262136557076945,-0.602301716544737,0.6452637528505623,0.5576863748038167,1.9877355478695042,-0.9650736536936624,-0.6197686770902141,-0.0264710073152403
-1.1824965963237224,-0.3117605706914672,1.5823438344896987,-0.40963949409800166,0.17550272471178457,1.6048483712755939,2.097291295971192,-0.13065836884273263,-1.041319025270378,0.1869581963229537
-0.8758360500926179,-1.1069933013146767,1.4288963050699786,-1.464406021546908,0.33255685474141233,0.4413732261924734,1.6568857893658877,0.5505983753381806,-0.29945047904263267,0.9376213393706161
-0.5046765884750245,0.06408132457278555,0.8955217622718907,-1.3945328427408934,0.3269819464020989,0.7665959588878624,1.428966302635614,-0.1664978974567518,-1.0178015803246074,-0.29497542723933745
-0.6511201894826432,0.8722281623650001,0.5606528704435921,-1.7043510820309855,0.4936471471195408,0.8113619015450606,1.4416458367933216,-0.3835080168079119,-1.4252397839247888,0.12184450150538706
-0.8140061794946757,-0.11189296432085273,0.8075685533644453,0.38901182592295763,0.5404029460758489,1.1934926696811348,0.6159463086447584,-0.39970405756744537,-1.6416587382020393,0.8288316533548943
-3.160566491399732,0.7202399225197138,0.9795315049456151,0.21920284323036662,-1.759316320569607,-0.3564811801964738,0.1434901507513309,0.7949322731344731,-0.974455953256643,0.2112995445845864
-1.3731255375924036,-0.6707097642212949,1.7087652191063247,0.5289936573180501,0.12757897199816506,0.35677979321599573,0.3926775527011555,-0.5321125023053423,-0.5500157668416238,0.13991607037720472
-1.1514338888331466,2.9187531698927427,-0.3093358336377495,-0.18857803822643354,0.9110266024527294,1.8460545985299122,0.8912753161834517,-0.21755410541068798,0.36960269510806343,0.872566664992314
-1.1647539563599874,0.13868088084452573,0.612381002391914,-1.6814740110723958,0.5805043237618269,-0.23913280279046303,0.5390410119048357,-1.027580722251066,-0.4220122851154384,0.47887724221437394
-1.7688131300669818,2.3016534960726776,0.29467102942984813,-0.47495310612036845,0.6270643586963949,0.898554412835008,0.5597443474851118,0.0025338837077353857,-0.7003792641143423,0.23083018945899356
-1.4160786562448942,-0.9965152496365421,1.5662783989635471,0.44605413913431047,0.23572784598709237,0.09914511997521704,-0.39342756485233626,-0.7616094075660848,-1.0037519744004424,1.27915681564818
-2.0895205285171725,2.0606672098310286,-0.18831216537421022,-0.5809018657818926,0.32971132447742996,0.7897535048489357,0.5453204108343928,-0.11423350685152894,-0.523452835199273,0.8901511968032739
-3.172103607585816,3.1333260157038185,-0.27502805173977424,-0.24900636766601333,-0.18154328886651547,0.07161756871636524,0.0012907854768993044,-0.24183684304778622,-1.169540537242794,1.0845047490657038
-2.967551363866567,2.7448610433845104,-0.3392008629005227,-0.47782582557369924,0.2261491141302658,-0.11068170675130509,-0.9466100672445347,-0.8327451333231057,-1.0386234996701915,0.9679575364056764
-1.6763793616728926,-1.0151953434426824,2.218385463233863,3.1713742864274534,1.4955123404507646,1.8901812568169787,-0.18918480599542162,-1.0858983823912323,-1.0897201814462114,0.7934351517247462
-7.167242377509255,1.5577081394542316,1.5139677152834208,-0.8214344718887605,-4.250369141243279,-3.1873728747854453,-0.4396712077612646,1.4640192958445257,0.6130257984935928,-0.5723975054835583
-3.066415366002892,-0.7555117305125845,1.6370682494683557,-0.4381018706261366,0.821948085859182,0.2181756978687674,0.6518665951904915,-1.087242150191098,0.6695161233115018,-0.3241727579410835
-3.503895739372922,-0.09596431459672,1.0941374764050498,0.01156374897454947,0.048256869072184475,0.5906431102059482,0.03208232103398033,-0.3500235993781288,-0.397289232171836,-0.24084099312661714
-3.815841122920165,1.3252747004448349,0.27773270440157677,-0.8988448004653198,0.20802011168064655,0.5738078879053654,0.46806298621081577,0.0212269321605577,0.20072292343098455,0.06432626317140856
-3.8348453503751783,0.00041763234746121727,0.8500990704732042,-1.2376471450793283,-0.11091459334846039,-0.45962418568594315,-0.24725787398945953,-0.01782076427144777,-0.31052569324241136,0.4532748497352325
-4.407203544523098,-1.0400910576915656,1.773388230135384,-0.14568568539718454,-1.0853062794485147,-0.030653658647406785,-0.19728150526350396,0.5384028340540287,-0.21928599841191992,-0.9792969793155893
-4.101371083357861,-1.865060530220489,1.4359182508392563,-2.0487424005474866,-0.6758623836937706,-0.7314222045852298,0.16146073610629053,0.03087256627557276,-0.7635859593624162,-0.5827121315229139
-4.629274519281448,0.892240890802744,0.5736344727450903,-0.9057356718675382,-1.2202497257479477,-0.3991173563408147,0.2630592523781359,1.03101285575177,-0.44932164178236395,-0.15011825288160047
-4.665539667469598,0.8613465878126657,0.7519041676561548,-0.2208970734768588,-1.002342667586718,-0.42522164810197394,-0.14910791101399065,0.28875192326550514,-0.25812927023506105,0.014332249011418939
-3.55055147204773,-0.4717520004271782,1.5898710721689222,0.632466275619734,0.32133207868666563,0.43064024218312486,0.4562637229682235,-0.0803131232807288,0.13429299786461107,-1.3815505122380047
-7.431763464863741,0.6452406251072783,1.5998969168636792,-0.47279877216209587,-3.599217154096059,-2.753372396368171,-0.5296497824467712,1.777092502141335,-0.3985414521856669,-0.28358461012241226
-5.810566409555788,-0.6718861622459387,1.835937058778578,-0.11540551124277112,-1.6428337340592847,-1.1592032366201304,-0.32617510058345084,0.43098175767752483,0.22013245976844953,-0.4728527565003305
-5.28699550200961,-1.1673614499134315,1.6651888269118444,-1.1232458576060234,-0.9943492569268673,-0.9536282161751984,0.6279628156625681,-0.15165056442427383,-0.001418365709554348,0.08266968949425758
-6.443289488607711,2.3580109200638715,0.7896611943256124,-0.11825201395134191,-1.0342970787560257,0.06031158853050436,0.92114720864157,0.09379569272778752,0.054636278590225774,0.10094208857983565
-6.031829216201833,-0.29859137968828353,1.61464866318776,-0.04823200930173465,-0.5736082864457047,-0.8470927904373847,0.03757129565294865,-0.4702349117599861,-0.406522378225578,1.171263183594094
-5.824078474515566,-0.5017418319169287,1.2491117283400537,-1.1460765033875226,-0.5909372303948667,-0.5147293294218019,0.6715894658560375,-0.14340261240108748,-0.1649158598528301,0.5497976729088506
-4.434045418103961,-1.737441155279233,1.7097331644210971,-0.19881797093045034,0.7961063694773173,0.9594944525317318,0.9797061033013774,-0.9318250201134204,-0.4619146396571221,0.6792230502817209
-4.070876420344748,-1.1230113546551796,1.1429162172453728,-1.1438567285740227,0.6263810702620373,0.40681503919231754,1.4956544479830824,-0.6606056426967504,-0.09909424773204827,0.5015070833135254
-3.81991801369733,-1.3299478441562915,1.0164486773491803,-0.785117845281574,0.41561279586808786,0.716985596124383,1.4505645313148143,-0.44936191888343957,-0.6052188236320813,0.22880491204282508
-5.331072037984352,-1.846774327675482,0.7869862597145264,-2.7612557895096295,-1.8291433761754363,-1.3944164895294533,0.4639060025687878,0.8752250945287396,-0.8013913817683098,-0.2526472123101356
-4.343538694740496,-2.1047180990639114,0.8682511080612417,-1.310950319920249,-0.6005769651906365,0.698357579018858,0.8389139120654617,1.0374696386092144,-1.2203183676261113,0.08635671386102624
-5.2113610691314145,-1.8778480419609649,0.856014779421816,-0.9899809979502289,-1.4784753662490624,0.1737320853410617,0.3039138488434411,1.072063379340627,-1.3885395157099774,0.3056631646870193
-3.5946669053823888,-1.680323629454026,0.19858342495726278,-2.319649489200449,0.6372020791494915,0.8282575562710653,1.6325453568736015,0.10278983230128054,-0.055714014504702494,-0.3838531402799477
-4.249608741897377,-2.066465710387433,1.452952299819678,1.297028651761409,0.1150019036855077,2.264011587883214,0.9647679575213479,0.09222796621677445,-1.765466187547747,0.22064470687812565
-4.698886962246158,-2.360842907408939,1.916752681287357,0.8521592449389692,-0.014263894751178903,0.8511266554426847,1.7042024076651874,0.36918884896890947,0.039258449230834505,-0.12413383976737925
-4.21565642926771,-0.054404631245833925,-0.126638773867853,-1.7197956772978464,0.6954278230802592,0.8196144649954408,1.6973522837006145,-0.22648918125346873,0.5246361503216918,0.6123195173803867
-2.9391220346171862,-1.8959399737120586,0.465272033357808,-1.236497068871412,1.1430197361539618,0.9481547563202668,0.9329311342358325,-0.5075025596172994,0.31565018766770153,-0.4516216731972891
-2.466967170448658,-2.262102903274905,0.6090468271752185,-0.4369277017920911,0.8028082699824722,1.745290182138069,0.3792660090274479,0.37651890634144525,-0.06687654248844266,-0.8054453518608317
-2.3493828742625396,0.8648762601868456,-1.0157722894184393,-1.9442276535274947,1.539497346560356,1.5840507648554747,1.1264726603709379,-0.02783509892060332,0.1628701704824703,-0.6994628890676089
-3.0160953215398845,2.8928317438924247,-1.1864920531922398,-0.6796794386067511,1.6902969393587453,1.9737266978591592,-0.35680058321729685,-0.13027672170000576,-0.35166826113089544,-0.5138371829602018
-1.4102090800104399,-1.356708575952165,0.0642858224232085,-1.9027109730996872,1.5970381140461276,0.4530642716837326,-1.2011027356980055,-1.1108169138935193,-0.7658073192555481,-0.5144055397323338
-3.3465546871574774,0.8831920312180338,-0.4946544898583619,-1.93465875678158,0.07141579929796174,0.4252786048051559,0.11763329054017628,-0.06564886507977435,-1.4854267662420189,-0.8400328156624359
-3.35408848859315,-1.0003919271627224,0.4328504756896562,-1.6425543437588583,-0.059210793949570885,-0.19238181902096763,-0.5297988310660029,-0.027278581975686143,-1.3095573829416414,-0.6434996287224909
-3.3641253404721714,-1.6695489054813846,0.8274888978731807,-1.0472660118958959,-0.09215310515268503,0.23502599942435487,-0.0492757986596372,0.1089392964489469,-0.8506934716658178,-1.3344624903491575
-2.8784551101966684,0.16036082524401604,-0.6353849995427581,-1.8117513630906459,0.8138028587527304,1.0646178121796452,1.0433582752380561,-0.11764796598952687,-0.420690959985221,-0.6558498941968935
-2.123730204430099,-1.932905409348255,-0.027530818132358803,-2.302878315883847,1.2945854048017964,0.2640261638969324,0.6014073929893312,-0.2696799380776531,-0.3574262299206776,-0.1661368952393448
-2.1016776591768234,-1.6803767703302572,-0.2868042510929199,-1.7098122369678377,0.990932851643795,1.1957144211241968,0.8301093219875664,0.1442728263520641,-0.8455220689845765,0.5337342325913841
-2.120285914673285,-1.1560558306315607,-0.1828586912512711,-0.4710618378264544,0.8326080444188594,1.699797083436133,0.5606207432777933,0.038247563449777235,-0.9329269634010061,-0.7575547240249555
-3.0287245271133485,-0.8048788932988405,-0.09626812445143873,-0.8538538471580644,-0.263932914315477,0.42669933649997566,0.37581540749395137,0.5797901991907998,-0.5054127486180082,-0.8361998018286158
-2.5321845969612933,-0.9158527837511421,-0.3478069333901049,-1.0910533970245655,-0.0297952087787923,0.3846416066624345,0.028376975577622022,0.39810224558002416,-0.35476000938825136,-0.8244280034026082
-2.8810817698525817,-0.5825163439811082,-0.4190355603578914,-1.2130283083932691,-0.6248531451486609,-0.10905833665288624,-0.01611795350688737,0.6533590453541467,-0.6585393124316834,-1.1702173587734186
-3.512137764913247,-1.318708406737892,0.10975163468249848,-0.8506708189800675,-1.3814918921198396,-0.6210074993815404,-0.4325871326034387,1.0695256102074395,-0.4680950104186308,-0.772778917837802
-2.1163766279664924,-1.7439046404910996,0.5150980638535103,0.19947948746299296,0.2461851771133734,0.36169721268268673,0.2882752122247399,0.13381529337112957,0.5496161830402687,-0.6547915091180582
-1.4238812660698879,-2.0272313943720497,0.23278598815684481,-1.1818675597524455,0.6277987955750692,0.31060546748379314,1.2402968873295994,0.009367374342855781,0.7516180153992668,-1.3223062657279516
-2.688776273191706,-0.8732993666886223,0.05536245888588652,0.2852741291214896,-0.5557848806327629,0.7982840096926866,0.4803978453139079,1.0404232041158399,-0.5602528524244407,-0.8792598237353372
-1.7286488587402737,-1.8216251598229554,-0.018029464950524918,-0.8495720191771472,0.22376359792780337,0.011277521763558162,0.7922507618508139,0.2060678162745494,0.029161887518424287,-0.3566360686354528
-0.6931331202409632,-1.9673539750435927,1.2846207124774955,-1.2150433346895115,1.0305435537563485,-0.2304850487314724,0.7854761064944384,0.41749149477948916,-0.2714973987297857,-0.7614810993516732
-1.9900538660453426,1.2952914754945406,-0.5311519864480864,-1.2009885138320031,-0.07975981623260696,0.5657319599947882,1.519304163551631,1.0212675357208436,-0.21495086719636025,-0.6183298368207573
-3.3013652019260715,4.859152402563596,-1.0225207798897105,-1.2671099630934017,0.2806867426968674,-0.07738175952706589,0.2710777059156009,0.6360126605823904,-0.8400317884577451,-0.7927607096725715
-2.782184102714306,3.671400199306546,-0.14810336800301463,-0.8114448254919241,0.9615929110494692,-0.3788558089087159,-0.7391554146986088,-0.9774927604355728,-1.502492321800274,-0.5148579875958141
-1.7781018608399173,1.7487183108973154,0.5276951915135534,-0.8889904932464514,1.508232719645284,-0.436872128355984,-0.7554297976123587,-1.1106444822858925,-0.9734522853763582,-0.6705709066149474
-2.0812212949734508,3.0514588174975326,-0.39220831116770666,-0.5209534412538293,1.7532656293216824,0.25834916728574125,-0.7194818965990577,-0.33462441670120313,-1.2115681398893317,-0.2160979019691161
-1.7753012673364887,1.5040333172351366,0.20688189043959515,-0.6470059655780501,1.228226829499702,-0.19142053671241813,-1.0892215853511837,-1.2912620441208318,-0.8090573620912296,-0.40027882598176096
-2.218521723961043,2.3148205610164974,-0.2874854013881217,-0.3437243496294717,0.5979033886928873,0.10180003977786853,-1.143857263175674,-0.4124876867220562,-0.7476198465514885,-0.7827124582227615
-2.6235736730849903,0.8277766220562123,0.18525458397703554,-0.8564395720168388,-0.36538238324167316,-0.8014905825044734,-1.2856350566966144,0.2867368226628829,-0.28798939688041747,-0.1853455038045947
-0.9968623433312254,0.5557507181003133,0.06717523004249774,-1.106603311601384,1.6861414761703897,0.20033083925161446,-0.12266344161530816,-0.19487488811649292,0.6697363863562444,0.4002344459267939
-0.5435311982213888,-0.6815200804036098,0.20718997996821942,-1.1517302548126096,1.4793862347606286,0.08911089269869046,-0.1475425934130146,-0.6237495137383651,0.0044463788461855235,0.6697821696992066
-1.847186285523657,-0.03755819817643239,0.06749660301314796,-1.2386684230258689,0.018160583072336308,-0.4970525625999166,-0.2979738663330498,0.44738530554336764,-0.5151930592754249,0.11587335928376542
-0.33327607455416003,-2.3236322224552084,1.129340966325798,-0.6683476653337129,0.8751422177032206,0.6620325346340257,0.018648094244706603,-0.2041586777371057,-0.4963268254104801,-0.32528874471084596
-1.4901732891680413,0.20079114510967624,0.049038436882582706,-0.9465736941956487,0.13855276145236958,0.6977307752764853,0.7127325018322608,0.7401257870981869,-0.012355577007902034,-1.1316199917044163
-0.8851762579690122,-1.8879981267813788,1.0008161654524,0.5634245175617433,0.604387603814874,0.6530315661736689,-0.07365320116609202,0.14912161423064788,-0.9356071429256615,0.163024962278727
-0.6362102380280339,-0.49016837545553116,0.15103569011556428,-0.23969576382440666,0.5994273796322466,0.6794637963125201,0.9813686950912848,0.07857548720798188,0.17737456653006559,-0.22927035192358328
-3.6856293452019293,-0.3099884501658819,0.8190414257555689,-0.4335337722243232,-2.3331214890907965,-1.869866591266573,-0.3125635742360079,1.913234934006412,-0.2787419519509341,-0.24801060807624228
-5.2568025918663075,5.90318841268556,-0.5460300971947116,0.6094704120072689,-0.7317310540380009,-0.34969966421992016,-0.18194683818239363,1.4131189202453003,0.36748821890822014,-0.2645815440409654
-3.7717808444016843,5.7152470393924855,0.34822560682726417,0.757571951823203,3.0418563339709324,-0.7242340620530042,-0.8220414555760412,-0.05619971155896065,0.4083689082186084,-0.07904584484703134
-1.9506260035000178,-1.1318638972198005,2.898138015016185,2.0845870345099833,1.8485047241527641,-0.28607530884114973,-1.9772522398213839,-2.4778902767166193,-0.31429384454942993,0.16323194813982272
-4.875892084509159,2.9708071556437696,1.6753351321652143,1.3974768889419955,-0.8709986120082993,-0.31995424544673245,-0.21599752785922285,-0.2111623668714198,1.0280465314389646,-0.09096686092538331
-3.506751243162053,3.0810735709380563,1.336133577632329,1.015597991253437,1.3693734433622757,0.5164669872434583,-0.6222519928584469,-1.7670037686517752,0.46664788071588276,-0.06917160599618884
-3.463127466470305,-1.185682410094088,1.922784785306567,-2.0965135532454005,-0.387276484576481,-1.8760754346349577,-1.1489896445848975,-1.3707933553526603,0.2175157437715677,-0.24034246752144897
-2.6319365363265352,1.3295785044705661,0.16002365285942488,-1.498233922149619,0.48309924808619187,0.5503598005124096,0.2671940279075378,-0.18014731220876262,0.1337115214665258,0.048327019171636953
-2.9973755807554294,-1.4603359225820693,1.9880632272137513,-0.3255595180330057,-0.14917039335628293,-0.4941837321968662,-0.9675971058095365,1.0450060942909214,-0.8272651971395981,0.6837641914929341
-2.909356098985928,2.6878371504568705,0.14489408527311964,-0.9774287516745839,1.3678925718099801,0.6399889838934336,0.760757445002719,0.34351035867961616,0.6001612970280555,1.1013820595403638
-1.4076864599564864,-1.7303671359051391,1.4503216489958306,-0.867018949746456,1.324388551570102,0.0009467146283371604,-1.05155225308124,-1.3229811292905826,-0.9844277656754016,0.5898780938495918
-3.4657194105852214,-1.6949897573854933,3.122073624799627,-0.5491416680537486,-1.7891385357761473,-0.8687521156564253,-0.6153253213337183,1.1129603846408553,-1.1439710110510297,0.18469505390133828
-4.053274186064936,2.4615747522743128,1.1778483253328251,-0.09355780165886093,-0.6063782690132479,1.0715859934054288,0.8104420612603835,1.1996757283879416,-0.20500791817182706,0.3664305166456203
-3.9889200402932667,0.7844460339982416,1.9142516426963874,-0.7278851623841273,-0.4930617446678013,-1.2454413211859345,-0.44703960635187273,-0.1094785518848832,0.3729226284690101,0.009984530792819388
-5.345497260239543,4.066006363331195,2.1686104525901113,4.723028056262179,-0.4365466006376303,1.787759625489199,-0.18045936658442724,0.5290807787448115,1.2710297072574046,0.7685428420003029
-12.82852657494826,25.908959729610068,-2.0377148091595645,0.9043033403169272,1.3414077363726526,0.9757005253433606,-0.7797291114079168,0.5437568536414248,2.0124987265358496,-0.971703887279189
-3.520426511222108,-4.758493682283828,10.745320195899795,3.381534899871475,8.14245943808488,-5.742445233759547,-7.540755473526715,-3.6601804836278067,-0.3998207405197383,0.46573659752316954
-3.7141560462040606,0.35452471940922015,5.591164044376775,-0.9734670810107506,2.329029897799824,0.11072367333922829,-1.657655724560466,-3.878740884912198,2.5817860757903572,-1.5088695617146564
-4.669108405644266,1.090601314013556,5.258357714275721,-0.8973946212072833,0.88735280726175,-0.1213155529743331,-2.3420385663687973,-3.121083953772047,0.8990996337791469,-1.2953648253114307
-3.7086876807317872,-0.047517769881890395,4.857613663633276,-3.055863114415029,1.7892894031685693,-0.30403402657631523,-1.9387828271572598,-2.8741906002712097,0.8693477676746652,-0.9226462831757213
-3.057976309896451,-1.7507378540838692,2.375130669468329,-0.18558566178284464,-0.5030810359602826,2.66050896084813,-0.010302338476918332,0.6347317737248477,0.7326804416053221,0.7573268904133647
-1.9611403536752803,-2.211724385340103,2.238222345445752,-0.8360315288765281,0.6280984355746893,3.055073587300818,0.40355105501485966,0.16275447630318587,0.6175477550232926,1.607783567753827
-0.5509257646705149,-5.87859370222527,2.69985030017385,-4.4902643122792165,1.0592111606669639,0.7809067168184933,0.9010979438730471,1.6340305921124236,2.4527192672380256,4.423198696302425
-2.3310344606292674,-1.4542491142731158,1.1128001098160816,-3.147937713124637,-0.8908144675238301,1.538693836864054,-0.965543253055635,1.125016310172025,0.16445849872166618,0.48085436217031163
-1.649465889446374,-1.142594433931265,1.2016829860323672,-1.2673072676033525,0.26411756253419466,3.24088701519595,-0.8370331895388557,0.4600995344226364,0.050715663258910235,1.1035367288397933
-2.193434065429002,-1.0821906027864046,1.1086455738158463,-2.324490079629032,-0.2878586484550311,1.8731853759054047,-0.2938020420140362,0.4021931910261495,0.21240654850291096,0.927307109911344
-3.2112083093154995,-0.917400057286051,1.2657099665121248,-1.714825201523151,-1.2674950212023326,1.5609584833127408,-0.7869525105560689,1.0182090283226297,-0.2032968081809415,1.0318644699376922
-1.710355930973724,-1.4889343817676537,0.9893260019142495,-2.6383469495519085,0.39203875895913776,2.2727687747771155,-0.20178565696046297,0.3083387072903812,0.29620925283903915,0.7206135232917328
-1.5731249381318704,-1.2133121359392482,0.6154005169750317,-2.4541347133792395,0.5864486108585946,2.7918477716643855,-0.4747341044954423,0.41960462425032463,-0.28863645419399064,1.1780002137328418
-3.0913106566853736,-1.0397089035841263,1.0539467018442514,-2.2409447861876353,-0.9002778099346139,1.5939915309145267,-0.5607559721352872,1.0327027910430993,0.23734804605213236,0.35252198968093884
-2.3930656807763446,-1.030216999884564,0.949862532406223,-2.04822380723337,-0.3089307919497546,1.8708122216499348,-0.472062511527244,0.703853337292121,0.5076046731467988,0.36010228695601937
-2.1496864451689155,-1.9031684856853326,1.6723288644680137,-1.030840998083065,-0.38481783503321776,2.7687361109393946,-0.7458368848404303,1.0732943862350675,0.22515167091106145,-1.1371634842452225
-2.041788293655423,-2.498489837384366,2.759781288316604,1.6515507483471445,-0.2514372459278132,3.39761452491982,-0.45230829651029003,0.6931225621144539,1.1421787530107195,-1.340811802929326
-3.15810811181007,-1.233658168246468,1.9400610414795962,0.029253554413327672,-1.6063280720885516,1.281574742652126,-0.9611349766797895,1.2432606517704368,1.821545253598193,0.35732945421531975
-3.790482047491736,-1.2227810166895805,2.297287930534394,0.6872894279309677,-1.8914183481974236,1.3165362151585975,-0.5545068898765706,1.473745767854103,2.562499474086588,-0.7691072292037964
-4.942889150604785,-1.5008729293889482,2.4223189156835656,-0.4276903636320543,-2.69660031041037,0.34358696572065167,-0.8813869303875547,1.821555722537136,2.2548849237707356,-0.9059663127430628
-4.068557722037712,-1.216840960572587,1.981371709920587,-0.7441425012359398,-1.1678173187251886,0.8859912041753818,0.028686334325004646,0.5470191723131205,2.0226062026511453,0.7571258686636105
-3.683342696716653,-1.6446413745212989,2.669086012264304,1.0973589671305413,-0.5846731161805501,2.161341699188003,0.3268495759933439,0.27219627188284773,2.198076007910542,0.2949754623758176
-3.5837145972071522,-1.2797706056174276,2.064753181709889,0.3463578714796031,-0.5000296034577412,2.099048268153175,0.196785308529866,0.2609305186907562,1.6096323713530303,0.7052036859927249
-4.126610838424049,-2.1056468070617007,2.2171079913250247,-1.6886575808766606,-1.2842355429101386,1.071908942124598,0.0330608031205234,0.6785830185725045,0.8826781838038755,-0.14125722799754226
-4.620020955806377,-1.3308023554739608,1.7832704295141155,-1.3810492131649597,-1.4711266987360698,1.2319039659927875,-0.059491559587968666,0.7265780281860019,0.09472066250525289,1.0770665516326337
-3.59947420955792,-1.350300793484536,1.707901689338399,-0.24050244627700051,-0.7966477884552626,2.3131603932178915,-0.9696604763640522,0.7954445969583661,0.4230657376444396,1.667201673646512
-1.682822076817104,-1.7450046805213084,0.7761889915145485,-2.8653339686560466,0.6377627999620461,1.9855108593797712,-0.15586260576500463,0.3903522583218658,1.7789662970577529,0.3205282727140541
-2.522483280996215,-1.625612428861971,1.363986002795957,-1.5508801814644204,-0.6508189704049127,1.7409427466302345,-0.9667799185245215,1.0224930274338218,1.0328501964113057,0.3631576911002877
-1.4026077972410125,-1.9005658219301935,0.8562303909663725,-2.2552590217391772,0.2866546660670569,2.4743992184519636,-0.8149178925232763,0.9872771554634764,1.3004480191927348,-0.5118825546118058
0.7791391025904327,-5.322855318432155,1.3547839526333847,-0.9496184674309949,1.0028285302230682,1.857755022156811,1.160369431340734,0.7711311517054449,1.4892244146977982,-6.842337837431385
-0.8146599874839822,0.4794283010441447,-1.7768356755689505,-1.190005832909673,0.7798898127398918,0.35376483626365324,0.6244602000691868,0.49922615839859213,0.2193720633766258,-0.022807951960045307
-2.016562433562423,2.327879149328752,-0.5469436804856582,3.6404041859505005,0.36709930383086425,2.3473450549116417,-1.071360766966585,0.9223889840212247,-1.264214833729385,-0.1354894987360763
-0.4743867101553178,2.963886925286457,-1.7998144884602982,-0.5637270362241411,2.1413551737334453,0.6158222794914227,-0.281767655663424,-1.3910045521648973,0.5300752265424942,0.427765615842229
-2.297093104391705,3.0326966931088855,-0.9201208021902056,-0.004851642467630475,0.24755832974895525,-0.5636801179589572,-1.2115796669008896,-0.6186579043690729,0.2688263288627924,0.02407605237044228
-2.766321542033601,2.3410058543864394,-1.0032025579162671,-1.6726333019210808,-0.42345176264917717,-1.581075740373217,-2.046487124981584,-0.11353572640713154,-0.09756911936346005,-0.31295632625682707
-1.5377225274606758,2.534839662455583,-0.7910541552095627,0.4826144635292249,1.4106428416196797,1.235106835241002,-1.9624924913178283,-0.5496533669485517,-0.4830115014923727,-0.2911633086859578
-2.119873765438879,2.2500567891910586,-0.5271018925753161,-0.47196250028755565,0.845114043967059,-0.015667240542063934,-1.4564724128338504,-1.166713003820694,0.10514258994968695,0.34806545768049263
-2.134231088740596,1.174118538754031,-0.07842049711393133,-0.4819345933567123,0.7104099030443841,-0.23493908943868405,-1.0426650609355361,-0.9959811902298668,0.29940615824734645,0.580728595630394
-3.0401200453397017,2.247468324145766,-0.7721357120492511,-1.9761708941154288,0.12958855910068837,-0.35178975238837285,-1.0343821696788174,-0.0425037198214345,-0.5350623939206043,0.6923810067358871
-1.9742629749438232,0.03528830307045618,-0.04574962695904026,-1.9191185112548483,1.2271631893070898,-0.1943557071799986,-1.0029171661514724,-0.9534359827912497,-0.34985505900491937,0.9924579473245256
-1.5319792728969974,-0.8947141484190809,0.26002199024753925,-0.944276328391155,0.8821096967789647,0.5334039979473479,-1.1357905895064513,-0.2732452816651285,-0.5505469442480401,0.9283243817271265
-1.1354585221522557,-0.6628564709363194,-0.20954635051969422,-1.5737511839525447,0.8446192232512931,0.16202826827429537,-0.5476455311254682,-0.25828753872006976,0.4776537406212484,0.9115997158678473
-1.3702899805054785,-1.5008909061944986,-0.17572565766178347,-2.4507650680364583,0.220715561602009,-0.23525386736120518,-0.9492471375225213,0.2634610145538897,-0.06209724223678195,0.9232043555734764
-1.0291904823586895,-0.5154264456815857,-0.6362067291611763,-1.0835773481801108,0.7644085545850271,1.3744743080494009,-0.3731058678130791,0.45629965391400523,-0.4076250434110982,0.9094849066944539
-0.49061221736568317,-1.5628736771145715,-0.45393362995186703,-1.3726113835453673,0.8772006551732259,0.793482304607932,-0.344050462608476,0.013466862604127779,-0.06344480619709823,0.9465828038023854
-0.41213638153587395,-0.5867945833353687,-0.9962190371562258,-1.4594978345370437,0.8367339011647439,1.0761444790886154,-0.10655021216595048,0.464953533642819,0.15206599078042995,0.8407501872223999
-0.22248591549431207,-0.3175674032109333,-1.174649072398431,-1.248012075547779,0.964717088952963,1.0758998534774822,-0.6265552861475348,0.26017759417362873,0.04565187534584346,0.5236927843056873
-1.1848719982205334,1.03588548442453,-1.3071025886748833,-0.8061159384171739,0.1941005444017024,0.9030395518654457,-1.0946525037809387,0.6984880067625043,-0.5481646892626639,0.1695721272311486
-0.5405339668165592,-0.7665326537171797,-0.8418698920731102,-1.7893513220634745,0.3713801571981406,-0.22957645128903123,-1.1843069137200957,0.16701784679931506,0.14326042368268313,0.1078162757903764
-0.22333931013982677,0.9671485950106835,-1.7229948682359688,-1.9849421298392658,0.6573964888971708,0.4066884557567954,-0.7220663305253093,0.15308804328782552,0.5045862678915066,0.02644115600582348
-0.04634001761954572,0.40084718912106,-1.1204874197153023,-0.383718424699239,0.7714490643614268,1.2563060152925514,-1.6219275329476874,0.36972843528111854,-0.6404835876260148,0.17108735969401942
-0.49568663564156273,1.5583442154586866,-1.1840504939669547,0.48388866943600334,0.5318009119921464,1.4774094634335597,-1.7793558787624524,0.43458287449575994,-0.12340399414475692,-0.10716441808673648
-0.09403946660327216,-0.14272616499368843,-0.7512441814514145,-0.6268060959493092,0.5983692147812883,0.1900144066760624,-1.6004203984613354,0.01723290487759953,0.6939063579353422,0.13800505817556233
-0.5125454977617475,0.5818882547759393,-1.1515995009910727,-1.4439676449480543,0.2715150310386352,-0.11186986960685069,-1.018869475623696,0.1704717126417235,0.6424988010218335,0.23637653388006044
0.2806364770128775,-0.20099370296322167,-1.1205964229339205,-1.692621910914992,0.8294646768237376,0.1324817265395659,-1.0367920010306069,-0.02213742387580092,0.129404342102129,0.5050492397717374
-0.1879270129021589,1.657505409125729,-1.6707121763403303,-0.9906551298302506,0.6333229079411449,0.6420249777358722,-1.0433130850359464,0.21008149433433532,0.015116792637651845,0.07319479099159078
0.8751637348003153,-1.6114098078519465,-0.007049986454020183,-0.583306090940648,0.7116637873716724,0.027283216633655568,-1.5702081504201577,-0.11637853874202969,0.4771835898822754,0.07705645176440208
0.23025899985736117,0.6664814785990701,-1.2240234278649782,-0.8561672199944182,0.3198925061563993,0.8174791075400815,-0.5433471887633907,0.549028298204812,0.25148371450386503,0.22915399992918614
0.4332499921582884,-0.3242180716250374,-0.1554952248137896,-0.5677349267123762,2.4343135829580604,-0.6969069513235975,-0.7485541350885533,2.160590536562378,-0.8605639619726108,0.7407668066408788
0.7391593399899631,-0.8776759091810316,-0.8976003755532378,-1.649447860773898,0.6577972106021319,0.05496542746048328,-0.7070873289627512,0.10095713317212733,-0.17899748018940936,0.3558649655702093
0.592458886102874,0.5058083997067446,-1.3916952265464615,-1.3428727288117852,0.48050600418871925,0.7557330361962402,-0.37132435937945696,0.5441232653119591,0.324702135676814,-0.08087697174304884
-0.07268568003481864,2.3679310760885706,-1.6674207509526016,-0.7063351013750323,0.8004326598385236,0.8890626171547359,-1.124455606264306,0.6478470370830005,0.3539935980471751,-0.9561393309957792
0.23255075135920858,1.0645065846069819,-1.142494906564575,-1.5256728424380854,1.1714781663901925,-0.06630801381692965,-1.4539322400434977,-0.08519064929416151,0.42427829189255284,-0.7397916515166696
0.5403859587970854,0.3961241578417068,-0.7989609392100911,-0.40701772876417175,0.8465126573563987,0.612238834770229,-2.0123248784812744,-0.18322715685690724,-0.19616172010277833,-1.3786951240337781
0.7809155209416584,-1.4185347659893583,0.37623504689274867,1.4793216294041578,0.4235334512463341,0.9724347518236126,-2.1473650600286813,0.28188432253858536,-0.1353083484797293,-1.0428464041742607
0.6505838911992241,1.160583924042545,-0.8813096671464966,0.5870953926066087,0.800345530882895,0.9448829592016682,-1.152315321537779,0.3781198974579014,1.4624975451009588,-1.0608009232062805
0.3161126730109144,0.3522060093897085,-0.8919588725827609,-0.5096998646530038,0.09457515186930773,-0.5302237373867545,-1.386307024168168,-0.030847874738351464,1.4669864298318098,-0.9682880649962131
1.2189018546812005,-1.1831396960508263,-0.873133760459931,-1.2862121030500415,0.6810341433671577,-0.47949985641959886,-0.7632170874368924,-0.21632090205382926,1.1100601553790423,-0.3385818611924733
1.6005344494237415,-2.096726618778293,-0.11663180762372452,0.14575198576144344,0.5866679379692207,0.5444652539008092,-0.6918630612176385,0.6176842969152214,0.4628300333250889,-0.6835718435630961
0.5304527503309977,1.438438264877928,-1.4424227837551786,-0.12072611932368511,0.2821729227523491,0.35760845371971783,-0.20748360850479336,0.610009774403767,1.4237594329789367,-0.2519271525825097
1.0247450859626872,-0.05633688541036723,-1.1328373500510889,-0.7027745731065337,0.6260655153703026,-0.4229805278911926,-1.084391105178801,-0.10348353277932955,0.3699214039683524,0.044097633356637245
1.3887324431838233,-1.0649152274674494,-0.916464432868527,-0.7532622186023629,0.3096371826810852,0.032242290402624746,-1.056708148226753,-0.21833706294704586,-0.6242985006901971,-0.11708698179910067
1.4120016965369289,-0.9053828243297368,-0.9200619735146387,-0.3888987867009165,0.41620520807238637,0.4228689940856994,-0.4674450523047867,0.12099896504233389,-0.5195873023680795,0.5333493014115006
1.21166957011725,-0.5440812383306207,-1.1370780190465437,-0.6005085477617174,0.24835608866103623,0.007501789494660986,-0.4094531512078742,0.13093361547197413,0.11195428402662247,0.018245315601857118
1.295323994765083,-0.3401152402015796,-1.417893918153775,-0.3892993546299389,0.19355020324073205,-0.03010926520747168,-0.33332138697854896,0.023682569796788483,0.5606984390953703,0.1520047856312298
1.48213812514948,-0.8715989835878439,-1.528924740411175,-1.0863832393603094,0.08322787883194477,-0.14250737197465538,-0.4443117069566951,0.20668026947167567,0.15182652903077823,-0.0364969389696446
1.5674959483971989,-1.4753548757780053,-1.2896113700049605,-1.1351943329630594,0.13163670193028595,-0.06436223960588214,-0.2788840875908768,0.523958763159816,0.13271020000235279,0.2919175113349233
1.9161354483994655,-1.5776151301789811,-0.4115924193978782,-0.759469384610236,0.174650332737092,0.042362365658462985,-0.4557293165252208,0.618307579019454,-0.018354753267893962,-0.7030306954937445
1.0039718211742161,1.0905645614266424,-1.5826389837399686,-0.2053633556163476,-0.1637659790117244,0.6336832700138663,-0.04557571599037822,0.7226051947701677,-0.17505657275744738,-0.2653829887520796
1.6663820812153278,-0.9050933011452303,-0.7096944822857206,-0.11872041250059888,0.18334711776536608,0.18089855097311147,-0.6624540382567726,-0.11384061561265986,-0.2531877297571655,-0.2043550986763367
1.1026124320791466,0.7294547174330676,-1.3412458263751585,-0.44765787230384035,0.03158367216602887,0.23442798003258905,-0.15686081254760795,0.286327046709854,0.0223025291557375,-0.3734287985138808
1.8276855540748442,-1.3324642931796946,-0.44337299873548347,-0.11593207774726978,0.2973532345697846,-0.09051012010901151,-0.998173330010743,0.20995212166585311,0.11802857432193038,-0.7302995986602084
1.9357920920701757,-0.9221637132412611,-0.7159877210212037,-0.49208106157821657,0.20241694159132592,-0.15374617594473558,-0.46543189081633646,0.11768899190194589,0.7986193854439713,-0.5398796446209639
1.6657508171070459,-0.5720244165576716,-1.1815850510766073,-0.7308012875123582,-0.12149195423559309,-0.24175175636182597,-0.1519470394571576,0.44912199671449893,0.7645368313780815,-0.43400909464039245
1.5253922187991726,0.05593229651462509,-1.4806134413887515,-0.8478363421883554,0.0039698547506801215,-0.22911165698277433,-0.3313005649890726,0.29490178069584844,0.22426465324787803,-0.3517535371763644
1.5911519035335935,-0.7781108440733243,-1.009506019213894,0.10102065832945355,-0.11544257906762034,0.45561178875296315,-0.5029054514126589,0.6149236133608789,-0.33077837012151123,-0.4562392260861328
1.7180835023256271,-0.747748588160176,-1.202906263140226,-0.4211257559567806,0.01438975496040738,-0.1603132222046095,-0.5525628619800093,0.18728255687967837,-0.18635965979817815,0.31879338427705206
1.7448211580474198,-0.8547604262400748,-1.3007160339523174,0.037628916902390994,0.0516339420650691,0.42865463287357625,-0.29811707062379944,0.5287792142202382,0.061325710008655575,0.04312268383870141
1.7321984830411647,-0.8708829297374485,-1.37647203397147,-0.3380158977797341,-0.10066032981544665,0.004151353627075756,-0.5071407608128937,0.21224348837363732,0.0028860799702944634,-0.07172000560423329
1.3007159627146676,0.31584820652546347,-1.7169277512321424,0.06148228066049185,-0.22558281653253567,0.2332011412923266,-0.30272015347915443,0.21800547702650425,0.1578613119470747,0.052053558480894546
1.410354769655599,0.262509973394362,-1.607075162283826,-0.27349576026738837,0.04304132645485703,-0.17016495298282025,-0.42475103086061977,0.14761253595160737,0.7164908469588713,-0.21368449679533313
1.3974545709374033,-0.06826449117677924,-1.3400823427476822,-0.022504423070830205,0.12720469908128965,-0.24065460850552714,-0.5428603038497678,0.3308294118422514,0.7517991111833623,-0.9191523034007179
1.6605482317476064,-1.2708251772560173,-0.9141703481252222,0.3289851434616901,-0.00010703073848277196,-0.11669666941634282,-0.6537531665702393,-0.024165945843562252,0.025874609887987173,-0.7019938125958198
1.449370251381287,-0.2628331888897919,-1.3546630689950072,0.7072202089635571,-0.15327760692332065,0.21780378171221973,-0.5717501817064079,0.19852235824559009,0.2869367346097794,-0.5564472088099452
1.4804551987060148,-0.27068811865673426,-1.3853924671884683,1.1061455928522554,-0.19592721747796818,0.3008260063487459,-1.142768563836766,0.399617071960437,0.2513693615919809,-0.10195548764494655
1.6396488307992054,-0.5434421127562042,-1.6435128079476153,-0.5359085927336195,0.07178816662706512,-0.6143362496510717,-0.309315908257723,0.11733644831596339,0.7616370576557594,-0.6143511399932038
1.6271916545052356,-0.4702406788697326,-1.560368208689221,0.4062205421410819,0.03842745541200509,0.04113021947108033,-0.3605658629816958,0.32461245604057504,0.2569001743385341,-0.3296749526701421
1.0406662757378182,0.5295522933400055,-1.5061392907460966,1.0391980156560128,-0.12418328397583617,-0.14614037559684925,-0.3203315378829684,0.21440914355712126,0.6968683914546057,0.1274750318438389
1.4130658066647672,-0.7301680082266431,-1.2307166168246197,0.3941373876419155,0.12089425530411031,-0.8750893009227373,-0.4948174603569621,0.004279044302221401,0.6824800492568645,0.29152972120397813
0.9480502488045306,-0.7914704317694283,0.07197742548850565,5.213734179532044,-0.7732043123278433,1.6638695094078741,-1.204699399102708,0.7765336626694241,0.4426147593875263,-1.120244941551641
1.280012139698946,-0.7413587713582428,-0.9403491563889527,0.8738721642694026,-0.06699120003286774,-0.9444074700045871,0.4222685841428094,-0.40608484360413155,1.606356832319213,-0.10863502356167791
1.0589094362789164,-0.5760385249438614,-1.1957069494186445,0.6776571441427582,-0.14827573127293706,-0.6490157662263153,0.48814631736529995,-0.30669868229156383,0.10188491415655636,0.17184608758382672
1.0629346310516028,-0.2540557351275358,-1.63218862630995,0.030714220121380593,-0.10217887165235678,-0.8822237253151589,0.6104866462600955,-0.04818214946252705,0.45555774904155644,0.016683461819137813
0.9341036295751184,-0.5138137831136282,-1.228532821268527,1.199706148523186,-0.1306630509072574,-0.18861957134379603,0.19656072975963318,0.14163788807190492,-0.26534562464758493,-0.17985119089562843
0.9645036732921468,-0.6482453250732312,-1.3590095889557816,0.19378237409137583,0.0006465086885309936,-0.7539287095841795,0.7669088007804218,-0.22077776204912347,-0.008284790756884434,0.05707501114311503
0.5421064261385978,-0.2432568752065376,-1.1291376758560658,1.297426262106133,-0.3664316576439369,-0.4219949205139975,0.5131193754914737,-0.1781034031762349,-0.16057604147692842,-0.039715663596188194
0.6932493435471897,0.2574470154780299,-1.6184983145364304,-0.15885402375639268,-0.06026218145553851,-0.5864264105410317,0.5936989156659755,-0.4455362279042018,-0.8112028495395257,0.46806240535171484
0.7143478334028639,-0.21556343913331583,-1.3972233294186989,0.49430401275461594,-0.06926725490339092,-0.5409920316763531,0.21953349451789655,-0.5269753413809648,-0.7601669615016609,0.5852317518288641
1.0960635492406468,-0.9685159058041275,-1.1515657515252058,0.42291073682397967,-0.05062497310482701,-0.3677026789911938,0.23691117185579974,-0.3546683665409052,-0.3169307171987762,-0.16247917919178964
0.7965249350982847,-0.799568452372528,-0.8517802275536255,1.7942876763059679,-0.25616582456080517,-0.04774344357087403,0.2879569683159634,-0.1381903741614917,0.02927112618454219,0.01617067252042047
0.6954931164284297,-0.3368895837478859,-1.1055042991659492,1.152380562480705,-0.20027295113293123,-0.24884266717215672,0.7291951672548983,-0.3368442370140046,0.2515687651329056,-0.2396507950812835
0.09597829384719007,-0.2614442551530526,-0.7022538147986664,2.499730918428236,-0.5371571544979413,-0.31489064187629,0.6233714911860335,-0.3002764198405694,0.2157188043282513,0.00022867400817254684
0.14345774471773098,-0.4987764103641347,-0.9593122379282936,1.294797632061638,-0.29898586019324286,-1.005529336241768,1.1208556543208477,-0.6904858997047136,0.2857115911775918,0.3729568958918936
-0.18262388045890537,-0.8720367423655785,-0.40820145014102777,2.132734564658636,-0.7968313505113317,-0.8383238386079751,0.9374906136319446,-0.4496803136411695,0.450874933118262,0.33807306464738474
-0.12192413624277645,-0.4416210319695354,-0.4719075711085295,2.048925891277147,-0.2556722361043258,-0.685704257796273,1.5483275520684328,-0.7996096816153484,0.4957183277783657,0.36382918209738363
-0.17146837955312821,0.024230856109303665,-0.4812991666173834,2.8440216414168944,-0.15638519655498084,-0.128123150215815,1.1701053118456406,-0.6914978584939654,0.3730408556505487,0.1109008018291359
-0.8639035361909543,0.10738854614751477,-0.6448015877160922,1.6061264325631717,-0.7472154176387614,-1.1635366308942134,1.0185956645151522,-0.6265269841926812,0.0005075985882133942,0.38637868319584556
0.09352870851114604,-0.734496652747851,-0.7574159705022497,0.8696926900611559,0.19456652451092504,-0.8001593250321868,1.1353581150713714,-0.9290385209591416,0.00796653823281654,0.34031821673411056
-0.8149191719394162,0.15277976821434994,-0.9097873282012316,0.9605813339995163,-0.5080005298640358,-0.737684644792891,1.0815091419032155,-0.4691321072276229,-0.7177700702796285,0.3129947114334807
-0.4720994979316239,0.09744929864770051,-0.7790631006593396,1.143635066720639,0.08467045051639474,-0.5858195106400251,0.9783156970837159,-0.7415818756616961,-0.2820701497427899,0.09909231436751624
-0.8031811536928849,-0.4364083167330696,-0.24764721185592192,1.6693993911781067,-0.40115681982492934,-0.7349780436935286,0.9522487888033558,-0.8083682986502965,-0.4536398683989571,0.09524782734842431
-1.0301153389451183,-0.9745592537801129,0.07576914146047799,1.7714458374055118,-0.7646619316095915,-0.8980467542277449,1.2059997742732929,-0.8761801433764339,-0.10452458870039259,0.19209066659046395
-0.5162357456013587,-0.21751451120904003,-0.7170312546086053,0.8399289299816772,0.19360555400592605,-0.4700316780615712,1.6178270951974774,-1.1000422054825516,-0.17204509249697603,0.6047925569945991
0.11516114791245409,-1.6144216794324187,0.18784010239492405,0.7156268580327808,0.07570897583899022,-0.787961039106172,1.0170538314823105,-0.8321772394619928,-0.4445502395023128,0.08033642421729173
-0.36259736506173296,0.6026412483286404,-1.109510623892655,0.4449830669734301,-0.0707030865088598,-0.12956829200485098,1.481375834339291,-0.253998435919805,-0.03531179147016705,-0.11535630937253544
-1.1547015810156525,0.17352157447674119,-0.4095787233931185,0.8995380907848541,-0.6342806623028925,-0.8606297626005261,0.9819023765183501,-0.44668399111106083,-0.6684816259405241,0.08261380412944033
-0.4253551920299867,0.5832549894722578,-0.8907654764179685,-0.1243959220613302,0.6557921267568155,-0.748982749805526,1.2657457723376146,-0.7216695050745824,-0.36827366310601684,0.12447769476727646
-0.7597711460794259,0.22951164609809604,-0.3516619740322146,1.1213699578543272,0.0027955842940491364,-0.1585830515345885,0.6148911165811146,-0.5662245166025202,-1.2141905585802695,-0.36649914218461394
-0.5474146688885443,-0.7023602614958065,-0.21132070184684548,0.9319953823955812,0.06366714726360813,-0.6737635898155563,0.7871935956003298,-1.1070157246933763,-0.8388249543858651,0.17675014707618206
-0.9580808505882737,-0.41169640174696503,-0.8037718243289097,-0.18065848716630845,-0.6839154232586824,-0.9783134806723438,0.3859970031707026,-0.031083364058407302,-0.4494824224507237,-0.37822176275038283
-0.512165319063525,0.004975603854158546,-0.9765132165664646,0.19525106562360614,0.15227653775174263,-0.32833395342191674,0.7829253761037497,-0.7264675688509397,-0.4919521408430435,-0.24186827028510136
-0.28985512144639314,-0.634791948911043,-0.7063406321943628,0.5082354736228414,0.3350815772237129,-0.2067508470743659,0.8073071622618186,-0.49951012484280133,-0.33897786959268666,0.17835877439335127
-0.33177410951786324,-0.02018872069006866,-1.089101285037958,-0.21726983905905892,0.4808454082570675,-0.5159297693409653,1.3914624499695598,-0.5749871540922636,-0.32056684254144857,0.22889064652291105
-0.6182921535052804,1.237206199910293,-1.3009973700704605,0.2544854552332509,0.5799877125579795,-0.08271724577319581,0.7999366926166048,-0.42730207096064954,-0.2857030933622066,0.030797908206386712
-0.15749036746663644,-0.6161791188993403,-0.3898343422304136,0.8801962599384082,0.5890365091252572,-0.09158516935250793,0.25204990882500944,-0.9684918948010286,-1.03489055692406,0.1730359901202622
-0.2801321752384604,-0.06354378879995902,-0.5590620899132733,1.168390574647906,0.35059500351322315,0.19237522001152801,0.6055828011181253,-0.7926692256328908,-0.6921608758815521,-0.1080794935838353
-0.1536979375022929,-0.5551052203301707,-0.3327941277832647,0.8879267118296003,0.1753855612880934,-0.3875914389508381,0.7257989465142942,-0.877819578426165,-0.20897592010016808,-0.11144916257591157
-0.2938427950935644,-0.5379212629374929,-0.39159979828856456,0.8357292335266129,0.018321323469096908,-0.44067104403710355,0.8358284545011033,-0.6981671051685723,-0.17217818237931906,-0.02383063778278005
-1.5008913885670367,-0.7511395330463103,-0.15200142041742593,1.1521530856315656,-1.443258869671957,-0.8825720922271489,0.4886629541843069,0.07457205592182073,-0.48084685591133175,-0.016753675423633263
-0.9357984020143779,-0.4772741618475287,-0.5836548892458367,0.6093466625384628,-0.42907495221343617,-0.6049216903223171,0.8877118789481308,-0.12657904913771498,0.46487358338983154,0.050807398015964046
-0.32322801219250774,-1.2173077653719302,-0.4640398645333319,0.5556052617962256,0.19203126611393112,-0.19398983086987154,0.9975577867731107,-0.33801807900339764,0.4503458628298557,0.1354590330046104
-1.5145670556733188,-1.6307944773037082,0.18591634653890715,0.855745189157327,-1.2982184713906353,-0.7971896102995314,0.29073686121831016,0.5797899096351554,-0.5003515218669197,-0.5163155602185322
-1.432101754434522,-0.3385038917247455,0.5364388802558958,4.097257290799871,-0.3398574942618516,1.4413769550442959,0.9820784484082918,0.12361369083060098,-0.16357035071157222,0.02240990592558882
-2.521159116015849,-0.8356931488869982,0.1354418136326974,0.47857835129240134,-2.0694758876599244,-1.8109110964591018,0.14844967428957412,0.36941224103624676,1.0376084915270465,0.11777049119515064
-0.5250957518900675,-1.0473343517880083,-0.44915096788138825,0.04136389399708535,0.3936087487116157,-0.12925357569669027,0.9322302638037583,-0.5436431260691537,0.9870162520321201,0.3798126445578364
-0.04652282716454178,-0.6458378570490965,-0.8491578629981298,0.10264419323377567,0.6017039370862081,0.5052741693836305,0.7303166697945088,-0.34436216259205116,0.32042068188042233,0.03842848118517881
-0.3269244773610781,0.8819772120419733,-1.487233736235549,-0.510622404287932,0.6235885990085525,0.07662867660112933,0.36335378120102485,-0.12183479380797804,0.6426928323785205,0.1124490384155545
0.3858206801745525,-1.6581082493993193,-0.09119109703982028,-0.3876905046863408,0.549539339256776,-0.4556390584736041,-0.4007273309482141,-0.4917793503924697,-0.014901256277372384,0.028095261926516416
0.23426300184761692,-0.34617216412064566,-0.6039376176157305,1.0251248172597702,0.2346036500951022,1.1073949659420876,0.30369966221024247,0.08625125014418766,-0.5554121296848957,-0.3604377874229837
0.4504491479960928,-0.12250131223551015,-1.2365436324958607,-1.3328090624910798,0.5730928308591479,-0.12162501213916918,0.3992686433126611,-0.24559468669264287,-0.24554135224848084,0.13815768781884907
0.6820435754667968,-0.06750456887941933,-1.3556814011362688,-1.1124082426331474,0.5585395449048531,-0.17072246174047406,0.30022318233179945,-0.37522488409178617,-0.7771832093034827,-0.18044265826117042
0.5757848254707527,-0.10688169008968586,-1.221723235416257,-0.013838011528264948,0.26545412483236186,0.384653142154422,0.11870666668902494,-0.1627438576752535,-1.0132890867716098,-0.19740795015677012
1.1153868636438613,-1.4586135669192608,-0.5021825025230979,-0.8798285999264742,0.5954026440713702,-0.4608156063108585,0.20406169892163156,-0.28273440462213556,-0.4816635674318333,-0.3020978025117647
1.0944383657081653,-1.153350185048249,-0.29846621080286795,-0.9232541927154713,0.5002148433637514,-0.44994032340712536,0.6007144476568297,0.27987507416982405,-0.336438871637308,0.08648018583059482
0.5630606845850341,0.5350666121348168,-1.167389279519659,-0.632804445832067,0.43806216960255456,0.030856309679568105,0.8843251102345274,0.6347243024688491,-0.4510205510026156,-0.6772553876928482
0.8839516551821871,-1.41328005795853,0.14801765868415126,2.0580215671091002,-0.07761885388905336,1.5090165414898584,-0.5114658236658837,0.15691673137713927,-1.9278012645261708,-0.6512054854706012
0.1098966066725887,-0.8821133386508099,-0.09504356735875348,0.6052377007316456,-0.9167582255456219,-0.40865202129183326,0.28524799878962404,0.3983952122261359,0.6846443563228255,-0.28563063385923565
1.1162246317250788,-1.0455257359526933,-0.6175519732377251,-0.03708057053803066,0.2795394070461573,-0.14026206795838767,0.3023841499215706,0.07394630747544617,1.0789112744068081,-0.1870006376271486
0.6937216781935962,0.08342960200798095,-1.4775030580702353,-0.29105552367415644,0.36489806503839795,0.04202419366064981,0.27712820977846386,0.19723680160428325,0.37968140960779834,0.21003273529065355
0.15822353693124516,0.850984221559862,-1.0468890327996767,1.7961215636611232,0.04231186422170634,0.6817821874829636,-0.37457711706201197,0.1317327922591065,0.04900742573971194,-0.3211812455472915
0.32951529362977644,1.3500910713276493,-1.6281819167957674,-0.16843890623895025,0.5052641218962811,-0.46144271134370374,-0.1247548169775463,-0.49174905908226507,0.8753353428215289,-0.2439869397858688
0.39781132729893587,0.2714133914413558,-0.8149009607942186,1.2805359039079403,0.25546116012985853,0.18139575639281272,-0.8252237869282739,-0.21653011933422245,0.4517490909727655,-0.1212331947781822
0.6562573095426447,0.1021883442957386,-1.119321975618503,-0.4152768040399487,0.5571537153667642,-0.2920439271484955,-0.29719166610931824,-0.5615342277128302,-0.18861653152764485,-0.029447769921403966
1.0430385439059222,-0.5606779237122104,-1.0114770652331586,-0.44174791099081506,0.4354108381874926,-0.11655534833381598,-0.2755857260525511,-0.4791130431029072,-0.22272845847844874,-0.43376016078795415
1.1076399655468467,-0.29724051973103227,-1.286316274016504,-0.2696077927982565,0.462252933671766,0.045376133052415474,-0.29969035226964136,-0.27228739796126755,-0.1171201212133869,-0.12722884203949505
1.1442562597914407,-0.8593268077917785,-1.2056718404153877,-0.14395732657944763,0.24098197683172412,0.006058891839108039,-0.45370614565253137,0.14019700190195739,0.07362355331092475,-0.078326843344537
1.8830026217459737,-0.9134406266531118,-1.3061745016230806,0.5318889402703163,0.9353211717901397,1.088409763334848,-0.018960201164038234,-0.21225143345557068,-0.38587260667686374,0.31349330089015726
0.934368069448734,-0.6935886488821001,-1.33619258550465,-0.27197433493753065,0.08487810919287717,-0.44863372534802703,0.633103908506566,-0.04655582179021568,0.22931106804768706,0.07384376120430146
1.1790818129899712,-0.8001758488012174,-1.4931730409165498,-0.5198654391567447,0.13622574584164493,-0.3899390598814808,0.2852034442855557,0.04055797378043606,-0.37226376896896624,0.06995949536604322
1.285328144933721,-1.3500241568016558,-0.7443968607229988,0.6963866978687551,-0.01254208613201457,0.039660643994643856,0.11792393506750698,0.17811409834718692,-0.5789209691023193,-0.32701870278505013
0.7598368524444354,0.11933887329271865,-1.2845715599840082,0.637481155227281,-0.06056562822792228,-0.05137368473456965,0.7266389789482033,0.24256126422183064,-0.043684272951166524,-0.24878731132216575
0.6935429297806057,-0.3114113675542968,-0.7656636463318044,1.890473355297795,-0.08321642599218933,-0.023553947097506633,0.21214172486977154,0.11224468884381278,-0.26628172609197065,-0.20543193432775866
0.7344437702888744,-0.22007714380561522,-1.1228349873868062,0.6251853575334744,-0.04438458503722759,-0.6103390750664397,0.577170025245281,0.12141104948587239,0.2214142754019758,-0.8144337624973991
0.6504407617061636,-0.766523864510362,-1.1194627701345021,-0.2228106403197434,-0.390762388548107,-1.044752617888607,0.5507598819823801,-0.15082345751284504,-0.36512244047845205,-0.4379705692422926
0.5228202938484854,-0.8753181126835413,-1.1677147711496039,-0.2644260228759646,-0.4674440766353508,-1.0367450752876974,0.6545432551681449,-0.09251746192994767,-0.17401082464887818,-0.270076245923978
0.05295513958838168,1.3649535799277828,-1.6033919136284616,0.5942656125473466,0.009046662169544781,-0.13721227232632083,0.6893839988094723,0.15044677183557695,-0.17054678379032445,-0.4726958333737202
0.36247801991173934,0.17494390280396255,-0.954554083485395,0.7268036195447093,0.2655855706855478,-0.41855017239999504,0.20132293896680836,-0.5567923532678106,-0.6260707457968102,-0.7844596690708167
0.002597856340560513,-0.8684997667618648,-0.6765202210791388,0.22122024079803812,-0.4160633720539525,-1.258085286840737,0.32962363209035783,-0.485403462352651,-0.7715033140503488,0.1156028137215261
0.45512324578615526,-0.7717158721665033,-0.9431671936687361,-0.004058809664025056,-0.0015049544392877162,-0.4636571729301724,0.4533404323881238,-0.17864131497742938,-0.8871057811313993,-0.23043112718202421
0.601768179761734,-0.9898036181978652,-0.9408043786757115,-0.46265235809403027,0.09337464493218942,-0.7037533164495704,0.7867332180127284,-0.5286108438263488,-0.5003376183712877,-0.22763296964353572
1.5615158078584268,-1.4725420252049681,0.875080751047334,1.2538922581395486,0.5634926479499274,0.137358797754429,0.7282825125298888,-0.478843864234873,-0.7520560221853367,-0.8681219161528109
0.5956982758509873,-0.2042695614567629,-0.7340628311595808,-0.6400442435403294,-0.612676496123758,-0.8414852718497723,1.7350989859715706,0.14724526258947332,0.06999044974852055,-0.7086137196112914
0.2557103817792569,-0.21530505602932923,-0.6453742912380618,-0.5192517101014938,-0.4915312830739328,-1.0364996306625696,1.191989833335834,0.10890445892140982,-0.7712719333492242,0.13389040498229338
0.7123157984148906,-0.8105068258469235,-0.3201196548180217,0.47634747844287423,0.018991691782247723,-0.28921387725618214,0.9437760379506981,-0.31294161615534494,-1.2598091981953161,0.27647125678520157
0.8177154217529841,-0.4903108228542892,-0.5136569717915427,-0.03402548849384549,-0.0076010155877536635,-0.4749744483742793,1.2944562460658957,-0.3487872472520922,-0.6574229395317108,-0.44088740158036904
0.7163028680383271,-1.0245473755798786,-1.062409063765871,0.2726060321109879,-0.1179621004748173,-0.23053786981400248,0.7248908021965823,-0.031204228950151333,-1.135778135106431,-0.22600453342077564
0.025613463348654518,-0.8929043824832638,-0.7684605121228489,1.029861953460916,-0.9224481583391608,-0.43152822007915465,0.6321795893586084,0.38547316902522166,-0.7699980027947657,-0.4936904244496272
0.09854324346504893,-0.6893560738742103,-1.0357030517357213,-0.27134602568514044,-0.7004425599237705,-0.9204311632876763,0.8812564926790786,-0.1125288482925812,-0.7063423408861338,-0.40974465679289224
0.1208609140131993,0.9737443296841636,-1.6548901039974813,-0.5798130577646029,0.05983274666152365,-0.4559424320765492,1.4046145526423042,-0.24144775821894504,-0.020592458129951655,-0.4036092999033133
0.6293983723520694,-1.017313119762373,-0.5630479181985036,0.863029786949199,0.1853479396804093,-0.2918651642631933,0.11797290136548802,-0.04522374246586228,-0.7207147834757135,-0.7609917347398575
1.1695822666092994,-1.5131093508507465,0.3638992869740111,0.1088888778272117,0.30631707885018006,-0.7291691846374917,0.7644793744710051,-0.3404516997500289,-0.4217497465377956,-1.1633248506437808
0.3540110460724107,-0.1265004941949432,-0.4432289657325496,0.9692525787359938,-0.4536540985568379,0.04371853981925205,1.1610959065635273,0.3382608593467804,-0.33599832261672463,-0.9602434532879301
-0.33871676952462354,0.8832137725350605,0.19145499671649102,3.5727372072478785,-0.4499222107488625,0.706644065636763,0.5721326227545018,0.09082896830722507,-0.4187946659630634,-0.7405605343521566
-0.26496264693075916,0.08992576997068279,0.0919465453059589,1.6153494789947511,-0.6543328843127091,-0.8996994973488761,0.8043637524937435,-0.6779243191785385,0.24780362808477027,-0.19581729428605754
0.6376840664667389,-0.6447096646113688,-0.23134306661997367,0.2406174222887239,0.17273803221308054,-1.1183572578673937,1.203741898552813,-0.8661527769456403,0.35097037909224993,-0.2474676148182525
-0.4283702065644881,0.037718829891631854,-0.47435711852383305,1.4150029732268707,-0.5339826410709992,-0.7085948877269289,0.94408802915626,0.05118098143574107,0.5898742775540832,-0.07863888809100873
0.15216358443317526,-0.2748157693512696,-0.5321423422840159,1.2438891901081133,0.3186301882182076,-0.37157317512721993,0.6703297410132119,-0.35998614576263216,-0.007714129911794531,-0.1959026599087322
0.08724163036310421,-0.14099399166656593,-0.6763480486571818,1.0686921949615287,0.03508005367017817,-0.464855478771373,0.906362810261877,-0.5805943876514545,0.09672771759038977,-0.37941919784459965
-1.2027003545185555,0.6440340747640537,0.4037280493451561,4.600594341439172,-0.950172592559978,0.8301752135107807,0.5112890219447874,-0.007527982618483054,-0.3531811387474327,-0.05144267720467406
-0.9359817566413494,0.24895793868562466,-0.886282834175696,-0.9838991036033584,-0.4563716382129851,-1.87190363324669,0.9864842276788428,-0.5640296504706215,-0.3582671604100943,0.47989020464706494
-0.8377676646973392,0.5628653401124384,-0.8755533238051076,-0.21829704973000305,-0.3149746033969444,-0.6838790272014571,0.5970746453796332,-0.36836942772564385,-0.990396757399125,-0.1182500523787135
-1.5236059440805119,2.399446553792784,-1.3246819370050285,-0.3861543907114529,-0.21634634458496296,-0.7803375861995291,0.3230737505320236,-0.30654396168536086,-0.5233172482365963,-0.446664346425534
-0.8493719290148251,1.7786053689325916,-1.0674030595139823,-0.7196368227003808,0.7279148513459325,-0.7452128759920605,0.023082448615049607,-0.9527017535764754,-0.6491715430796365,-0.19905116231014325
-2.0679310180505044,2.1437803732809027,-0.9151204818298815,-1.1313158720596501,-0.3635324213721754,-1.4445615860484202,-0.3689469312311829,-0.4369706337916769,-1.1457436814401059,-0.23385324100280003
-0.6752643726085219,-0.4157811305429308,0.41451041095431235,1.2112739633679295,0.6167457751174527,0.28376223864647426,-0.6685511899201806,-1.2227024030731326,-1.729592611177286,-0.03419615778036613
-1.6722113740616507,-0.993809625878945,0.6049470888372205,-0.38982055893509426,-0.7226515237102412,-1.0103631056475204,0.2303156415199802,-0.335946841323698,-1.519457127292434,-0.48239312769399095
-1.5525239847856744,-1.050212488863561,0.9428375107084862,1.15413344443359,-0.34641922188970153,-0.6905410623636452,0.27064665963455653,0.25740293381379753,-0.4362662371177103,-0.2677374261837187
-1.0122014702380722,0.35286384611973715,-0.35145923428081843,-0.4700418090147196,0.731496786086153,-0.8049107930319719,1.3241895344972643,-0.16387343139200672,0.18746149295860906,0.43158526551008775
-0.29982482747021544,-1.5554502167394983,0.1133182683188287,0.14205606051562175,0.6957256049093278,-0.511347525554403,0.7602643414376816,0.056772680934255464,-0.201349434689061,0.653174901286776
-0.7669594875241303,0.47766405929069794,-0.7237872290698464,-0.42855698404213755,0.6503390985927556,-0.43732784377489986,1.2686866129146142,0.22464087546880146,0.279986333277058,0.6163838164824628
-0.25433557823539044,-0.6562973350781753,-0.6839534551138511,-0.6065185930124521,0.9575507202025866,-0.9118814290319618,0.4722269755783762,-0.01123473202290801,-0.27857791953747424,0.9646176726257352
-1.117515155105689,2.3066995630193787,-1.2256933041414568,0.28133505589904517,0.8643499076380325,0.4338089056835592,0.5110988596381194,0.21404291857510782,-1.1168648036210669,0.11907146026806602
-0.4238751125851721,0.6029835109645647,2.1496655401123044,3.602261908905019,6.786772578533775,-2.963612899442481,-0.19755941955792172,5.582740570255684,-2.755600472758555,1.3042993274038326
0.3646646915912459,-0.3248967369218675,0.7792402390681176,0.4310662692662987,4.384627309709049,-2.8080722428375706,0.15432233790577485,3.097031339792359,-1.1297702244935302,1.087596644624423
0.361511510299607,-0.940027997512964,0.09763761087786739,0.9462607084312762,0.7079575186738313,0.02574020847628786,0.2643830686130336,-0.06801373726061624,-0.178150964814233,0.3657376589147396
1.4206446982035574,1.3735458270816439,-1.3823102080949563,0.19742289543286068,2.2635921667804966,0.868864616482884,0.6340256692958276,-0.5841133237183206,0.6445184104723095,0.5834992081690118
0.739325907710038,-0.44818632883363935,-0.7636478613219003,-0.06498154233435828,0.6658808316845258,-0.6018662100918662,-0.29653976731989445,0.1779120764445708,0.2275782596459619,0.3656586288972232
0.21000705474000306,1.1331936548206056,-1.141324069394485,0.5537889616134621,0.5255181365042669,-0.15791368126309754,0.02655917047503186,0.39688687332067735,0.3821585589931793,0.1718966696525325
0.6490630968886317,-0.8105723344057275,0.0005546055535454223,1.1728530201607938,0.8438141114868658,-0.057376982672058464,-0.07052518878588435,0.13457507726737092,0.03573313069569031,0.22756910785910708
2.0014277235064815,-0.7900394095219149,-0.686045901622083,0.389047736406141,1.9899006555555339,0.6092226075723394,0.04647985743642866,-0.3895408327754933,-0.17506830873791823,0.692007736550273
0.4524375313335418,1.089201297400738,-1.401704538986223,0.6099397174423221,0.6858723270573706,-0.0021044596380299365,0.05572755401487414,0.19670625255340368,-0.13381621924887366,0.6652552603706912
1.45172898966616,-1.1512075666618427,0.01753743883848548,0.34708954638691675,0.7645367441093385,-0.3388353628343277,-0.7212673927577116,0.044061695938673595,-0.3700735174266235,-0.14196309331096055
0.7398390542116149,-0.20112077119018948,-0.5678722794262252,0.7927482347531873,0.3581985187672396,0.42622386212985175,0.23030786087253374,1.044995831361767,0.31122885208009665,-0.43390611209541646
-0.3092953461343338,1.6233408378723375,-1.3574771300867012,-0.9370522634781673,-0.316372332930156,-1.1447732565149762,-0.5350570403392365,1.113648127068024,0.8199247780915808,-0.25186441975311163
1.0383665383211353,-1.04158898132455,-0.30530452344514825,0.004381885181976992,0.8082201168429328,-0.43112067875982146,-0.864815168202519,0.02789155775119334,0.1365175158787958,0.3837059431528505
0.6966554759957813,0.2652349548955786,-0.8561610484982545,-0.18123027124964855,0.6589708931057193,0.024236400302983557,-0.12511552079207527,0.5592198844226114,0.06095561858284518,-0.06607669093901897
0.07552405647017618,-0.47511725198418187,-0.5123343843740015,0.5644602731788935,0.2414631085606497,-0.04522790444739416,-0.6845122248343283,0.4262836815100494,-0.38325457400811913,-0.07992525573310082
-0.012377998841989514,-0.5883270966583942,-0.5961426423973448,-0.30451931752405254,0.15800765853631804,-0.601599554080267,-0.3332633019715394,0.5091037613966526,0.23394519756852106,0.2944028819232642
-0.2764269735957915,-0.6433553953421369,-0.9170139618004,-0.7539140666736899,-0.3991362123204277,-0.7070677124053967,-0.7138285965663084,1.0992728438844372,-0.13980695967608592,-0.5253235166991779
0.014285144967910439,0.09603514045086763,-0.8811124225078462,0.3649208491222512,0.43857203228291236,0.5205119602870409,-0.23524326078428945,0.6285474544650007,-0.2831646969483605,0.11692503285058205
0.37810253878624706,-1.8405993831322274,0.5984562564086081,3.0010766855440965,0.051203843085028386,0.6601031572255353,-0.8454746835809083,0.5986329466383877,0.9453623558381822,0.09824203016802667
-1.2102951323549664,0.18527001535895657,-0.7467417564068085,-0.7949054193079454,-1.248628991335703,-1.7170654847109423,-0.20236533272697826,1.251718784988701,1.5058866289980974,-0.5936128999594193
-1.1957999541335118,1.405320833052911,-0.5206101098345789,1.1989236301864772,-0.04311290853051806,-0.0447570685501718,-0.5835653343181856,0.7878802117791947,0.7995490198321284,-0.28967015608408
-1.044068885589329,0.37029073984914274,-0.3873111740222086,-0.2809775336995961,0.03340395944515475,-1.17371443760268,-0.5625299020966168,-0.19516024355507505,0.45364438486862796,-0.2730685881673149
0.46710456186251237,-1.6432233777339975,0.82093514608096,-0.7475817324269467,0.7242828928880325,-1.1582821882842023,-0.7915363910062349,-0.15640915422739307,0.0015852044920250464,-0.3315053967203019
-0.34858744146168946,1.7002467175039386,-0.9227785422461569,-0.37171872105815085,0.2165430064296251,0.12511517686576468,0.18497480935086508,0.7794476514211862,0.19401310258509513,-0.15033086309896873
-0.17638323604812767,2.9995677054571983,-1.237420249817842,-0.5255710097147727,1.3886240600963,0.07157558311046167,-0.47887287107542037,0.16669360744868747,-0.13964302252406205,0.23090739698922316
0.6630555969381876,0.037019484886551136,-0.4033369814795304,-1.5036807267396715,1.3153729426967298,-0.9610776124756688,-1.1510094674078823,-0.47435810979331755,-0.5908369147099398,0.03894193543962996
0.3856921780799991,1.6342700864558177,-1.0837738921892182,-1.3919885800465428,1.0806280882570254,-0.5484396468105551,-0.317310977656202,0.24214500699313515,-0.21844695955918925,0.22860988109075256
0.4344836827838342,-1.4583325209717504,0.25621155088042324,0.40673180643832035,0.4369204341912129,-0.09785204310065468,-1.547009623796869,0.3794759324637161,-1.371920272988102,0.0854877274592133
0.4599330030012715,0.4935517549514757,-0.5111372947458137,0.47681481813706517,0.8158147836722857,0.14587878476876662,-0.36547409040890455,0.1936739363680811,0.175895017724968,0.5286367406215092
0.7622688951154205,-0.1801722596404901,-0.49175103262184927,0.7096744138794631,0.6394496118788568,0.07796071842404201,-0.5163885345656783,-0.03378418150400014,0.30008894179795775,-0.7455435116397432
0.5099586970442201,-0.6828079036617292,-0.8195349793059118,-1.017357101137665,0.17637320518711935,-1.0106109015762479,-0.45879703509541236,0.6100106419570868,0.3574103375017374,-0.007915861955833105
1.0735286764152705,0.4202708438916773,-1.1635511455682268,0.39563296279921106,1.3052552175985652,0.7361505795390464,-0.1890987761351218,0.5566530480804758,0.21214321289194563,0.849045555141708
1.0464888313764715,-0.6974353836881048,-0.9280210832773977,-0.6404338839970346,0.7771977647801928,-0.7901143071452732,-0.7113376311514974,0.18362624523681045,0.44352920595890044,0.44440830189105746
1.116048479596882,-1.3957643817698546,-0.6107215541617863,-0.44952263221524147,0.6245988222876814,-0.37223569003963064,-0.27900372680552427,0.651149845904293,0.6587474348441215,-0.043798353063636615
1.8431117156413441,-1.3357665050279701,1.1073789686966198,0.4175544448335649,0.6949288724380671,0.2703154165504119,-0.7684530144708984,0.6875196371497896,-0.6101534644682777,-0.8076811762757046
1.2911611983168683,0.5742309949249057,-0.6790094159725647,-1.080963322167297,0.5106469034595821,0.19974888315203604,0.8461460010429472,0.9729024236639906,0.35572467636403365,-0.3188617718267177
1.1373981687884658,-0.06229941999192034,-0.3312654674482144,-0.5415398029455655,0.6095154355075956,-0.09990638148957871,0.11599808520663356,0.5241627663618056,-0.8136846687378619,-0.2569876232412319
-0.8036154995870526,0.22878861554889407,0.16029456881758575,0.18744319292939174,-1.604129182291339,-1.0014127532676325,-0.9569429028100275,1.752428426819465,-0.6901074974857724,-0.5132213643581237
-0.30054305150276245,1.6824299599150863,-0.5143977391274429,-0.8701873032965756,0.3640506784834016,-0.35101726079070816,0.2953179372709393,0.7825583718504798,-0.014964901807894084,-0.3108335918462633
0.5450081243853167,-1.0918757754863382,-0.3872228534615716,-1.0244539162703377,0.9416338319505811,-0.9691936502596225,-0.6574321922707842,-0.22280401525969667,-0.1398850107656096,0.48701352754922206
-0.5084261799641914,0.28588489102348685,-0.707162183211973,-0.40400169477693193,-0.19972305558882755,-0.2308145501322448,-0.4949235529456169,1.1115619363249327,-0.11536346159460822,-0.3671219007259858
0.36839121845250455,-0.8581091221661576,-0.2493808949993706,-0.29494569020557376,0.6142861931199834,-0.0013591363811379582,-0.46924559957363193,0.1604801251501333,-0.5645356388523003,-0.8166557881624404
-0.9742630544280886,1.7845427633608193,-0.6199815887504312,1.3678111438957363,0.004377355742388627,0.8294855615408684,-0.2462645843398984,0.8340801731998497,-0.04831499537403391,-0.037898140042375454
0.23155912285813848,-0.7521922541080232,-0.16251190674090413,-0.2860872445104022,0.8345101934424229,-0.6162511374784491,-0.5653887334376169,-0.02399695025801435,0.5766715183439883,0.21514812143633258
-0.18172420207968595,1.4682862442192837,-1.2637012654172077,-0.9454361734940726,0.4180397207070543,-0.23891348721563302,-0.4282731189464135,0.6768432317129783,0.14791279607075808,0.16401580328598606
0.7432440661776475,-1.141976657520247,-0.319681554755438,-0.3930070486087561,0.5636727429154835,-0.06467595217559463,-0.9039738633380673,-0.2031469487662781,-0.07474931997257642,0.36557655223253266
0.4906295475948204,0.5237045785764514,-1.2556262766370372,-1.1217149956699763,0.2686277407115049,-0.14382541701043772,-0.4413664308967218,-0.1506644702510586,0.6552344352603625,0.013149568098861645
0.7217516233589509,-0.17675740860596106,-1.069078229369582,-0.7602897036220427,0.2689074893249182,0.23329717167680067,-0.6543537571993641,0.11427385427194627,-0.05568496239438729,-0.21037589157354766
0.796098086428226,-0.4752553763252673,-0.9181398669327906,-0.0031039365295582027,0.07037861240784686,0.6214049478739296,-1.1696384053996645,0.21971804180318566,-0.5471107856456445,-0.17221670241239867
1.2514634841584318,-0.9773671448907256,-0.8898986640818981,-0.36459391452887613,0.22520264519466632,0.6471587464907538,-0.40796640683192303,0.31788892062307644,-0.1398645653333083,0.2588615775171856
0.7890306624412058,-1.1093786341030853,-0.4564118792216076,0.6878443009202476,-0.5099349593759606,0.5349558282058317,-0.830815345031165,0.6529507317219665,0.14621610304242802,-0.7265541904987644
1.002255252842708,-1.0070156725947996,-0.6495292560241609,0.1840076143117824,-0.29298824808908547,-0.017633760426682032,-0.30676386824507534,0.47180659535529557,1.271701632514983,-0.0071154471531207925
0.9214472885358993,-0.15455226112492737,-0.9576630574190907,1.3692271334446902,-0.08580737468836945,0.5657645013077299,-0.4277646800810288,0.1123977827002914,0.7394271774824469,0.7694204618850802
1.4802972787363475,-1.0406408127563904,-0.8917453126422721,0.1345785706539472,0.08794981106995009,-0.14392553796645055,-0.21633841390675726,0.07617922602403032,1.9351557597382154,-0.03667931146935453
1.270749292994239,-0.921941576817827,-1.1162605995671744,-0.4513364910368071,-0.1083716134257633,-0.15222094727322497,0.06442933860841536,0.2748128498358729,1.2212249615868425,-0.7581039140949852
1.0115380169819927,-0.7892415405441962,-0.7282484700848298,1.604030913492441,-0.3382164537773501,0.8988617090765286,-0.6022154491705821,0.2660008290944142,-0.11178538541491718,-0.1144472439913093
1.0268337392411508,-0.3997226650809006,-1.0930403008044598,0.027398437978375025,-0.02879475047743591,-0.03417883596247609,0.2372445834604013,-0.13905705510965813,0.6739963756120972,-0.061032934809437236
0.9688012731066797,-0.3307684117567806,-1.3436879777584971,-0.04539094482761314,-0.23505672601499286,0.019277375386805684,-0.4192857162149767,0.11225956212645828,-0.343444666625893,0.24130479590711704
1.1173988713772744,-0.20376743610724,-1.3695233921853665,-0.07305490120140862,-0.023603235748506764,0.13928431121529897,-0.30196124473127633,0.12044631850815789,0.026060776756594038,-0.09761624152910314
1.2147644097844197,-0.46440757573861374,-1.4155550072570808,-0.516522743028335,0.08224016392219423,-0.06584861133342429,-0.34548778638536853,-0.003916087227969847,-0.17770046458733374,0.11618305435912236
0.9262082210791058,0.6044831405823881,-1.8674107805154183,-1.203573812731091,0.1641527270149134,-0.4958026818634757,0.04341487182406343,-0.13001682992314495,0.28810566663816334,0.17325516048713793
1.1538427361584296,-0.37378819445609957,-1.3467484118314743,-0.42191009199594215,0.12689589250512653,-0.04679931880935695,-0.6295079521950618,0.012251359749026445,-0.032891441000700725,-0.32950746929039226
1.0048388319668164,-0.1972422643186217,-1.2618670667441922,0.2569752569686121,0.007688173280169801,0.48136896851723704,-0.6498564886902649,0.00038952862471909567,-0.801984986851216,0.15445639572479766
1.028168027059436,-0.010758463953877532,-1.2498179979162947,0.18451154761686456,0.2638208572990503,0.12501068099825594,-0.19039170982389486,-0.19617860172951418,-0.06743639140513176,0.4520857782855859
0.7565195530266933,0.4138207263268927,-1.951397841399919,-0.2365434828544635,0.26364531868669105,-0.2585321262816169,-0.4590191899766486,-0.13447445050368984,-0.22794762098073582,0.8432545952310974
1.1534012201724677,-0.6543817762748771,-1.7186297772214616,-1.1322311221963521,0.391071172902845,-0.5658672545129785,-0.20752167719374462,-0.20436477291018496,0.01498741323971014,0.14288823225200245
0.8713818920745576,-0.9912977766695137,-0.3933782742454614,4.1120725783987195,-0.29689268840289035,2.486887991783152,-1.6320041967216192,0.6973434014967879,-1.5906927744783383,-0.2005164037598159
0.9763495871112071,-0.8457850176277387,-0.5851687517011885,2.516377579780059,-0.2029126996556059,-0.07219631682588563,-0.4324568542331904,0.2533607839785299,2.5114178272552854,-0.03812726110309777
1.0370232714357612,-0.18429411268940274,-1.491701308954002,0.06487773872084887,-0.010725792184705148,-0.7718505976871862,0.021888214889156796,0.14412693776687105,2.10021829323795,-0.4047085201182558
0.7557774434748721,-0.21964204710792484,-0.6429644388560425,3.5288183631612715,-0.16112427328879939,0.9664887790607709,-0.7708685268817983,0.03553393213707176,0.5096453805857044,0.4548151191952084
1.1595980830102477,0.21316658795306753,-1.692698880323567,-0.02132107827144384,0.37592437196661443,-0.6335433333816087,0.07371750856211633,-0.40913026542200187,1.4629685058924955,0.30572334639854054
0.7235576225677561,0.24275255121690292,-1.2058628759504801,1.8303105062625469,0.02501724965684996,0.14252632734343226,-0.5726969787827725,-0.10748138298294063,0.517304670426222,0.28601242429164636
1.191934639894004,-0.6096163141849475,-1.3185688398919706,0.26716191139828177,0.09071170096026977,-0.8308627738032963,-0.4672873771861102,-0.15270116430264274,1.5891759324373467,-0.7101513673123385
1.2514814775866725,-0.24792791793278107,-1.861161252843968,-0.5463372042727507,0.289596244946601,-0.30826187360253393,-0.2909754470598525,-0.24254713399817945,-0.3892910675336637,0.07704561538600259
1.465550937038512,-0.4188825816666875,-1.982134627375714,-1.2226293743190348,0.4217920804335529,-0.5539311597605818,-0.025462575590817674,-0.34870415858924947,-0.1949253450593806,-0.320283658291509
1.2886862267892325,-0.37806339787766613,-1.9925423746145134,-0.7496394623614026,0.20097729410472936,-0.5085609475877406,-0.19933278279464794,-0.14947551306058146,-0.3271421793280143,0.09749523135401987
1.2084649184060208,-0.22691227711566903,-1.7809815594359664,0.2968922646597332,0.09333888676172293,0.4474693923207858,-0.5065395078460234,0.036161393304028906,-1.1746133397004752,0.10853479165465492
1.3812347803112472,-0.3990563002451037,-1.7218029046766028,-0.04679479502837414,0.42844018478151524,-0.18471843918943745,-0.03893400016436,-0.3865256271703046,-0.08780916722775554,0.19596882852872397
1.3079991871824639,-0.3979222205290719,-1.8484769992651944,-0.25163123907932367,0.24572806954692086,-0.2013104896306727,-0.23952607768770623,-0.1837253038344385,-0.5508436080729379,0.25186695931676695
1.2963651612059903,-0.22704756746707538,-1.93004984281592,-0.2720460409493855,0.13349070775563726,-0.35484838786180556,-0.4433443191986256,-0.023687051339991067,-0.044678209934504706,0.06788686288381708
1.0462965269469837,0.12835903973155963,-1.623379377141486,1.4760427446781132,-0.08071158194113652,0.5467331847150461,-1.0202736056524837,0.400319407843897,-0.3484727767686036,-0.15241287919966312
0.9981247553347825,0.20769019882645756,-1.7258315585349715,0.4421280387038108,0.14759882963572948,-0.5921266978997708,-0.20894799608787173,-0.228290211048341,0.9292385173104187,-0.1511387456688648
0.9158070608851356,0.4049097295564538,-1.9045881388898822,-0.07680266205475478,0.1644785261177016,-0.7538279411743258,-0.2309341640355593,-0.17980525552264454,0.7384746954268808,-0.29337590782605655
0.672406333724972,-0.08941664319389454,-0.9988191463655196,2.5515391700464933,-0.12278196813511648,0.701999417072974,-0.8580805166963825,0.038894624833241444,-0.6185741971448192,-0.2867065936646918
0.3882647850808562,0.19840101150898676,-0.8190332131497641,2.2448806245459054,-0.06612397365105706,-0.2158896648204837,0.06596295946203151,-0.4646554944053752,0.9255997649597304,-0.11282035739159285
0.5188944037985838,0.5752990823153163,-1.6111209238951332,0.10824027058321213,0.22251786137811705,-0.9440646051022809,0.27245948102488765,-0.552547883585057,0.7779662285967054,-0.19486819618351472
0.12256758021225224,0.2916956402707344,-0.6113947620252521,3.0941125695827627,-0.3205899399726545,0.29500868398104146,-0.6028530400797638,-0.106020027710064,0.4270677386304984,-0.49489093455771976
-0.06637318901589365,0.3919710889256904,-1.0958808487808125,0.42468271414577863,-0.03157500946381334,-1.2922376689016448,-0.026741302674846052,0.014224678346512106,0.3009272840389396,-0.0315313487841579
0.5762770658583547,0.055263317785258455,-1.4388840131979586,-0.4235518240956084,0.32194605378738794,-0.9747586065187682,0.02793601306515496,-0.548982107756288,0.542382958265917,-0.06616617225665924
0.7101095274490679,-0.2504065542186642,-1.3754059972726966,-0.22438415793307648,0.2880188000322462,-0.7298055949264415,-0.1035210716552815,-0.42158809901127065,0.41418122508171634,-0.06112549301310837
0.5511284241897877,-0.23462286704177412,-1.1626588798730286,0.4431445850563067,0.16503407739823614,0.028081476265866608,-0.044604857775677,-0.3425716427356951,-0.7340485428334895,-0.08523711422752987
0.4953458530567406,-0.053700026835523974,-1.2191733867834569,0.4282130280399592,0.1990209607314816,-0.039257700613898834,0.126302186212487,-0.5216742413225566,-0.6118990645596083,0.1901672781728899
0.373888950222215,-0.5353276674273748,-1.180432312112473,-0.0729934691072205,-0.08529657617436563,-0.7442024199213081,0.103370025157115,-0.3579346107085372,-0.025558418000609394,0.023407208391639636
0.4376195687010045,-0.290577568986629,-1.2040212593579005,0.5479386063896645,0.06008859696627725,0.18658111282335962,0.09055654266539158,-0.2668431975557725,-0.8725396589868981,0.056647194773679695
0.7865132639403808,-0.12136077319884761,-1.4785411605040835,-0.2382548336050929,0.22078136340548404,-0.38111882054355767,-0.0431363823174574,-0.37504692792163813,0.16836355516834,0.21715567709318093
0.372924711398628,0.07173404023111958,-1.5857680954315652,-0.810833626798277,-0.19693285379641637,-1.0545144212243163,-0.18107993077504558,-0.22845161269726677,0.43284184389577807,0.3141407941522194
0.7884386908613923,-0.3720146372015686,-1.4057865011553634,0.5808924412989743,0.028129854258440563,0.19210438516989994,-0.9774091372796598,0.18926172027546506,-0.09262113248339503,-0.1557320824804357
0.55292505249028,-0.1634798707832094,-1.0190630873560005,2.2122063685529194,-0.20779223972336539,0.9555041060969386,-1.256546398413648,0.5235288022181698,-0.08972013760311695,-0.24935838927832402
0.10984677155350266,0.28877632247701956,-1.3158614074752792,0.11940099620280815,-0.3408019812882682,-0.697925411448088,-0.3862216410856771,0.00019829610536951697,0.9701534511620035,0.0702278322144421
0.630222218918264,-0.20221652803178314,-1.4035685535058964,-0.04581441159934544,0.12337816701789121,-0.44343318215550126,-0.6553300646378334,-0.10238810777991694,0.7002001708973069,-0.16954968624416564
0.044750969289662705,-0.12424957804867495,-0.07737512469635462,4.41825655676947,-0.40706962226126475,1.7847622070212108,-1.2173645489092184,0.34118624405139747,-0.18483666022829623,-0.18456326076183371
0.6033904618406587,-0.280907874107982,-1.1947527141845489,-0.24111411851886952,0.32891203356794485,-0.9826432649261617,-0.00027142076614516573,-0.4533007499053338,1.6518419450509636,-0.004169079328234989
0.6445513515142804,-0.3126399455035253,-1.2686459537963184,-0.10986916815643599,0.1222547611053863,-0.7958162113364323,-0.16279735441304283,-0.29639281050430727,1.4090860577681523,0.0676978739726763
0.5418962838876095,-0.14384327329625254,-1.0682600697107458,1.2927088464726815,0.011082350427007007,0.3843861525086883,-0.5467912154427705,-0.010242047886364977,0.3065171211039349,0.005125742418182115
0.5697643780063487,-0.5525556018725483,-0.6751982377294767,1.5159709408921447,0.10331166579167027,0.4233075081222278,-0.3109748301779193,-0.38273908669899004,-0.1260143028853597,0.5688154887605513
0.45434866799083495,-0.3422573691721848,-0.5529073712301452,1.7843989514916998,0.34167616509293,0.16322578286877357,0.944950864759769,-0.9776157339223149,0.5125831449919183,0.6155679242367202
0.38246181272540414,-0.27592808713053696,-0.9054959063141593,0.9271252566672306,0.07382118107125316,-0.3746885075860953,0.5711950328895724,-0.6049102906819028,0.6588497758989896,0.09202260813647208
0.5665969842784409,-1.3317494198017017,-1.0161560243544197,-0.7267803064232268,-0.19075166120747192,-0.858552678749582,0.14961096046481942,-0.43011128639519375,-0.45529160603191765,0.39955127756184644
1.1117984917752946,-0.7253370917587049,-1.1279933420021957,0.707367665562252,0.5130214833771072,0.4731321203177557,0.3304538602435669,-0.3360587875350691,0.08255572395901155,0.36713886476250385
0.7358150282904926,-0.4848303885228166,-1.6028158807313042,-0.9336678947125902,-0.1486695027089791,-0.867682639000211,0.06604403685891794,-0.11086176858613929,0.8483997607035668,0.21907162935271327
1.0915147987749896,-0.823281894428911,-1.529977957892695,-0.11925458151492019,0.11123178898335728,0.28694043980595385,-0.510315093198553,0.219647533861276,-0.2966763653951653,-0.025221725839901343
0.5263089044664292,-1.1477162928380975,-1.0051947201496412,0.9391324795676702,-0.578485030423359,0.49846578296660105,-0.7167138135144285,0.48603250887608573,-0.8531226938820943,-0.018762413389896274
0.7796920284386524,-0.7057102711340055,-1.3259605777070143,-0.12628002794443516,0.13298934595674577,-0.01711846180583163,0.26626083049261684,-0.1866054579442966,0.24886435812076,0.3574766144016803
0.7938269819293315,-0.7704628558805827,-1.2629756456806174,0.6713410464935659,-0.0029212103353586055,0.4810134479794095,-0.40828730716497275,0.1552666169834184,-0.053701650529575096,0.03866278988943989
0.6006810764603698,0.09019944027380854,-1.5603180948101765,0.45251041059954644,0.017906578077197803,0.07257087795497345,-0.16140864036374258,0.014865496481667542,0.6120584508038137,-0.29679600160759234
0.8870382370614973,-0.9469583317862091,-1.2323804102186635,-0.04848505580403443,0.17182775713345574,-0.31416936643630083,-0.19710912797529254,-0.33661479762091717,0.49344752793610885,-0.023353477937098938
1.1453235649074827,-1.0224285018054082,-1.6455287478169465,-1.0176714231597277,0.14519133636197692,-0.7297933899267363,-0.11512628854771298,-0.026425819293261113,1.0578269117825618,-0.2968739539233029
1.0503693928402462,-0.7983872327587567,-1.5531244222003147,0.1229723927665165,-0.037210782594336474,0.2399450120143323,-0.5033697156219044,0.31734194127485627,0.09352504595637655,-0.38653209809376265
1.0136519976006026,-0.7414283577137678,-1.3930289466615586,0.6634481417752862,-0.03718095250658155,0.49449032418744454,-0.42433307129157927,0.06433242474609784,-0.4662524492129736,-0.13808280494517416
0.9180834768218069,-0.4862946128958673,-1.4619803527448458,0.49316210446049813,0.014286322673533403,0.06999016067383655,0.019598689586313917,-0.11942047650565826,0.277805867936472,0.21112237937348619
0.7033464173495009,-0.3979093306153456,-1.0814221705380498,1.8832009810983603,-0.1333692969502619,0.8254152661130975,-0.3502966061966526,-0.010972198899635422,-0.351004403460893,0.08340620832837671
1.070850018958826,-0.11884962615464083,-1.5073972006164558,-0.6831129388805117,0.012604853281857495,-0.6609267823356593,0.25290895912309924,-0.3256781780006706,0.5541225100554681,0.370255637465873
0.4432083363652123,-0.06317098168833578,-0.9059684407190235,1.2398421966507156,-0.6800035999870645,-0.005976450416693575,-0.533181738206201,0.1056447136958231,-0.1356037855175191,0.19999830328609391
0.7899852717361605,0.09459789638416673,-1.0609995288082124,1.0127690516490242,-0.17660337549857782,-0.31610798206164314,-0.17590124476062924,-0.21612518156584334,1.4093305013079198,-0.10599264941278191
0.29962067444008994,-0.18962933046225944,-0.8388392215241153,0.8706139945356185,-0.7205216585792669,-0.5950145995336906,-0.3360436927343471,0.0018646095837211837,0.7895891950625855,-0.10367529568421383
0.6162671565117684,-0.40240002945721226,-0.5536455769027344,1.5290117673585548,-0.2590208685645314,0.07202384352429468,0.10346390638919377,-0.5508332990879733,0.4274294356571267,0.3499503864954748
0.7496876109577438,-0.3792603108161737,-0.6559595856689161,1.5496322252564825,-0.17611851247632251,0.09216605284390351,0.020117749610713526,-0.3697770475812802,0.7354214654441369,0.4085314323041234
0.7906606028915759,-0.2750147371225793,-1.2507341965544954,-0.017261219049126614,-0.16477879382872082,-0.2887418488549385,-0.011668069738324627,-0.11904648488664649,0.15305137936118873,0.19821744679244907
0.4117957998669512,-0.0031554711614695968,-0.7612212038124183,1.6348546840261031,-0.367238018441363,0.0473866521170074,0.07182922489576349,-0.12051571864836891,0.7026001963588371,-0.0648317447327913
0.6648480800229476,-0.38776362324324753,-1.0381691093826697,0.07103995033083607,-0.1277830923630134,-0.7215089665949086,0.43174935028037764,-0.6028355686419012,0.31574319108238563,0.23567450966589926
0.4609888131665855,-0.439967203358287,-1.57042335423571,-1.652488251740566,-0.4770115704398236,-1.4232985958007767,0.28414141794445613,-0.05544112871480275,0.06380427242659518,-0.2052309005457678
0.6960752866875627,-0.48158026289910894,-0.9490739782577461,1.3381703747219063,-0.2631884465359233,0.6815708231159401,-0.35857272692777653,0.11366144950868111,-1.0891114960760497,-0.18233885312026238
0.2162854260340356,-0.35400190322124714,-0.290979936722669,2.6176782090853976,-0.384530526878411,0.565770392877885,0.38573526810366576,-0.44486082399777016,-0.5744060661830137,0.18191270834617154
0.2121757382592572,-0.21685225168668237,-0.8302709449663497,0.7241006405717487,-0.38042185321870936,-0.5708098108741039,0.674043054286127,-0.4881638319753481,0.21993107210272375,0.15117089066880762
0.40705388739993165,-0.6288057999547285,-0.8403371939803561,0.6483119312030204,-0.35795049924945277,-0.5010791198584765,0.3677201916626947,-0.33582222072253554,0.13731003052240875,0.0822530493215529
0.15648163415593339,-0.6488909951690635,-0.6967485528913475,0.9639686269864325,-0.5933850457572196,-0.28116468020742835,0.25613667365320747,0.017746906995452935,-0.11755969906227642,0.07982275729369485
0.3059487204891464,-0.44672291208180326,-0.655806333294345,1.3434493982300495,-0.30520506092797295,-0.23265027441017916,0.5252287277525582,-0.3315734956204537,0.7317150379055515,0.1003386715788938
0.12930237538800857,-0.28043973899918473,-0.4948965007639753,2.0144902267662084,-0.5692464411839947,-0.7065875808208866,0.5837823468520615,-0.3980049217395029,1.9716036779484942,0.1784036341959999
0.2861691636190423,-0.5318058687845072,-0.9911974238380646,0.20673985515192778,-0.4530089226997013,-0.7919004669024161,0.45020536654273685,-0.21850829188605153,0.46897973077982574,0.2679174650191818
0.33267674376467854,-0.7457262125976327,-0.46130426915282996,1.4322968176048783,-0.2296334404403363,0.18301026423372846,0.8531495349868438,-0.7366066421795454,-0.5621662989678958,0.7440272678450354
0.4546146983907845,-0.7440293399015074,-0.7998956996572897,0.39356981388499074,-0.17771010270187787,-0.43976225110314576,1.002660643782076,-0.684839435616188,-0.039645514110898714,0.6492241391420146
0.5325392622837599,-0.7924500180172099,-0.6676634459905733,1.6082798567372432,-0.38362865662736034,0.338078363841373,0.31108562651660404,-0.22526273639476035,-0.39590061186866743,0.40316919226446757
0.9425568690083371,-0.44130802872729813,-1.5114546264288269,-0.8529848298932182,-0.03021518983200293,-0.6938087929380578,0.7044623476526372,-0.4179494766702572,0.3050630347671861,0.5845803221119363
0.8853790551322549,-0.5417480603514124,-1.4051755043504845,-0.1489356521257205,-0.17145644688224215,-0.051765994489830845,0.15296589269533234,-0.0751776370086891,-0.5650401825977296,0.35042177946423797
1.1383481596857552,-0.3259850305139394,-1.89632123078109,-1.6787821228418178,0.0981764366316789,-0.7809241556181603,0.3723779272233834,-0.2076419499892276,0.1101509456412565,0.24395427257945623
1.0717220404108658,-0.4825382214845928,-1.5647474046076748,-0.28974186087845966,-0.0865410338417596,0.022455515087432067,-0.16770807418535877,-0.037967315252686186,-0.791644977521686,0.2644656032449574
0.6845105820870387,-0.37998461479786083,-0.6284970101125361,2.5436427197687177,-0.32592668715718087,1.356500424368121,-0.26226099005878917,-0.1722728163287914,-1.5334867599980961,0.6718578370438008
0.8469430540450994,-0.018253014573081722,-1.1555612750231177,0.5902938405718248,-0.11304692104997031,-0.15121310647931674,0.22559004465729535,-0.5134387888959725,0.3945340412374042,0.7374416576038882
1.060445017588446,-0.4045427808440677,-1.4588712125415306,-0.5748538346965857,-0.03758367143808557,-0.44422420841343646,0.05356721921679499,-0.43503451952974287,-0.1755602647004917,0.5401178656694386
1.1260852583595014,-0.781516277140177,-1.2676317825566936,-0.1735832738500342,-0.12302506623889113,-0.30958687543676666,0.028848951332845634,-0.22671339915406732,0.09116327383445186,0.32466924134491926
1.2507759428880152,-0.4869621117004056,-1.7534274638223928,-1.0625328122394038,-0.0786051846288479,-0.40361454043487827,-0.07578397731870468,0.06524558342460607,0.07455014596429352,0.16909470867891566
1.1343052772453566,-0.480193212781701,-1.5822003210531168,-0.5959954107259912,-0.10016843126889328,-0.41687177012211957,0.04374691337320583,-0.028754586665555235,0.374881909885991,0.09058745228680526
1.1647180551867082,-0.5107145346090564,-1.488594802500491,0.2644577773092818,-0.19945678460551208,0.24851893951553344,-0.40953540434855706,0.23845238069157887,-0.2797478067490261,-0.07124351694786057
1.1172882799115664,-0.8798403239004632,-0.9437819284766117,1.7958011806603889,-0.3601970809380815,1.2626853456883365,-0.817550080890315,0.34986127462152244,-1.3677064636535745,0.08463456801833237
0.9938273522243156,-0.36494749079303623,-1.4744407626073395,-0.3028445322975712,-0.23531980581593853,-0.45349609472171437,0.20490973755750008,-0.13465376500443849,0.2860374825864944,0.33308854888715556
1.0572226935117526,-0.7049839324442565,-1.1145634301787815,0.8673069964775356,-0.28803365068239584,0.05187634811321933,-0.28104874505661553,0.0241409309890287,0.10733767036666246,0.15079007249576287
0.8067401218818983,-0.701841930183579,-0.9159321312112453,1.4658287689278848,-0.6200212084860879,0.01333152009886297,-0.3262829932311968,0.21428812828433483,0.6030746269853455,-0.018996656490684775
0.9334314638791392,-0.5070773483396681,-1.2609370204718204,0.41319944073247633,-0.39925475037417124,-0.5983703484931177,0.12932549399948057,0.009834309655047776,1.4300857415777386,0.04133712784620997
1.20031713788945,-0.6108081349157979,-1.655318079180984,-0.7991574964968322,-0.18227971068314078,-0.8907903315917131,0.09635113086283194,0.020383398256204822,1.199541279509035,-0.0782604241385858
1.1450307026888604,-0.3858808431443452,-1.6333009587779665,0.02084614590533883,-0.20529332642181872,-0.007593595989290952,-0.2515976311819308,0.20431883332390352,0.10046268211606048,0.031419095851962224
0.9466299652018313,-1.007804971073962,-0.4757842678719857,3.0113756778472496,-0.5198397257854269,1.54220206929466,-0.6879110050724253,0.0477635912524109,-1.4859556093534787,0.4003762959852016
1.1071606593035137,-0.9385977193657996,-1.0829072707903806,0.633024942715485,-0.3413361404140041,-0.32670442552257,0.18174881060552994,-0.14609298460736303,0.6904519348436075,0.278682390136568
1.3167121036711604,-0.6742093800404164,-1.6247509383107837,-0.2949846827025529,-0.23449445634223537,-0.32947692336671636,-0.02937687440441677,0.08803556151781448,0.3940097869788218,0.11872338754586907
1.3357159673890873,-0.6695718833862062,-1.5126994449208673,0.32819563698559323,-0.2351984930364057,0.14869252914676775,-0.18545255766065188,0.10630516914457594,-0.24251563327858944,0.07457521644135133
1.4177445912759488,-1.034865689157901,-1.3811394345035968,0.412812870157415,-0.3352199475782758,-0.21479980920418462,-0.1243579719014769,0.05402462281704124,0.4245734675511223,0.18065673686140182
1.3525106904101103,-0.6109201330029344,-1.5278387675359166,0.5369182631772663,-0.44053590247542945,-0.4621261396796322,-0.0718610452106247,0.2830670223583666,1.506986169068087,-0.049300484816842606
1.360307671136347,-0.8749092973858441,-1.2901258049548552,1.17015921988153,-0.4765112508772553,-0.10244186202744145,-0.3682449892868986,0.39816541074199735,1.0665934177361498,-0.13747652818735595
1.5350258244473347,-1.0705304232534183,-1.4472780543367165,0.08926050739945086,-0.2812313492026838,-0.16941403994456317,-0.03084743903314537,0.0868420517280062,-0.202102987348381,0.08872857162949302
1.5249117421884548,-0.7761099677806942,-1.7571464595493556,-0.5193773673980973,-0.27366502402958365,-0.4973352260304882,0.3211584111468095,0.012841268246160541,0.0959321219379559,0.24026659835717903
1.4785307041515217,-0.951130550100247,-1.287875355944293,1.4252590504085842,-0.5439022182015412,0.543322205647385,-0.4866294975080472,0.41397766336564,-0.25534014186905074,0.051989935320892945
1.7797316469909628,-0.7793660858014974,-0.6899728647879272,1.3201059421460837,-0.9502030778948324,0.12883519705315905,0.05861981722685542,0.12327434654932333,0.1791579603048998,0.7129527132871792
1.7884132300116342,-0.6342192942736637,-1.0219301139437529,0.4371536882421851,-1.0265921214118754,-0.395591020720946,0.04803055227015591,0.23743202510928083,0.6105483128361281,0.6271901674063785
1.993345783416532,-0.7086732734065772,-1.083011465551252,-0.41453342618201805,-0.7278075688031593,-0.7923140856856751,0.4955057375509485,-0.09067533601521877,0.8427664937587267,0.7658971557143706
1.9772730726439975,-0.8192337620943565,-0.4420491583190955,1.6811454028900674,-0.9742440472676747,0.5376060956471888,-0.2452994922256378,0.33126033215091033,-0.03410445835294545,0.5335823076394575
1.416022599776341,-0.716233347661236,0.8131881674532342,4.605332356365145,-1.2957960857393147,0.9881607139209164,0.41004919144433016,-0.3437912261443121,0.9251770536268394,1.1887423446541225
1.5074289379498185,-0.6709909651277516,1.0641942374131557,4.361313653892781,-1.1667819519432083,-0.05224663971471346,0.8645003688266343,-0.6585077560264275,2.976514674963009,1.1323677070610325
4.786713281770211,-1.6102061497411095,8.841655725084644,1.959675721572576,0.8584566750145417,-1.4444894271687925,-0.552856086152523,-0.2664845260045743,1.7486157969723566,-2.314353668107284
6.767077373338066,2.977728088934253,8.865900439171538,2.6997320811949836,12.006947606143697,-3.7630528987760115,3.630503373441872,9.503942228021064,0.9013390529975687,0.6313615675544357
8.787020689878865,2.1659238169800883,4.603024222528356,-1.2923731148782813,3.7271727553708507,1.8603877297076674,2.821644446437475,-2.1090762761682056,1.8163053481102527,-0.8447116765530209
9.149313441733872,2.652818276808203,3.8960731845871948,-1.2674813280794437,2.9681453240332942,1.6275621648498502,1.9703798374147805,-1.9661259245661418,1.1801712016642765,-0.9595295907113268
8.133238877193307,2.777985548626424,3.8553416612938043,-1.4731520010595154,1.003957048393542,0.6453717119942491,0.9172478239110188,-1.2349332210008341,-0.49294825064113207,-1.1693836307851357
6.524230507214001,1.605218792022164,3.549439645584217,-0.6633359038321001,-0.925545626027787,0.042074864954590264,0.06049696595134015,-0.30756290919498724,-1.5822910117568687,-0.6636276755204438
6.439131163642033,1.648494375463913,2.4985655634528987,-1.6151856274904786,-1.049431686061497,-0.23633593135190276,0.1607235065422522,0.0315008699881871,-0.971746300794261,-0.4288268552696433
8.853965696573347,2.97525296014268,1.0242004726649414,-1.0900452149829338,1.5250299787840726,1.9493091051253923,0.1722838084709897,-1.5686198526450144,-1.3985139125294326,-1.473810066517501
6.233078502012492,2.37149731615322,1.820986860110507,-1.1980703807013697,-1.4298840589374073,0.1313567160120839,-0.41844405558572834,0.1365371298401597,-1.621483619592376,-1.1890010005372247
5.730412072646065,1.9317798038539218,2.4097694970289467,-1.4982279153622515,-1.3233706536093783,-0.3551535828323788,-0.33296614651300704,0.10766555533815798,-0.7702555592549225,-0.9842604846895053
6.882623535976147,1.755772116666477,2.0539990707730142,-2.4209667756945823,0.392981979505911,0.19548678816264128,0.5715033131174175,-0.7361282829180422,0.25268090367560925,-0.5153431251846463
5.118606550315571,1.7139584123531002,2.559110721319897,-0.9657649548811013,-1.6964206442023084,0.15933197064565277,-0.43868851663437713,0.5827349896157714,-0.85500322708549,-0.6907627328083101
4.872624010268498,1.6404046651704347,3.114991826730968,0.6510422244461744,-1.833279654708265,0.6637184989790942,-0.5237721912580361,0.21977972257883113,-1.050468685441428,-0.34745692873775474
4.945838200966918,1.6631519989454226,2.7773244782988202,-0.8231766449799074,-1.6735148407685378,-0.44300063996122785,0.07221450379953666,-0.07339780738373324,0.1379492431297232,-0.27992824729420346
4.647010710724532,1.5107271960943136,2.7221493779422326,-1.1524089328797118,-1.7308117964769596,-0.29844882170593356,-0.44297485336876163,0.2980498393718149,-0.10018091454017043,-0.4868766187091536
4.516751694110105,1.3777173456432659,3.193570598306955,0.247961388327075,-1.9222819103065816,0.4239646254536079,-0.6749731240323923,0.5466043014405062,-0.41453088888509365,-0.4553195091571605
5.8131062397219,1.5608106789423626,3.0341270713656363,-0.056376000655926004,-0.45809896945840983,0.6707424466392629,0.27930633724968357,-0.4955475503540335,0.7834177993910789,-0.24823587621913515
4.654898436961566,1.8003777678903274,2.6542519483348457,-2.003644563910526,-1.7643834994352265,-1.1386793704747054,0.14514581971240473,0.18396850919680874,1.2032712254579898,-0.5066104416718953
4.616245716188562,1.736540557861341,2.5412173056826215,-1.5337127875941388,-1.8575330383807542,-0.35472007818508255,-0.3109226007667538,0.41609401454069744,-0.10425369417501366,-0.27950457123770595
4.306888159175346,1.51084377245914,3.152508462797626,1.578033271674504,-2.2562627204800574,1.5836353048944982,-1.2751664727002652,0.8920994366009976,-1.6498295608332174,-0.23554549015248652
4.247365342918487,1.5538129620774797,2.7007187197638123,-0.2967636588312419,-2.04586431506916,-0.3099246361542733,-0.22423920569077338,0.14467483899440078,0.5043341075538591,0.06250942671774691
4.173730530512078,1.4407889456395924,2.8309242214576265,0.3187614171870535,-2.0645635951103563,-0.13014010587032446,-0.42462113657273876,0.2990812841071717,0.43646513073603804,0.07930284243878179
4.334119534593805,1.5461557181215995,2.098142545428998,-1.5977868390278518,-1.8840341195314065,-0.6567338765764026,0.032147720983759634,0.038049547447818306,0.20852307396738992,0.41016346870168036
4.307503664500396,1.355463342607711,2.165558421076981,-1.8115957244406609,-1.8513582921314142,-0.46014325528038236,-0.41719473327019246,0.28739686045409996,-0.21304669172184942,0.20232005070577389
4.213192298304361,1.5460936394453004,1.945197386160036,-2.0766025469671034,-1.9576080976072268,-0.7363025648961604,-0.2008489850858992,0.3953543637507352,0.4343893163058168,0.14563858048323355
4.282607153434827,1.3657348269444078,2.1913137609155378,-1.3344764009913295,-2.0337710559789133,-0.17877238162126116,-0.7015046376146026,0.57606782969187,-0.06539310489756357,0.10397296518317857
4.117357238546526,1.1668587515085571,2.6976705534518515,0.3973373867582204,-2.1890672682582113,1.1564352879714035,-1.1103761914123456,0.8101354442481629,-1.7226669581695222,0.30722109139215853
4.213321258041617,1.3383088331162296,2.5092209320411234,0.06603338338675914,-1.9557326795248942,0.5636743844444314,-0.597703588299744,0.49425487400602824,-0.41079268634900445,0.4427698431208548
4.29237169540571,1.3016127863493643,2.1029648092234208,-1.9709214600223044,-1.8919968967702223,-0.693021339079233,-0.3118119032029199,0.31059443756591043,0.06947345506963086,0.3296453125838403
4.290774270854035,1.4321144882530812,1.9925931837771909,-1.87409554558988,-1.9983285975254197,-0.5567465501169122,-0.4630877375801141,0.5377529325990006,0.2273230821382277,0.3763826634379754
3.629797570625479,2.4012853297486796,1.2394778795334704,-0.1507573472240939,-2.1659043232872635,-0.4945572068888025,-1.1508218921172524,0.48158364060554787,-0.7016050339847533,2.21381923956071
3.749228032801246,1.713015681328413,1.8306114404548712,0.008360882284619951,-1.876429009916273,-0.6547977011525269,-0.7405668325120627,0.4900793677699376,0.8770086940884965,0.9327585661030695
3.4088385430803347,1.5565391401059447,2.365492913406828,1.2095121557112667,-1.9362945528515771,0.0034688138151299677,-0.6673561453835442,0.6321244760950877,1.0554605642089996,0.4317303335105146
3.677880869333829,0.9640983311820676,4.158904449855418,3.56013328101736,-1.267298920701667,1.3472183891080456,-0.7860323367377531,0.45633574478852257,0.22898497555253053,0.17474933115211963
4.725146517414753,1.6068955163869327,2.613282943224111,-0.4094798966897126,-0.07159355778456666,0.3996954857215863,1.1215109587301664,-0.7978073210399889,1.3183891640354386,0.8035474284765358
4.998272773754982,1.6404075361501933,2.93536723598675,1.232777742393806,-0.09157117045974356,0.8368832735580111,0.32203008004647055,-0.5316765160073976,1.2663396575258938,0.5423581423013949
6.419225782264775,2.1281963551974123,2.7672622735014203,-1.1231424527188465,-0.29064374712338303,-0.008945567579011415,0.8244020215281098,-0.9125337997199732,1.4943177613414507,1.2145350788467915
6.657887642481252,2.2865295903334695,2.3593012201581347,-1.2472015609792306,-0.2679824144370909,0.5836104217602801,0.4866358424510695,-0.7085107952139182,0.1408833579215775,1.159133435656684
7.401281639748984,1.8966771824087099,3.1108015116737073,0.9469297293887778,-0.07153595232710261,1.7882201489705456,-0.27866123237970536,-0.5712226380364551,-0.3404675131807668,0.6678968555845194
5.991077090332733,2.4995424372390818,2.5211245899901917,-0.9273293711932556,-1.893546869328141,-0.27848546566665977,-0.021089127274596317,0.15782677114433544,-0.14216515133322488,0.864837419428278
6.177065784771027,2.506171273811461,2.5216493429908757,-1.089374793650745,-1.2989386415512707,0.07313762140818052,0.2869958466135417,-0.6020959845886659,-1.1117014558685827,1.212714685604625
6.415361550227031,2.340276068091553,2.3371577008043625,-1.011991432565669,-1.0570502837800255,0.389002665344522,0.2984416764825727,-0.5344733073829505,-0.7629448294279932,1.1193162513257675
6.652299499092384,2.270160431261413,2.0505691337159746,-1.5726426449105728,-0.8297262394404713,0.3193180238961086,0.13793895808641382,-0.5016677608739804,-0.8864418984464657,0.9621525139546422
5.3835331931442045,2.2734960911045206,2.0819469106629644,-1.0433392762309723,-2.1014727329957257,-0.32241041501957035,-0.20008061424564846,0.16850356764790858,-0.4934721650628771,0.9298839331858765
4.98019066437384,2.0742412383933275,2.2660790436275513,-0.21331927508770665,-2.2351846884888156,-0.10579917868342563,-0.41099542393612737,0.2105953020629091,-0.33982000448797395,1.0864841917272985
4.8365105586872605,2.2751255331614697,1.2870473482365556,-1.8734757637714554,-1.9247014466423986,-0.48916824047491037,-0.02481595471494502,-0.0787613518335724,-0.5308430879340769,1.3616321781760417
4.6286320305649955,1.804106013075915,1.5787540174080135,-1.240745047116635,-2.127340720522007,-0.24239435659369818,-0.5291364666375944,0.16770632530060603,-0.9688836465704163,1.3174933759249121
4.565610045220649,1.5582945065608982,2.23148224599616,-0.6728857130861062,-2.049687812693447,-0.2289817212105069,-0.2840978439535507,0.011603202100438774,-0.7275216479802868,1.3474761378939901
4.6526745510587055,1.4582484144599266,2.7910175141126405,-0.678010049096525,-1.9831550724714992,-0.18732415594534058,-0.06185391277351533,-0.043402589092593036,-0.3904093152463155,1.137736845064739
4.5265900477145085,1.6100479694864624,2.8259879690216367,-0.8157032313827881,-2.1075685138351914,-0.09529878440993436,-0.2149006885802288,0.46206668667094086,-0.23678311293281462,0.6124289188190953
